tenure_months,monthly_charges,total_charges,contract_type,support_calls,satisfaction_score,has_addon_services,churn
13.8,51.72,656.61,1,0,8.5,1,0
2.4,103.58,247.05,1,2,6.2,1,0
33.9,86.71,3213.18,0,4,9.7,0,0
52.5,102.87,5233.15,1,0,2.4,0,0
30.8,60.85,1834.91,0,1,4.5,0,1
35.5,35.04,1271.43,1,1,5.8,0,0
1.9,79.37,164.34,1,2,4.3,0,1
35.6,39.81,1509.48,1,1,8.1,0,0
67.9,83.4,5174.07,0,2,6.4,1,0
61.4,90.05,5923.09,2,4,1.7,1,0
52.8,48.0,2595.2,2,1,6.4,0,0
8.7,48.14,428.49,0,3,4.7,0,1
64.5,39.84,2645.64,0,2,7.4,0,0
61.9,30.8,1737.46,2,2,5.6,0,0
12.7,54.79,669.28,1,2,5.5,1,0
45.9,109.38,5231.26,1,2,8.9,0,0
2.5,116.91,280.86,2,3,1.8,0,1
9.3,94.9,901.51,0,3,4.8,1,1
23.5,56.52,1342.27,2,2,6.9,1,0
12.2,100.89,1345.54,2,1,8.9,1,0
54.9,51.8,2711.46,1,2,2.5,1,0
59.1,83.64,4679.11,0,2,3.8,1,0
25.5,76.19,1770.81,0,3,6.5,1,1
23.6,23.76,517.16,0,4,6.0,0,0
8.9,90.93,735.51,2,4,5.9,1,0
7.0,102.26,699.87,2,0,6.8,1,0
51.6,31.48,1499.2,1,3,4.5,1,0
43.6,107.15,4428.66,2,1,9.9,1,0
5.0,46.49,236.03,0,3,8.1,1,1
35.1,54.56,2075.28,1,2,8.1,0,0
29.5,23.31,752.49,1,1,8.9,0,0
61.2,31.04,1953.89,1,0,5.4,1,0
52.0,21.07,1165.71,2,3,6.5,0,0
43.7,80.12,3561.25,0,0,3.2,0,1
40.2,71.71,3157.03,1,4,6.3,1,0
68.4,21.6,1520.28,1,1,7.3,0,0
71.1,81.88,5503.99,1,4,8.1,0,0
25.0,41.84,1018.83,1,0,2.1,0,0
18.0,49.54,869.23,1,0,8.5,1,0
57.5,94.64,4999.55,1,0,1.8,0,0
5.5,93.84,534.39,0,0,2.8,1,1
26.9,54.58,1410.33,2,0,1.7,1,1
6.0,51.96,312.75,0,1,8.6,1,1
23.7,96.32,2103.22,2,0,9.2,0,0
6.0,35.35,216.21,2,2,3.4,1,0
21.6,118.01,2331.6,1,2,7.1,0,0
57.1,49.72,2983.7,2,2,4.0,1,0
65.3,62.36,4187.9,0,3,3.0,0,0
57.3,88.74,5259.86,1,3,6.6,1,0
40.9,112.03,4383.51,1,1,5.9,1,0
44.7,83.49,3385.53,1,0,7.9,0,0
26.7,70.37,1710.96,2,0,2.7,1,0
13.0,45.75,624.22,0,4,3.7,1,1
32.0,26.67,832.41,2,2,2.9,1,0
53.0,47.41,2453.19,2,3,5.3,1,0
5.5,113.11,587.4,2,4,4.3,1,1
2.5,119.66,316.64,2,2,2.2,0,1
55.7,78.94,4368.01,2,3,8.0,1,0
22.3,65.99,1584.81,2,3,7.1,0,0
50.8,105.69,5382.51,1,4,6.2,1,0
53.2,83.38,4778.22,1,0,9.6,1,0
67.2,70.97,4931.11,1,0,9.1,0,0
29.4,39.74,1068.9,2,3,3.3,0,1
26.4,55.94,1413.5,2,2,8.8,1,0
58.3,26.96,1438.79,1,2,2.5,1,0
55.3,85.08,4955.91,0,0,1.2,0,0
47.3,88.28,3925.59,0,3,4.9,1,0
58.6,28.84,1575.04,2,0,3.9,1,0
46.6,49.82,2289.96,0,2,1.1,0,1
69.0,82.08,5572.98,2,1,4.9,1,0
24.7,52.69,1247.95,2,0,5.3,0,0
53.4,68.65,3440.91,2,0,3.2,1,0
68.4,47.53,3324.03,0,1,6.6,0,0
24.7,91.38,2226.23,1,1,8.2,0,0
44.4,88.29,3995.68,0,2,1.3,0,1
27.0,76.75,1923.24,1,3,5.3,0,0
33.8,79.16,2529.82,0,2,2.2,0,1
6.3,98.46,651.2,0,1,7.5,1,0
2.4,75.32,172.33,1,2,5.0,0,1
54.9,64.5,3852.65,2,3,4.3,1,0
33.1,29.14,1005.21,0,1,4.0,1,0
45.2,27.95,1195.81,0,0,2.8,1,0
53.5,106.52,5774.5,0,1,4.2,1,0
30.7,51.87,1600.95,1,4,9.0,0,0
27.1,50.36,1310.56,2,2,2.5,0,0
13.0,27.92,377.5,0,3,3.5,0,1
57.4,20.77,1307.65,1,1,5.8,1,0
60.1,32.09,2048.78,0,0,4.7,0,0
53.1,60.65,3120.55,0,2,2.2,0,0
63.1,79.19,5102.49,0,4,5.0,1,1
47.0,62.36,2871.63,1,1,6.1,1,0
50.4,37.25,1871.91,1,2,7.6,0,0
14.7,62.69,921.93,2,5,8.5,0,0
55.5,73.11,4417.23,1,2,2.6,1,0
24.7,60.12,1511.93,2,5,3.4,1,1
32.1,100.6,3340.13,0,4,4.2,0,1
23.6,77.54,1964.02,1,1,1.5,0,0
41.3,72.01,2817.38,1,3,4.8,1,0
47.8,101.21,4578.82,0,0,5.6,1,0
41.9,84.6,3715.57,0,3,4.5,0,0
23.6,95.04,2247.18,0,3,7.9,0,1
16.5,115.37,1732.73,0,0,8.8,1,0
61.0,63.77,4269.32,1,2,3.2,0,0
22.5,99.65,2049.09,2,2,1.5,1,1
32.1,34.18,1183.0,2,3,8.7,0,0
7.5,104.02,839.25,1,2,7.6,1,0
22.4,31.77,704.98,0,0,8.0,0,0
7.1,99.56,699.51,1,2,2.7,1,0
25.4,37.48,860.31,1,1,4.3,1,0
51.4,42.1,2202.23,2,1,3.5,1,0
70.2,46.02,3313.57,0,1,6.4,1,0
45.4,83.97,3785.41,0,3,6.1,1,0
20.1,100.85,2206.06,1,2,1.6,0,1
47.6,72.5,3142.55,2,1,1.4,1,0
45.5,58.73,2861.26,1,2,2.2,0,0
59.6,61.1,3681.63,1,6,3.3,0,0
38.9,41.14,1577.14,1,3,8.6,0,0
65.7,94.69,6825.58,2,0,1.6,0,0
30.5,96.15,2782.6,1,0,8.4,1,0
21.3,40.4,846.88,1,2,9.9,0,0
37.8,115.67,4803.53,2,0,3.1,0,0
66.5,105.4,6708.31,0,1,7.0,0,0
52.4,30.5,1449.52,2,2,9.3,1,0
36.1,88.22,3168.34,0,3,5.9,0,1
36.3,42.94,1471.69,2,2,6.1,1,0
47.1,27.7,1370.26,0,6,9.9,0,0
32.8,47.73,1570.88,2,4,3.8,0,0
40.1,23.18,849.72,0,2,4.0,1,0
70.0,101.78,6978.43,1,2,5.5,0,0
67.2,22.75,1470.58,0,2,6.9,1,0
60.7,42.49,2332.35,1,1,3.6,0,0
10.0,63.9,628.7,2,2,6.7,1,0
40.5,63.98,2810.0,0,2,5.6,1,0
27.0,24.55,715.33,0,1,8.6,1,0
65.7,101.02,6799.41,1,1,3.8,0,0
23.3,98.95,2086.48,2,8,2.8,0,1
67.1,69.1,4734.9,1,0,5.3,0,0
17.9,93.34,1675.79,1,1,5.2,1,0
30.8,22.09,624.35,0,0,9.0,0,0
69.2,103.6,7075.87,1,2,4.9,0,0
43.3,80.12,3561.43,2,3,1.9,0,0
67.2,106.8,7673.93,0,6,2.3,1,1
39.3,81.99,3395.06,0,1,6.8,1,0
17.2,33.63,574.15,2,1,4.0,1,0
51.6,108.23,5638.05,2,1,1.9,0,1
38.0,89.98,3267.42,1,1,1.8,0,1
36.9,112.1,4393.67,0,2,9.2,1,0
10.7,114.35,1136.81,1,2,4.1,0,1
11.3,82.4,993.91,0,2,6.2,1,0
67.0,115.06,8214.46,1,1,3.2,1,0
68.9,42.96,2802.35,1,2,1.9,1,0
69.6,27.09,1992.33,2,3,6.4,0,0
26.4,57.11,1604.9,2,1,1.7,1,0
4.3,32.01,131.24,0,2,5.2,0,0
40.3,112.16,4085.52,2,3,5.8,0,1
53.3,34.15,1826.19,1,0,1.1,1,0
47.0,110.13,5175.35,1,1,6.5,1,0
4.8,87.97,385.3,2,2,9.6,1,0
17.5,86.69,1569.55,1,1,8.1,0,0
51.1,107.33,5350.23,2,1,5.7,0,0
4.9,94.56,507.66,1,2,1.3,1,1
61.1,80.97,5228.16,1,2,7.1,1,0
71.2,27.15,1940.86,1,1,8.4,0,0
18.6,86.91,1641.0,1,2,6.2,0,0
4.8,70.8,309.38,1,2,5.3,1,0
70.6,39.75,2675.48,1,1,3.9,1,0
55.5,47.45,2778.74,2,0,6.4,0,0
33.2,107.57,3445.44,1,4,5.9,0,0
35.0,57.88,2068.02,2,1,6.1,1,0
66.0,90.66,5698.66,2,1,1.6,1,0
26.3,64.27,1819.09,2,3,2.7,1,0
4.8,22.09,104.76,2,1,9.2,0,0
44.6,30.81,1435.13,1,2,7.5,1,0
23.2,118.27,2519.84,1,3,1.6,0,1
49.4,86.53,4233.9,1,1,4.5,1,0
68.3,49.41,3618.24,2,0,7.9,1,0
26.6,26.17,689.67,2,3,2.0,1,0
18.5,38.84,760.54,2,2,7.4,1,0
4.8,44.49,223.02,0,2,9.9,1,0
60.0,53.76,3224.83,0,4,3.1,0,0
6.6,113.28,765.97,0,0,4.0,0,1
68.6,31.3,1946.83,1,1,5.6,1,0
51.1,77.64,3717.44,1,0,8.6,1,0
65.7,54.37,3403.76,2,9,7.4,0,0
58.8,53.61,3209.94,2,1,2.0,0,0
14.5,89.83,1381.95,0,3,7.9,0,1
13.5,22.11,289.06,0,2,9.4,1,0
69.3,54.11,3494.56,0,2,5.4,1,0
21.7,61.25,1431.38,1,2,6.6,0,0
57.1,43.57,2502.93,0,2,6.8,1,0
13.1,24.06,331.25,2,3,9.5,0,0
22.2,66.46,1576.75,2,4,6.1,1,0
48.8,36.13,1804.17,2,2,5.7,0,0
18.6,118.92,2189.89,2,2,2.7,0,1
54.4,37.41,1852.0,0,0,4.1,1,0
63.4,83.32,5040.93,1,2,2.1,1,0
23.7,72.77,1778.71,2,1,2.9,0,1
22.2,87.1,1760.73,2,4,6.4,1,0
3.0,55.0,178.67,2,2,6.5,0,0
31.0,104.31,3060.42,2,1,1.4,1,0
5.6,87.75,527.47,0,3,3.6,1,1
41.8,80.15,3302.11,2,5,1.7,1,1
49.8,76.72,4202.54,1,3,9.8,1,0
41.3,27.11,1188.3,2,2,6.6,1,0
43.9,84.2,3993.71,1,1,9.5,1,0
43.6,104.84,4722.23,1,2,1.8,1,0
65.1,93.48,5512.09,1,2,6.1,0,0
38.7,22.43,845.67,1,3,8.9,0,0
62.2,50.81,3424.99,1,4,8.4,0,0
26.0,35.65,958.57,2,3,2.2,1,0
11.0,91.97,1061.36,0,1,2.7,0,1
16.8,109.08,1924.23,0,1,3.5,1,0
57.3,89.03,4959.73,1,1,5.7,0,0
17.3,30.82,540.07,1,1,8.7,1,0
55.9,70.43,3625.09,2,1,2.8,0,0
65.1,55.6,3846.43,1,1,3.6,0,0
39.7,92.41,3990.67,2,2,8.2,1,0
11.2,93.03,1070.5,1,4,3.1,0,1
45.3,92.89,4056.48,2,2,6.1,0,0
27.9,29.0,862.33,0,2,8.5,0,0
65.5,98.34,6253.95,2,1,3.4,0,0
16.9,22.7,373.91,1,2,6.9,0,0
17.6,45.11,763.55,1,1,7.6,1,0
35.2,112.44,3874.11,2,4,1.1,1,1
36.0,48.5,1623.85,1,2,4.9,0,0
14.3,57.82,896.33,2,3,2.8,1,0
27.6,101.53,3016.04,0,1,7.6,0,1
48.4,24.25,1163.78,0,4,7.5,1,0
34.4,43.51,1365.2,1,2,3.8,1,0
5.2,56.7,277.01,1,1,6.2,1,0
30.5,74.95,2196.52,2,4,3.6,0,0
30.5,60.11,1734.59,1,3,6.7,1,0
32.8,59.82,1848.1,2,1,3.3,1,0
2.7,49.95,129.98,2,1,9.4,0,0
20.5,113.35,2225.76,2,4,5.9,0,1
68.5,110.02,7834.8,1,3,3.9,0,0
63.7,54.99,3376.57,2,5,5.7,1,0
67.8,63.64,4628.17,1,4,5.3,1,0
54.9,50.8,2740.19,2,5,5.1,0,0
31.8,71.07,2135.6,0,2,5.2,0,0
67.6,59.62,4167.28,0,0,9.4,1,0
22.3,79.47,1946.28,0,0,4.4,0,1
43.1,108.25,5003.99,2,2,1.1,0,1
42.7,106.75,4143.87,1,1,1.6,1,0
32.3,56.22,1720.88,1,2,7.3,0,0
18.8,37.09,684.0,0,2,2.7,0,0
24.5,43.66,1151.39,0,2,2.0,1,1
46.6,31.18,1313.39,1,1,4.2,1,0
21.2,94.25,2082.72,0,1,6.0,0,1
25.6,88.36,2124.27,1,4,8.0,0,0
26.1,64.99,1675.97,1,0,8.7,1,0
24.1,78.94,1898.57,0,1,7.7,0,1
59.8,26.98,1687.9,2,1,9.6,0,0
39.8,25.05,1067.44,1,2,8.5,0,0
2.3,41.97,98.02,2,3,4.9,1,0
53.7,28.14,1511.83,0,1,5.9,0,0
36.7,88.39,3248.3,0,0,3.0,1,1
56.3,97.53,5271.07,1,1,2.5,1,0
36.1,37.74,1321.95,0,2,1.9,0,1
23.1,63.45,1479.11,2,3,2.1,0,1
60.6,103.97,6034.78,0,2,6.1,0,0
13.3,119.77,1714.05,0,1,2.7,1,1
20.8,73.23,1566.22,1,3,7.6,0,0
35.4,76.24,2630.55,0,2,5.4,0,0
62.1,78.5,4586.06,2,3,7.8,1,0
9.2,60.88,577.03,1,1,2.8,1,0
25.0,92.68,2517.44,2,1,9.1,1,0
38.8,109.06,3977.27,0,2,3.1,0,1
49.2,50.15,2318.7,2,2,7.6,1,0
8.5,102.79,867.3,0,0,5.7,0,1
54.6,108.06,6232.65,2,3,8.9,1,0
40.5,67.87,3025.91,2,3,2.2,0,1
37.7,111.3,4165.95,1,1,7.3,0,0
28.0,102.75,2919.27,1,1,9.5,1,0
23.3,51.54,1278.83,2,1,4.9,0,0
64.2,54.59,3798.41,0,1,7.2,0,0
71.6,79.69,5187.9,0,3,2.0,1,0
13.4,50.77,704.09,1,2,1.9,0,1
16.0,59.12,957.21,1,1,8.4,1,0
48.4,33.75,1724.02,1,3,9.4,0,0
55.3,104.8,6238.39,2,4,1.3,1,0
59.4,45.06,2765.8,2,0,7.7,1,0
22.5,21.46,521.35,2,0,3.3,1,0
15.8,87.1,1367.94,2,2,2.0,0,1
6.2,41.51,258.36,0,1,5.3,1,1
27.7,119.74,3352.28,1,3,9.7,1,0
40.9,26.4,1083.1,0,2,5.7,1,0
63.0,107.31,6568.08,1,3,5.6,0,0
3.3,33.37,114.99,1,4,9.2,1,0
7.4,88.85,701.38,2,0,9.6,1,0
47.4,107.77,5111.24,2,5,9.6,1,0
48.7,104.71,5408.15,2,2,2.1,0,1
9.8,78.57,740.25,1,1,5.4,1,0
7.8,96.52,786.76,2,3,8.9,0,1
3.0,36.52,105.78,1,3,9.7,1,0
47.1,101.9,4695.23,2,8,6.9,1,0
20.9,41.54,947.87,1,0,4.6,0,0
18.1,31.11,519.21,0,1,9.7,0,0
48.2,20.94,1061.41,0,5,6.8,0,0
9.6,94.14,962.16,1,0,5.5,0,0
39.1,117.13,4620.86,2,3,9.8,1,0
7.5,75.04,589.63,1,2,5.6,1,0
5.7,49.03,260.87,2,3,8.6,0,0
48.5,111.8,5735.14,1,1,9.7,1,0
57.2,113.16,6565.16,2,2,5.2,0,0
33.8,64.08,2291.14,0,2,4.3,0,1
29.6,30.59,941.49,1,3,2.5,0,1
50.8,31.57,1613.21,0,2,4.5,0,1
6.4,86.33,563.47,1,1,5.0,0,0
20.8,85.64,1664.54,1,3,5.7,1,0
65.3,36.27,2584.97,0,2,6.9,1,0
68.4,69.97,4869.16,2,1,6.4,1,0
3.7,105.23,427.71,2,1,6.6,0,0
1.2,104.22,114.55,2,0,1.9,0,1
55.5,115.46,5866.58,1,3,5.1,1,0
33.1,78.91,2466.19,0,5,9.1,1,0
55.1,83.14,4907.67,0,4,1.7,0,1
46.7,24.91,1208.22,1,0,5.3,1,0
32.8,115.04,3778.29,2,3,9.0,0,0
51.4,108.9,5276.22,1,0,7.3,1,0
43.9,73.56,3237.26,1,0,5.7,0,0
2.1,65.45,127.04,1,3,2.6,0,1
34.1,108.41,3773.43,0,2,8.2,0,0
63.6,116.15,7005.7,1,3,6.1,1,0
56.4,21.88,1295.85,0,1,2.8,0,0
47.5,78.36,3766.14,2,3,2.5,1,0
45.1,105.49,4673.59,0,0,2.9,0,0
59.0,113.39,6506.6,1,1,2.2,1,0
21.7,51.93,1062.84,2,3,7.6,1,0
29.0,112.11,2990.56,0,2,9.9,1,0
45.8,98.02,4418.73,1,1,5.5,0,0
59.3,46.49,2691.36,2,3,2.3,0,0
23.8,25.68,644.6,1,0,4.5,1,0
13.0,74.98,907.06,1,0,8.6,1,0
20.3,92.78,2014.14,1,2,2.3,0,1
32.2,105.09,3705.72,0,1,1.4,1,1
8.0,41.93,322.3,2,1,6.2,0,0
45.6,107.81,5354.94,0,1,4.1,1,0
64.7,50.79,3355.49,2,5,4.9,0,0
25.3,93.41,2429.4,1,1,9.2,1,0
68.9,90.13,6393.72,0,2,4.6,0,0
30.8,81.18,2713.6,2,3,4.3,0,1
39.0,46.97,1654.57,2,0,7.9,1,0
70.3,116.19,8864.38,0,0,2.5,1,0
51.4,80.12,4187.67,1,2,3.5,0,0
36.9,31.24,1247.97,0,1,4.2,1,0
54.6,70.46,3776.24,2,1,2.3,1,0
34.6,47.79,1694.89,0,2,9.0,1,0
52.2,60.64,3016.64,1,1,3.5,1,0
16.8,58.03,890.27,0,0,5.9,1,0
6.5,29.33,174.1,2,1,5.4,1,0
43.5,20.54,923.0,2,1,1.6,1,0
38.2,106.21,4031.37,2,1,2.3,1,0
33.7,76.69,2471.7,2,5,6.0,1,0
9.3,51.31,470.9,0,2,6.5,0,0
67.4,112.38,7952.98,1,1,3.1,1,0
8.9,95.29,904.09,0,0,3.9,0,1
69.7,116.29,8531.18,1,4,4.2,1,0
23.6,70.75,1566.36,0,0,4.4,0,0
21.0,27.28,522.02,1,3,2.3,1,1
67.7,73.49,4543.78,0,0,9.4,0,0
69.2,75.94,5453.61,1,1,3.0,1,0
50.7,56.85,3046.23,0,2,10.0,0,0
68.8,45.48,3118.77,1,3,7.6,1,0
13.4,39.97,559.89,1,6,8.8,0,0
61.8,117.95,7897.79,2,6,6.6,0,0
44.9,79.78,3797.7,0,3,2.2,1,1
22.0,44.52,902.48,2,3,9.6,1,0
43.3,43.85,1956.91,1,3,3.2,0,1
8.8,64.97,586.8,1,0,6.4,1,0
57.2,26.35,1609.45,2,2,2.7,0,0
46.6,53.75,2671.98,0,2,4.1,1,0
8.6,105.87,932.67,0,0,8.9,1,0
16.6,20.62,350.12,1,2,7.8,1,0
21.7,58.36,1191.2,1,2,7.2,0,0
34.6,35.83,1307.41,0,2,1.4,1,1
17.4,45.56,870.52,0,2,7.4,0,0
22.1,92.31,1999.56,0,4,5.6,1,1
40.2,42.31,1683.97,0,1,9.2,1,0
11.4,62.88,707.14,1,4,8.6,1,0
54.5,98.52,4965.24,2,1,8.0,0,0
33.0,61.16,2167.83,1,2,2.0,0,0
29.9,37.43,1218.52,1,3,8.0,0,0
41.7,94.44,3791.72,0,2,7.5,0,0
12.2,97.49,1091.8,1,0,2.3,1,1
64.3,56.67,3530.5,0,5,5.2,1,0
9.2,21.3,175.95,0,2,3.1,0,1
39.8,51.61,2018.82,0,2,1.3,0,1
69.5,24.89,1714.9,0,3,1.2,0,1
10.9,58.34,682.97,0,2,9.3,0,0
50.6,35.39,1696.8,2,1,1.8,0,0
70.2,113.31,7668.41,2,2,5.8,0,0
71.7,105.48,7210.52,0,1,2.9,1,0
25.7,109.06,2997.06,1,3,5.3,1,0
45.4,58.97,2484.43,0,1,5.4,0,0
67.9,102.5,7475.6,0,2,3.8,0,0
45.3,92.12,4401.17,2,1,5.4,0,0
63.0,34.25,2320.94,0,1,2.3,0,0
50.5,60.5,3095.17,1,1,2.8,0,0
3.6,39.52,157.12,1,1,3.8,1,0
25.5,80.69,1930.09,0,0,1.3,0,1
64.5,28.23,1862.71,2,1,6.1,1,0
34.3,33.38,1032.08,2,1,4.3,0,0
31.8,110.83,3787.26,1,2,9.5,1,0
22.6,90.2,1926.29,0,1,2.5,0,1
12.3,69.35,915.27,0,1,7.6,0,0
48.5,75.28,3627.73,1,2,9.5,1,0
29.1,112.91,2976.8,0,1,5.3,1,0
63.6,60.07,3919.87,1,4,4.1,0,0
4.1,113.69,419.34,1,3,1.5,0,1
63.1,108.74,7054.66,1,2,4.1,1,0
7.6,89.6,671.92,1,3,2.5,1,1
59.5,94.74,5656.81,1,2,2.7,0,0
33.5,79.04,2503.53,1,3,2.2,0,0
53.6,41.7,2118.04,0,0,9.6,0,0
33.0,99.4,3203.92,2,0,9.4,1,0
12.3,35.16,457.86,0,4,3.6,1,1
68.3,81.83,5653.72,1,3,3.0,1,0
46.6,65.33,3216.58,2,3,1.5,1,0
16.3,75.51,1197.12,0,1,3.6,1,1
43.4,115.68,5026.68,1,3,4.0,0,0
15.9,66.56,996.02,0,1,5.0,0,1
29.5,91.79,2610.16,2,2,3.2,0,1
43.3,21.61,908.95,2,1,1.5,0,0
44.3,54.7,2307.65,2,6,7.1,0,0
8.7,32.75,270.61,2,2,7.0,1,0
14.7,50.96,787.74,1,2,9.2,1,0
33.5,88.25,2981.28,2,3,1.3,0,1
37.6,63.64,2500.83,2,4,2.4,0,0
61.9,108.22,6833.33,0,1,2.6,0,0
41.9,86.84,3339.24,0,2,4.9,1,0
58.6,67.56,3845.56,1,2,8.2,1,0
27.2,88.82,2482.77,1,1,4.7,1,0
14.3,104.9,1541.21,2,2,5.7,0,1
20.9,108.63,2237.17,0,1,7.0,1,0
2.8,40.17,102.13,0,4,8.7,0,1
26.9,90.12,2424.1,1,2,6.0,1,0
46.1,68.89,3460.72,0,2,1.2,1,0
60.8,29.25,1826.32,0,2,5.5,0,0
17.7,86.3,1427.0,2,0,9.2,1,0
51.1,103.18,4889.77,0,0,1.3,1,0
54.4,39.59,2330.28,1,3,6.8,0,0
50.1,51.24,2590.34,2,4,7.6,1,0
69.4,41.83,2883.08,1,3,7.0,0,0
42.2,63.65,2540.52,1,2,7.8,0,0
32.5,65.64,2323.74,2,5,7.5,0,0
39.1,69.26,2534.99,0,3,2.0,1,1
1.3,82.39,113.33,0,2,1.4,1,1
1.5,20.47,31.35,1,3,9.0,1,0
36.0,46.26,1715.71,2,5,4.7,1,0
27.7,117.59,3295.98,1,1,9.2,0,0
10.6,107.25,1208.69,0,2,1.6,1,1
26.2,76.23,1931.24,1,2,7.9,1,0
46.5,87.82,3894.96,1,3,5.9,0,0
38.1,35.18,1333.25,1,3,2.4,0,0
29.1,82.76,2515.19,0,0,8.5,1,0
55.7,118.41,6341.95,1,0,1.0,0,0
4.8,78.52,349.01,0,3,3.8,1,1
63.9,95.18,6001.43,0,2,9.3,1,0
49.2,44.41,2084.57,2,0,8.4,1,0
30.8,81.63,2299.24,1,1,9.5,0,0
50.1,97.22,5006.04,2,3,3.2,1,0
67.7,45.26,3006.51,1,2,1.1,0,0
47.5,74.71,3664.13,0,1,7.3,1,0
48.5,71.46,3551.84,1,1,4.5,0,0
50.8,74.92,4049.98,2,0,9.7,1,0
66.0,50.44,3363.72,1,3,3.4,0,0
64.1,50.0,3365.36,0,1,9.6,0,0
20.8,38.54,791.0,0,3,6.7,1,0
2.6,49.82,126.22,0,1,8.2,1,0
20.7,27.78,520.82,1,1,9.0,1,0
26.8,77.27,1882.63,0,5,7.5,0,1
18.6,29.12,497.68,0,1,5.7,1,0
33.5,94.76,3216.0,0,1,1.1,0,1
67.6,116.05,7184.93,0,3,5.8,0,0
14.4,26.29,413.64,2,2,2.1,0,1
28.1,33.91,1038.75,0,6,3.9,0,1
60.1,64.14,4123.81,1,2,8.7,1,0
10.3,107.93,1080.69,0,2,1.5,0,1
26.0,98.71,2619.38,1,1,4.9,0,0
40.1,48.78,1877.04,1,3,3.5,0,0
55.6,60.17,3593.03,2,4,7.5,0,0
62.2,119.91,7984.35,1,0,7.2,0,0
19.2,35.97,714.81,2,2,8.1,1,0
68.6,101.79,6916.06,2,0,1.9,0,0
31.9,28.45,879.32,1,2,8.8,0,0
10.3,119.8,1251.92,1,0,9.4,0,0
12.3,76.71,1032.1,0,0,3.4,0,1
32.1,46.6,1461.89,1,1,1.2,1,1
58.6,71.93,3998.35,1,2,2.1,0,0
5.9,94.4,506.83,1,2,6.1,0,1
16.4,37.34,595.98,1,1,2.6,0,0
57.9,64.95,3940.81,1,1,4.4,1,0
59.5,101.17,6114.14,1,5,7.5,0,0
15.2,37.66,540.31,0,0,9.3,1,0
5.0,28.43,145.02,0,2,9.8,0,0
47.4,111.56,5492.57,0,3,1.3,0,1
57.4,118.66,6405.89,0,4,5.7,0,0
4.5,98.89,429.71,0,2,5.3,0,1
38.1,78.54,3158.82,2,0,9.4,0,0
11.1,56.74,612.94,1,4,2.2,0,1
43.7,34.81,1510.24,0,3,4.0,1,0
9.0,114.07,1019.57,2,0,7.7,1,0
10.4,102.56,1135.53,2,2,3.5,0,0
39.4,29.34,1087.73,1,4,5.3,0,0
68.2,36.66,2256.73,0,4,4.8,0,0
3.0,98.93,319.24,1,0,1.7,1,0
8.1,77.25,590.17,1,1,8.5,0,0
15.3,51.64,838.74,2,6,6.3,1,0
58.8,52.08,3120.44,1,1,9.0,1,0
18.1,106.85,1957.28,1,1,2.2,1,1
20.3,105.48,1973.24,2,1,7.4,1,0
31.5,89.96,2827.91,0,2,3.8,0,1
61.8,86.21,4928.28,1,4,7.7,0,0
20.9,78.33,1553.15,1,3,7.8,0,0
34.5,25.01,846.41,1,5,1.6,0,0
34.7,63.44,2275.05,1,4,7.3,1,0
36.5,107.71,3676.04,1,3,9.1,1,0
32.7,72.64,2349.58,2,1,6.0,0,0
58.2,49.94,2657.67,2,3,3.3,0,0
15.2,101.58,1548.32,0,3,6.9,0,0
36.8,112.26,4031.84,0,2,2.4,1,1
10.3,49.26,471.0,2,2,9.5,1,0
62.9,86.47,4935.75,1,1,3.1,0,0
31.2,63.31,1965.89,2,3,10.0,0,0
71.9,100.41,7081.0,0,2,9.1,1,0
48.1,72.87,3613.87,0,3,1.6,0,1
15.5,48.13,746.78,0,2,6.9,0,1
66.7,36.8,2264.71,1,1,2.4,1,0
21.8,110.48,2460.05,2,0,9.4,1,0
46.3,81.61,3950.02,0,0,9.5,1,0
55.3,57.39,2922.63,2,2,5.4,0,0
8.3,89.72,698.43,0,2,2.5,0,1
14.1,75.51,1133.15,0,3,8.8,1,0
31.3,72.14,2357.97,0,1,3.8,0,0
26.5,45.51,1276.63,2,3,6.6,1,0
23.4,82.62,1798.69,2,1,8.7,0,0
20.2,85.21,1876.16,2,1,5.0,0,1
26.6,26.94,729.1,2,7,7.5,1,0
70.7,25.56,1657.41,2,2,7.4,1,0
33.6,92.09,2913.05,0,1,8.1,0,0
33.5,107.02,3667.68,1,1,2.1,1,1
18.8,98.62,1883.44,0,5,5.3,1,1
14.5,88.43,1178.87,1,2,3.9,0,1
19.3,63.21,1315.56,2,2,3.4,0,0
63.9,77.09,4784.12,1,4,5.2,0,0
63.9,22.08,1332.56,2,1,8.4,1,0
13.1,34.41,481.18,2,0,3.5,0,0
29.2,29.53,864.35,1,6,3.4,0,1
42.2,104.89,4770.53,0,1,9.0,1,0
40.3,52.45,2138.2,0,0,2.2,0,1
15.3,38.97,597.99,0,2,1.2,0,1
5.4,111.65,575.74,0,1,6.0,1,1
57.6,92.59,5229.22,1,1,9.2,1,0
10.2,49.39,483.64,0,1,5.7,1,0
29.2,118.09,3657.96,1,2,2.2,0,1
55.1,61.41,3576.93,2,2,3.1,0,0
49.7,22.27,1066.17,1,2,5.6,1,0
30.0,20.09,651.93,2,1,8.4,1,0
57.8,74.98,4073.6,1,3,8.4,1,0
71.5,94.66,6609.36,1,5,2.2,0,0
35.1,85.86,2999.59,0,3,2.2,1,1
63.8,57.13,3591.62,2,0,2.9,1,0
38.0,30.0,1210.48,2,5,8.2,1,0
28.6,80.0,2342.35,1,0,5.1,1,0
71.3,70.28,4627.45,0,1,6.0,0,0
55.8,30.9,1580.81,2,3,3.0,0,0
10.6,35.43,379.2,2,3,3.8,0,0
39.4,89.09,3217.74,0,3,7.5,0,0
27.9,30.72,795.4,1,1,3.3,1,0
36.2,22.67,875.9,1,2,1.9,1,0
54.7,76.57,4542.04,2,1,2.5,0,0
25.0,66.83,1587.11,2,3,5.0,0,1
43.7,109.63,4935.79,1,1,7.4,0,0
17.9,76.63,1256.62,1,0,8.1,0,0
32.5,23.48,795.09,1,1,7.5,0,0
64.1,29.22,1978.67,0,3,8.9,1,0
53.3,87.08,4951.07,1,4,9.2,0,0
26.8,96.25,2470.02,2,3,10.0,1,0
20.8,52.47,1021.18,0,3,7.0,1,0
43.8,100.88,4501.07,1,1,3.9,1,0
34.7,49.66,1790.0,2,1,9.5,1,0
71.1,29.98,2240.27,2,0,8.6,0,0
22.0,61.67,1417.15,1,2,1.7,1,1
66.4,56.41,3539.59,2,5,6.7,1,0
17.7,60.89,1085.86,2,1,5.5,1,0
57.9,97.96,5422.6,2,2,4.8,0,0
62.4,99.97,5723.58,0,3,2.1,0,0
14.4,38.64,589.28,0,4,9.4,0,0
32.5,57.04,1679.37,0,1,5.6,0,0
51.5,75.48,3764.86,2,0,1.3,1,0
30.3,24.98,756.72,0,1,1.1,1,0
8.6,53.93,419.62,0,0,4.6,0,1
55.5,95.93,5461.07,1,1,9.4,1,0
35.6,71.67,2493.5,0,0,2.8,0,1
14.1,47.68,704.07,2,3,1.5,1,0
4.6,35.92,162.83,1,0,2.3,0,0
38.0,53.39,2042.73,0,1,6.4,0,0
21.8,74.05,1463.0,0,2,4.1,0,1
58.7,52.93,3376.17,2,1,6.5,1,0
12.2,54.72,616.87,1,1,4.3,1,0
2.2,87.55,195.0,2,0,5.6,0,0
65.4,61.19,4390.34,2,2,5.9,1,0
30.7,48.93,1564.94,2,1,9.2,1,0
61.6,29.66,1763.29,1,0,4.6,1,0
41.5,29.67,1293.31,0,4,3.4,1,1
63.5,40.88,2685.67,0,3,3.1,1,1
67.6,29.16,2039.68,0,0,7.1,0,0
7.0,100.78,646.83,0,0,2.5,0,1
20.8,36.03,807.19,0,2,6.9,1,0
14.0,49.14,661.99,2,5,8.5,1,0
68.9,69.51,4585.78,0,1,4.3,0,0
50.3,107.23,5360.33,0,1,1.1,0,1
66.7,102.69,6259.22,2,2,3.1,1,0
71.0,78.73,5168.71,0,2,9.5,0,0
57.2,26.79,1561.56,0,7,8.9,1,0
63.1,61.75,3781.67,1,2,4.4,0,0
67.8,45.5,2810.09,1,4,1.9,0,0
44.3,66.92,2767.0,2,4,7.2,1,0
59.2,42.88,2637.42,2,1,5.2,1,0
70.2,56.23,4156.04,1,4,2.4,0,0
34.5,73.87,2768.42,2,2,2.8,1,0
16.4,114.58,2030.54,0,2,9.2,0,0
48.2,59.4,2995.77,0,2,7.5,1,0
4.9,28.68,135.42,0,1,3.1,1,1
23.0,30.42,737.15,0,3,8.3,0,0
27.7,99.02,2832.37,2,3,4.8,1,1
58.1,71.7,4278.89,2,2,5.0,1,0
2.7,87.38,238.07,0,1,5.4,0,1
23.8,68.12,1781.07,2,2,9.1,0,0
22.8,115.37,2487.12,2,4,7.2,0,0
48.0,98.65,5078.85,0,1,1.1,1,1
63.1,38.79,2644.99,0,1,9.1,0,0
35.1,68.9,2410.2,2,1,9.8,1,0
60.9,30.84,1764.99,1,0,2.6,0,0
31.0,56.51,1617.51,1,3,2.3,0,1
36.7,86.97,3451.97,0,3,6.1,0,1
23.8,82.14,1847.77,0,1,3.5,0,1
14.9,107.92,1677.61,0,1,4.3,0,0
64.2,26.72,1790.33,1,5,2.4,0,0
43.8,79.01,3467.58,1,2,5.6,1,0
20.0,91.58,1714.43,0,4,3.1,1,1
39.2,48.15,1792.83,0,3,4.2,0,1
29.7,24.57,663.97,2,1,5.7,1,0
3.6,28.61,94.35,0,1,2.4,0,1
50.5,55.64,3023.36,2,1,6.9,0,0
62.6,83.38,5654.79,1,5,4.2,0,0
44.2,41.79,1835.77,2,2,1.3,1,0
11.5,62.36,702.14,2,3,6.7,0,0
30.8,40.58,1334.47,0,2,1.0,0,1
15.5,115.06,1712.6,1,0,8.8,1,0
13.1,87.16,1132.48,0,4,6.1,1,0
21.9,57.94,1336.32,1,3,9.5,0,0
64.6,56.63,3907.15,0,2,1.7,0,0
60.9,84.75,4809.45,2,3,8.7,1,0
57.3,45.55,2609.99,2,2,2.5,0,0
66.9,53.39,3236.57,0,1,8.1,0,0
8.7,49.62,421.58,0,3,7.5,0,0
16.5,103.29,1672.57,2,2,7.4,1,1
4.1,90.17,337.47,1,2,1.0,0,1
1.3,101.08,128.14,2,0,7.6,0,0
46.5,27.05,1206.84,1,1,3.6,0,0
30.0,68.98,1878.66,0,0,4.2,1,0
41.2,91.63,4093.99,0,3,2.4,1,1
62.7,54.31,3407.67,2,2,6.7,0,0
21.3,77.39,1628.44,1,1,3.3,0,0
18.4,101.8,1842.51,0,1,5.9,1,1
59.3,92.35,5552.62,1,1,1.7,0,0
2.8,51.72,139.62,1,2,8.7,0,0
66.7,102.81,7495.94,0,2,1.6,1,1
25.6,114.51,2715.53,2,0,1.3,0,0
3.4,20.1,73.98,1,3,6.8,0,0
16.4,81.94,1431.8,2,1,1.5,0,1
6.7,80.37,517.04,2,2,9.4,0,0
61.0,108.25,6670.18,1,1,8.6,1,0
4.9,22.44,104.45,1,0,2.4,1,0
4.8,100.1,461.87,2,2,8.2,0,1
44.7,24.49,1003.36,0,1,4.5,0,0
15.9,119.53,1888.57,1,2,3.1,1,1
24.8,63.37,1499.11,1,2,3.9,1,0
56.8,38.54,2167.66,0,2,5.8,0,0
31.2,34.71,1186.19,0,3,1.7,0,1
52.8,37.42,2003.31,0,0,9.5,1,0
21.0,69.64,1422.34,2,1,5.0,1,0
10.3,99.77,1091.27,1,4,8.9,0,0
5.8,118.77,744.3,2,1,9.9,0,0
60.5,63.75,3642.93,0,2,3.3,0,0
9.7,40.69,416.72,1,1,5.5,1,0
6.6,101.98,726.33,0,4,6.6,1,1
12.2,51.28,665.52,2,0,6.1,0,0
38.0,32.71,1273.12,0,1,7.9,1,0
49.9,60.92,3263.85,2,5,9.1,1,0
36.1,65.87,2306.03,2,3,2.1,0,1
45.1,49.51,2028.3,0,7,5.2,1,0
36.3,56.61,2103.29,0,1,9.0,0,0
53.9,61.93,3363.61,2,1,5.1,0,0
43.9,64.51,2549.71,1,1,7.6,1,0
13.5,75.29,984.04,0,0,1.7,0,1
24.9,72.0,1767.6,1,1,1.8,0,0
71.5,71.07,5069.71,1,3,1.1,0,0
32.9,23.88,724.35,1,3,4.1,0,0
49.1,80.82,4050.67,0,1,4.3,0,0
13.2,41.1,502.48,2,1,8.5,1,0
49.0,91.81,4288.91,0,1,3.1,1,1
50.6,111.14,5666.86,1,0,4.5,1,0
12.4,80.57,1091.28,2,2,9.1,0,0
67.8,84.05,5513.03,0,2,2.0,1,0
29.0,58.7,1581.74,1,3,8.3,0,0
25.6,116.8,2893.95,2,2,4.6,1,0
49.1,83.52,3798.67,0,1,6.7,1,0
66.3,23.48,1684.01,2,3,3.6,0,0
60.5,49.84,2937.63,2,2,8.6,1,0
40.9,56.08,2352.51,1,2,8.7,0,0
4.9,83.42,392.26,1,4,3.4,1,1
35.5,77.94,2835.79,2,1,6.4,1,0
45.1,38.09,1606.03,2,3,2.7,0,1
60.4,46.52,2805.19,2,2,7.7,0,0
15.4,111.23,1745.15,2,4,6.7,1,0
34.1,24.35,840.4,2,2,5.0,0,0
46.5,51.63,2554.19,1,5,3.1,1,0
49.9,49.22,2594.53,0,1,3.5,1,0
4.3,54.86,230.3,1,4,5.0,1,1
63.2,77.49,4998.29,1,4,7.1,1,0
9.1,27.26,235.12,1,3,6.4,1,0
61.6,39.96,2660.6,1,1,1.7,0,0
62.3,80.56,4908.87,1,3,1.7,1,0
44.5,40.84,1885.2,0,2,5.2,0,0
39.4,111.76,4698.4,0,1,5.1,0,1
25.8,74.57,2067.41,1,2,5.8,0,0
28.6,73.38,2093.12,2,1,9.6,1,0
66.4,114.82,8037.66,0,2,8.6,1,0
47.7,112.69,5858.28,2,1,4.9,0,0
34.0,115.53,4061.08,2,3,9.7,0,0
26.5,45.75,1160.53,1,1,6.1,0,0
71.7,29.4,2315.98,2,0,1.1,1,0
67.4,80.47,5004.67,0,3,9.7,0,0
66.6,22.47,1459.62,0,2,5.2,1,0
66.7,108.75,7687.58,2,5,7.4,1,0
26.3,111.22,3171.28,1,4,7.7,1,0
60.2,60.54,3786.16,0,3,9.6,0,0
49.9,107.23,5404.21,0,4,6.1,0,0
65.8,34.44,2402.95,2,3,4.4,1,0
53.2,90.11,4384.99,1,2,4.3,1,0
60.1,68.94,3958.4,1,1,4.5,1,0
57.8,107.34,5991.98,0,2,8.4,0,0
42.1,58.56,2421.03,0,3,4.4,1,0
50.5,82.71,4282.35,0,2,9.1,0,0
6.4,72.64,476.65,1,1,5.5,1,0
28.3,28.93,899.42,0,2,7.7,0,0
58.1,108.86,5901.36,1,1,9.9,0,0
7.6,104.13,713.77,0,3,5.1,1,1
24.4,99.51,2525.44,0,0,4.3,1,1
45.5,58.33,2582.79,2,1,7.3,0,0
33.0,30.77,1089.91,1,1,2.5,0,0
6.1,72.07,457.71,2,3,4.2,0,0
13.1,69.15,933.16,0,2,2.2,0,1
48.3,23.1,1219.47,0,3,8.8,1,0
39.9,85.77,3441.11,1,0,7.9,0,0
42.8,117.6,5127.89,0,2,2.8,0,1
65.4,75.07,4590.68,1,2,3.2,1,0
67.2,40.04,2932.72,2,6,6.0,1,0
21.9,24.06,490.24,1,3,6.7,1,0
63.8,28.08,1825.68,2,1,1.1,1,0
38.2,97.28,3812.78,1,1,3.4,1,0
46.6,50.19,2423.1,1,1,8.7,0,0
8.2,76.42,659.74,0,1,9.7,0,0
29.5,72.13,1983.68,2,1,9.2,0,0
68.4,102.49,6791.23,1,1,1.0,1,0
67.7,91.46,6154.23,2,0,4.3,0,0
30.5,69.55,1931.21,1,3,5.5,1,0
18.5,30.62,611.11,0,3,9.8,1,0
69.2,84.71,5706.06,2,2,3.7,1,0
36.6,116.33,4617.67,1,2,2.7,0,0
68.3,21.87,1402.96,1,5,8.6,0,0
3.5,94.34,339.81,1,1,6.7,0,0
43.2,44.34,1817.63,2,2,2.1,0,0
21.0,114.19,2390.85,1,1,2.3,0,1
1.3,92.5,111.04,1,1,2.4,0,1
35.7,74.76,2877.44,0,3,3.4,1,0
68.3,37.48,2529.17,2,4,1.5,1,0
33.6,84.44,2715.65,2,1,1.6,1,0
16.2,21.75,320.69,2,7,7.2,1,0
50.6,40.47,1885.27,2,1,6.8,0,0
63.2,45.55,2990.85,1,1,4.7,0,0
54.9,77.17,4165.12,2,0,8.1,1,0
18.8,100.73,2014.79,1,1,4.9,0,0
56.3,106.56,5554.1,1,0,5.0,0,0
56.2,60.42,3690.97,1,1,8.7,0,0
33.7,63.07,2284.27,2,2,4.6,1,0
54.6,78.78,4304.01,1,5,1.9,0,1
3.6,24.55,83.25,2,5,8.8,0,0
15.6,24.3,409.21,2,3,2.3,0,0
28.5,80.62,2525.52,1,1,9.4,0,0
66.8,107.23,7632.95,2,6,9.0,1,0
50.4,99.64,5214.21,2,3,7.0,1,0
48.5,68.75,3520.56,2,0,1.9,0,0
59.4,52.47,3279.27,1,3,3.8,0,0
52.3,105.15,5451.15,2,1,2.6,1,0
5.5,65.73,328.9,0,0,5.2,1,1
64.3,102.26,6001.56,2,3,5.2,1,0
55.1,21.12,1224.57,2,3,4.6,0,0
16.3,82.52,1322.9,0,2,9.5,0,1
43.2,37.53,1638.85,2,1,3.1,1,0
33.1,70.22,2487.9,1,0,2.1,0,0
3.1,45.7,151.43,0,2,7.7,0,0
58.0,21.2,1198.86,1,0,9.3,0,0
25.4,117.78,2699.4,0,1,9.1,1,0
45.6,113.42,4723.81,2,2,6.5,1,0
59.3,115.09,7241.2,0,3,3.6,0,1
67.1,74.42,5443.26,1,2,3.1,1,0
38.4,20.62,779.85,2,1,6.2,0,0
32.8,61.8,1987.16,0,4,1.9,0,1
1.7,77.63,128.17,2,3,4.9,1,0
9.0,21.84,207.54,1,3,9.1,1,0
52.6,66.76,3664.46,1,2,2.1,1,0
14.0,102.21,1301.78,2,2,2.6,0,0
38.4,90.0,3669.45,2,0,8.9,1,0
12.8,62.87,840.64,1,1,8.9,0,0
57.3,60.04,3615.55,0,2,5.3,1,0
15.9,67.08,1029.49,0,4,4.1,0,1
55.7,63.83,3549.02,2,3,3.4,0,0
32.6,38.15,1162.99,2,0,2.9,0,0
54.2,52.99,3156.32,2,4,4.9,0,0
26.5,52.03,1448.35,2,1,3.6,1,0
69.5,118.01,7923.14,0,2,2.4,1,0
36.7,25.48,932.5,1,1,6.9,1,0
29.8,54.28,1571.5,1,2,6.6,1,0
30.5,26.05,812.64,0,2,3.0,0,1
22.6,69.39,1619.49,2,4,6.4,0,0
48.7,20.78,961.23,1,2,5.7,1,0
13.3,72.07,878.46,2,4,4.7,1,0
11.9,70.69,767.82,2,1,7.4,0,0
69.4,85.13,5954.94,1,3,4.3,1,0
15.9,96.58,1435.11,2,3,8.5,1,0
58.5,77.38,4256.19,2,3,5.3,0,0
6.9,26.09,169.3,0,0,8.1,0,0
43.2,69.87,2921.45,2,3,9.8,1,0
8.5,32.13,255.1,0,3,3.0,0,1
26.6,43.03,1253.17,0,2,2.1,0,1
24.7,22.47,543.6,2,1,5.3,1,0
44.5,89.47,3607.51,1,0,8.9,1,0
1.3,50.95,68.03,2,2,4.8,0,0
20.7,75.16,1628.39,0,1,8.7,0,0
55.1,81.14,4255.59,0,2,7.2,1,0
54.9,67.84,4053.59,1,2,3.7,0,0
57.1,75.3,4217.71,2,3,3.3,1,0
42.0,50.14,2255.81,2,2,7.9,0,0
54.6,116.88,5858.71,1,1,1.1,0,1
31.9,65.9,1994.47,0,2,3.2,0,1
23.4,110.29,2513.0,1,0,9.9,0,0
58.6,27.76,1759.81,1,5,9.6,0,0
29.2,39.43,1231.18,2,1,7.8,0,0
10.4,93.39,966.57,1,1,1.4,0,1
68.8,114.76,8056.01,2,3,7.7,1,0
10.1,33.35,345.23,2,0,1.3,0,1
55.4,76.92,4471.26,0,0,8.5,1,0
15.8,39.72,576.53,2,1,7.0,1,0
61.9,21.26,1228.63,1,3,8.0,0,0
45.3,23.96,984.96,0,1,1.7,0,0
68.0,50.72,3403.8,1,2,6.5,1,0
43.8,97.1,4528.23,1,0,2.7,1,0
60.8,54.14,3205.26,2,0,1.8,0,0
36.2,40.32,1534.05,1,4,2.4,0,1
64.2,116.98,7027.64,2,2,2.3,1,0
30.0,94.66,2654.91,2,0,9.2,1,0
66.9,85.8,5355.04,1,2,7.3,1,0
46.9,36.95,1854.3,0,3,7.3,0,0
66.4,43.75,3130.83,2,3,8.6,0,0
4.0,87.69,385.43,0,1,7.6,1,0
26.9,46.29,1122.81,2,1,2.9,1,0
65.0,69.7,4699.35,1,0,2.4,1,0
20.0,108.82,1972.26,2,3,6.8,0,1
39.6,77.13,2866.45,2,4,3.8,0,1
30.8,26.53,795.98,1,4,3.8,0,0
1.7,115.95,208.86,1,1,5.0,1,1
3.9,32.67,133.9,0,2,6.8,1,1
35.8,57.51,1930.03,1,1,6.8,0,0
27.9,21.43,622.05,1,3,7.5,0,0
64.0,27.96,1936.88,1,2,9.7,0,0
24.2,114.61,2513.74,1,2,8.4,0,0
12.2,101.69,1167.55,2,1,2.9,0,1
9.5,99.46,899.16,1,1,6.2,1,0
30.2,104.53,2928.76,2,3,6.2,1,0
70.9,62.99,4833.93,2,1,1.2,0,0
64.7,55.52,3947.08,2,2,7.0,1,0
39.0,92.08,3377.3,1,0,1.9,0,0
37.9,84.16,3053.03,0,1,3.4,0,0
45.1,116.28,5608.64,0,1,9.8,1,0
53.8,27.27,1598.23,1,1,4.5,0,0
5.0,40.87,188.38,1,2,8.9,0,0
67.6,57.99,4044.12,1,2,4.7,0,0
63.1,41.67,2407.03,0,6,4.4,1,1
34.2,102.53,3562.89,1,0,1.0,0,1
25.0,77.65,2126.87,1,0,7.3,0,0
38.7,50.18,1826.58,1,0,7.7,0,0
36.8,31.94,1223.63,1,1,7.0,1,0
23.6,115.42,2494.44,0,2,6.4,1,0
9.9,102.31,944.6,2,2,5.8,1,1
52.5,26.8,1380.9,1,3,4.5,1,0
64.2,49.98,3364.54,2,2,3.4,1,0
47.2,82.93,4077.28,0,1,5.6,0,0
21.6,48.86,1019.26,0,1,3.2,1,1
32.0,27.39,874.96,1,5,5.9,1,0
14.3,39.91,528.73,0,0,9.5,1,0
67.5,113.0,7927.6,1,1,5.0,0,0
18.8,51.79,946.18,2,1,2.8,0,0
26.0,48.89,1346.23,1,5,7.5,1,0
47.0,106.43,5097.04,2,6,8.6,0,0
53.3,49.65,2438.65,1,1,3.3,1,0
33.0,41.2,1251.39,0,1,1.3,0,1
10.8,35.96,351.51,1,5,3.1,0,1
30.1,49.41,1622.68,2,2,2.3,0,1
59.0,41.08,2630.82,0,0,8.8,0,0
20.9,64.09,1267.59,0,4,9.6,1,0
30.0,35.03,985.01,2,1,5.4,0,0
20.4,43.86,890.42,1,3,7.8,1,0
27.2,99.81,2762.07,0,3,5.8,1,0
24.8,26.01,658.38,0,2,5.5,0,1
35.0,110.78,4242.69,2,0,5.6,0,0
59.9,90.99,5341.51,2,0,6.5,1,0
59.0,78.09,4384.83,0,4,6.8,0,0
13.3,82.14,1077.82,1,2,4.1,0,1
17.8,72.77,1408.49,2,1,3.0,1,1
25.4,113.7,2732.3,2,3,4.0,1,0
49.3,31.59,1472.68,1,3,6.0,0,0
53.2,117.24,6103.94,2,0,1.5,1,0
53.2,100.32,4825.05,1,0,1.7,0,0
16.3,20.74,347.5,0,3,5.9,1,0
16.8,116.08,2025.67,1,2,8.5,1,0
71.1,82.2,5934.91,2,0,9.1,0,0
42.8,93.55,3883.91,2,0,8.8,1,0
55.1,26.45,1570.94,2,1,9.1,1,0
15.5,89.45,1506.39,2,1,7.4,1,0
44.9,34.42,1652.81,1,1,2.1,0,0
21.9,52.53,1088.15,2,1,8.6,1,0
35.4,34.14,1314.56,1,3,2.5,0,0
32.5,78.24,2664.22,2,1,3.8,1,0
62.0,68.47,4143.83,1,3,9.9,1,0
26.5,107.11,2834.58,0,0,4.1,0,1
53.5,76.62,4078.45,0,2,6.7,1,0
22.9,85.13,1974.7,2,1,5.9,0,0
44.0,42.21,1826.31,0,2,7.9,1,0
61.8,107.42,6626.96,0,3,4.0,1,1
17.6,61.54,1047.77,0,3,5.0,1,1
30.7,35.24,1074.51,1,1,2.4,0,0
70.4,59.6,4454.08,2,3,4.8,0,0
59.7,75.6,4075.84,2,5,9.8,0,0
63.7,111.47,7811.88,2,1,8.7,1,0
43.7,69.2,3023.55,1,1,6.2,0,0
27.5,36.29,965.06,1,3,8.8,1,0
11.1,93.27,973.01,0,1,5.2,1,1
62.4,43.22,2937.53,0,3,3.0,1,0
9.2,114.7,1138.5,2,2,8.5,1,0
67.3,85.88,5515.45,1,3,7.1,1,0
67.0,91.09,5845.31,2,1,6.6,0,0
68.4,56.86,3629.92,1,3,5.0,1,0
56.3,96.95,5434.06,0,2,6.0,0,0
48.0,33.67,1746.02,1,2,2.5,0,0
28.6,103.53,3049.17,0,2,9.2,0,0
60.1,33.77,1876.88,2,1,6.9,0,0
42.2,74.71,3331.4,0,2,1.8,1,1
37.3,34.69,1340.68,0,1,9.8,0,0
10.6,39.47,385.09,2,1,7.7,0,0
9.5,81.99,850.94,2,4,8.0,0,0
48.9,51.11,2433.86,0,1,4.7,0,0
10.9,92.81,1032.13,0,2,4.2,0,1
50.9,37.01,1756.76,0,1,5.3,1,0
31.9,41.57,1200.94,2,2,5.2,1,0
10.1,31.24,295.04,2,2,4.8,0,0
40.8,117.87,4357.19,0,2,2.1,1,1
57.1,59.14,3185.67,2,1,8.4,0,0
71.3,100.44,7210.13,1,3,8.3,1,0
18.6,104.81,1979.26,1,1,3.2,1,0
28.8,39.2,1129.17,1,1,7.1,1,0
35.4,103.31,3878.82,2,5,2.8,1,1
35.6,76.12,2915.56,1,5,6.6,1,0
17.7,32.17,550.31,0,1,9.6,0,0
24.4,45.39,1029.4,1,0,6.7,0,0
7.3,42.75,334.8,1,2,4.5,0,0
41.6,42.9,1863.06,1,0,1.5,0,0
71.8,93.36,6874.35,2,2,10.0,1,0
9.8,101.74,1003.37,0,3,5.9,1,1
52.1,57.9,3073.36,0,4,6.9,0,0
38.5,22.51,833.72,1,4,8.5,0,0
24.3,74.91,1852.29,2,2,8.6,0,0
24.6,58.25,1393.46,1,1,9.4,1,0
71.0,54.35,3582.19,2,2,2.0,0,0
8.7,73.95,695.89,0,4,5.9,1,0
42.8,67.06,2646.31,1,2,4.6,0,0
39.1,23.1,907.31,1,4,1.6,1,0
68.0,75.8,5016.28,1,2,2.9,1,0
15.4,96.86,1351.06,1,2,4.0,0,0
3.1,82.73,235.96,1,0,3.5,1,0
63.9,80.16,5033.97,2,1,4.8,1,0
24.1,44.06,1012.15,0,3,5.5,0,1
30.1,93.52,2835.95,0,3,8.6,1,0
9.5,64.3,641.06,2,2,1.4,0,1
17.1,37.48,677.04,0,2,7.8,0,0
17.0,90.09,1559.82,2,2,8.1,1,0
49.4,103.59,4622.96,2,5,9.2,0,0
10.6,85.89,833.06,0,3,2.3,0,1
14.5,45.61,704.26,2,2,8.6,1,0
29.5,55.44,1691.74,2,3,6.1,1,0
29.5,31.56,952.41,1,2,2.0,1,0
4.5,76.72,367.73,1,2,1.6,1,1
71.9,106.02,8057.41,2,2,9.1,1,0
60.8,34.8,1915.47,1,1,4.2,1,0
56.3,46.8,2739.54,0,4,1.5,1,1
50.8,114.52,5740.89,1,0,1.9,0,0
29.1,88.46,2503.84,0,4,1.9,0,1
48.4,20.34,893.13,0,2,3.9,0,0
60.6,82.92,5081.04,0,2,1.6,0,1
52.0,26.04,1410.53,0,4,1.7,1,1
63.7,65.5,4571.19,2,1,3.2,1,0
56.2,102.19,5833.84,2,3,5.1,0,0
53.0,88.99,5183.07,1,6,3.4,0,0
65.7,32.06,1976.17,1,3,7.4,1,0
57.4,27.0,1427.12,2,2,4.4,0,0
24.6,108.51,2658.22,2,5,8.1,1,0
36.9,21.44,737.41,2,2,3.6,0,0
7.7,88.99,701.41,1,1,3.1,0,0
30.8,42.69,1353.19,1,0,9.8,0,0
46.4,55.62,2591.23,1,7,5.7,0,0
16.4,26.08,411.9,0,2,1.5,1,1
42.0,117.06,5158.45,1,0,3.4,1,0
24.7,112.91,2647.81,2,2,5.7,1,0
17.5,26.99,514.65,2,1,6.0,1,0
26.5,115.54,3226.06,2,3,4.2,0,0
43.2,49.81,2186.87,0,4,4.8,1,0
34.0,88.28,2715.37,1,2,9.4,0,0
32.6,92.47,2773.35,1,3,2.9,0,0
56.0,69.46,4043.2,0,0,2.7,0,0
46.6,62.36,2850.21,0,1,2.4,1,1
42.5,94.72,3962.34,1,5,7.4,0,0
9.1,51.9,517.74,1,1,10.0,0,0
2.4,117.62,296.06,1,1,7.1,0,1
27.5,115.69,2973.55,2,2,6.3,0,0
9.6,117.34,1181.34,0,3,3.1,1,1
47.4,89.77,4574.16,0,1,4.9,1,0
61.8,55.51,3291.87,1,4,1.3,1,0
53.4,104.88,6008.98,1,0,4.3,0,0
32.5,101.51,3338.73,1,2,1.9,0,1
60.4,73.82,4613.12,2,1,8.4,0,0
51.8,41.1,2072.93,2,2,5.9,1,0
38.0,66.38,2712.67,0,4,7.1,1,0
44.0,40.94,1871.02,0,2,5.9,0,0
13.9,84.99,1187.86,1,1,3.5,0,0
2.4,21.44,52.93,1,1,3.7,1,1
66.3,77.08,5585.52,2,1,5.0,0,0
69.6,80.23,5546.86,2,3,5.6,1,0
37.1,72.12,2411.26,0,0,4.1,1,0
42.1,94.36,3591.41,2,3,8.0,1,0
57.1,45.59,2802.09,2,3,4.7,0,0
8.1,109.16,917.57,0,0,3.1,1,1
52.2,66.93,3181.69,0,0,7.9,0,0
57.4,85.24,5366.77,1,4,6.5,1,0
17.9,61.62,1188.92,1,0,9.5,0,0
41.1,40.26,1498.17,0,2,7.1,1,0
58.1,38.41,2411.98,0,2,8.3,1,0
68.3,113.54,7524.08,1,1,7.5,0,0
30.3,109.6,3019.47,2,0,6.8,1,0
11.8,33.98,440.95,2,2,8.6,0,0
52.7,57.74,3337.15,1,2,5.8,1,0
44.6,101.87,4995.39,2,1,9.7,1,0
36.0,113.98,4003.14,1,0,1.5,1,0
28.8,28.8,861.82,0,2,8.3,0,0
3.0,39.75,117.41,1,5,3.0,1,1
66.4,76.23,5481.09,0,3,9.4,1,0
28.1,41.93,1147.77,2,2,5.3,1,0
4.2,56.88,257.77,2,1,5.6,1,0
8.3,24.31,205.93,1,4,6.5,1,0
42.9,36.48,1642.92,2,1,9.0,1,0
3.5,63.2,209.69,0,3,8.6,0,0
55.2,33.49,1714.5,2,3,6.7,1,0
53.7,85.94,4954.15,1,5,7.8,1,0
1.3,75.12,91.16,2,1,7.5,0,0
46.7,40.31,2028.77,2,4,2.1,1,0
22.8,87.57,2010.22,0,3,7.4,0,1
21.6,52.45,1186.37,0,1,2.7,0,1
61.8,57.5,3619.4,0,2,4.5,0,0
6.1,30.28,182.95,0,3,6.4,0,1
30.6,66.68,1839.34,0,3,6.5,0,1
68.8,34.28,2392.05,2,2,6.9,0,0
7.2,63.62,456.43,0,0,5.9,0,1
44.1,114.96,5425.34,1,3,3.0,0,0
19.3,28.42,554.76,2,1,9.1,1,0
17.3,65.64,1107.52,0,2,9.3,0,0
25.0,95.36,2437.27,0,2,7.5,0,0
51.6,56.75,3154.63,1,2,2.5,0,0
30.7,110.11,3199.66,2,3,2.2,0,1
51.8,65.93,3696.56,1,3,4.6,1,0
66.3,76.79,5104.54,0,2,9.9,1,0
65.8,94.6,5887.22,1,0,8.7,1,0
39.0,80.07,3242.45,0,1,3.0,0,0
19.2,100.73,1848.23,0,3,2.8,1,1
45.8,116.32,5034.51,1,2,7.0,0,0
7.6,107.41,811.08,0,1,5.4,1,1
25.3,72.05,1819.61,1,0,6.1,0,0
22.5,103.47,2112.08,2,1,4.6,1,0
68.7,71.68,4857.95,2,1,1.0,1,0
40.8,90.12,3611.41,1,5,8.3,0,0
28.8,71.06,1963.87,0,1,1.2,0,1
21.1,83.07,1613.57,1,3,2.9,0,0
38.6,49.86,1843.38,2,0,2.9,0,0
38.7,37.88,1606.65,2,2,4.0,0,0
62.0,23.87,1432.4,1,2,2.2,0,0
36.4,40.82,1477.45,1,4,4.8,1,0
70.2,32.37,2435.6,0,4,6.0,1,0
4.6,76.12,354.85,0,3,3.6,0,1
44.1,20.06,868.64,1,0,5.6,1,0
31.1,47.38,1521.34,1,5,8.3,0,0
22.6,104.42,2412.32,0,4,3.2,0,1
35.6,103.2,3314.67,2,3,6.6,0,1
71.8,46.4,3054.24,1,3,4.0,0,0
29.2,65.77,1953.46,2,3,4.6,0,1
67.8,31.07,2296.39,2,1,1.8,0,0
38.8,31.36,1107.49,1,1,2.1,0,0
28.8,23.13,733.57,2,2,3.0,0,0
6.1,54.42,341.03,2,2,5.0,0,0
7.3,96.89,742.54,1,2,2.7,1,1
62.4,55.78,3238.79,1,4,2.1,0,0
10.5,90.4,1041.41,1,1,4.5,0,0
21.5,93.04,2176.46,2,3,3.9,0,1
27.3,111.73,2978.26,2,1,1.4,1,1
6.0,85.3,528.32,1,3,8.1,1,0
15.5,48.06,690.58,0,3,9.0,0,0
17.0,83.55,1420.28,2,2,7.7,0,0
31.3,58.12,1716.3,2,3,3.6,1,0
10.7,62.67,666.75,1,1,4.5,0,0
44.3,92.2,4184.62,0,2,2.6,0,1
34.2,46.22,1514.72,0,1,1.3,1,1
50.2,113.45,5225.3,0,2,3.0,0,1
15.3,56.83,820.88,1,2,1.6,1,1
18.2,46.47,861.05,0,0,6.0,0,0
33.5,118.59,3833.17,0,4,6.9,1,0
29.3,81.46,2232.67,2,1,1.5,1,0
24.1,61.43,1410.04,0,1,1.3,1,1
10.9,99.29,1060.83,2,2,6.0,0,0
36.4,104.59,3982.27,2,0,2.5,1,0
27.4,48.55,1397.05,1,1,3.5,1,0
27.9,62.96,1773.67,0,0,2.8,1,1
57.5,110.42,6668.67,0,3,7.4,1,0
4.8,31.08,141.97,0,3,5.7,1,1
14.6,94.32,1329.67,2,4,9.0,0,0
68.9,52.73,3501.08,1,0,5.4,1,0
25.6,69.42,1749.25,1,2,4.3,1,0
5.4,79.47,453.13,0,2,3.7,1,1
17.3,53.27,861.06,1,4,7.2,1,0
6.3,115.77,659.56,2,1,2.2,0,1
70.3,102.46,7064.33,2,1,4.8,1,0
22.8,38.86,858.17,0,1,7.9,1,0
12.8,52.92,610.1,0,2,3.4,1,1
8.2,83.29,716.14,0,4,5.5,1,1
59.4,73.65,4263.2,0,0,1.7,1,0
40.7,92.88,4111.04,1,4,8.1,1,0
64.9,118.28,7762.2,1,2,3.5,0,0
28.6,84.18,2250.81,2,0,7.9,0,0
31.0,100.42,2861.59,2,1,5.7,1,0
38.1,88.8,3060.83,2,3,3.5,1,1
45.7,71.11,3150.31,2,3,8.5,0,0
37.7,73.93,2786.16,2,1,8.4,1,0
18.8,89.3,1687.66,2,2,2.1,1,1
40.6,112.19,4213.77,0,3,5.8,0,0
68.1,108.14,7978.48,1,3,4.4,1,0
40.6,109.21,4580.3,2,4,5.4,0,1
32.1,41.22,1382.13,2,1,7.4,1,0
6.1,70.4,443.54,2,1,1.6,1,1
70.9,114.2,7378.58,2,1,7.0,1,0
2.5,33.67,78.79,1,3,4.1,0,1
1.5,41.99,60.07,0,2,2.3,0,1
24.7,66.72,1620.01,0,0,5.0,1,0
66.5,38.43,2715.65,2,0,5.2,0,0
25.5,38.77,919.66,2,0,3.7,0,0
65.7,80.44,4875.43,1,5,8.7,1,0
62.6,96.05,6083.75,2,8,2.7,1,0
25.8,51.21,1301.22,0,3,9.4,0,0
40.8,29.25,1107.56,0,2,5.0,1,0
27.7,27.34,786.04,1,2,8.3,1,0
62.8,32.29,2170.62,1,2,7.3,0,0
50.0,117.87,5582.64,1,2,7.9,1,0
49.8,91.81,4779.42,2,4,4.1,1,0
44.3,34.94,1417.71,0,3,5.9,1,0
45.4,56.66,2584.06,0,3,3.6,1,0
50.9,62.66,3410.66,0,6,4.4,1,0
62.9,106.33,7020.01,2,3,4.8,0,0
21.9,92.72,2180.69,2,2,7.4,0,0
12.7,65.84,908.1,1,1,9.8,0,0
24.6,118.93,3157.2,2,1,7.5,1,0
56.6,64.77,3372.85,2,2,3.4,0,0
61.8,97.57,6127.78,1,0,4.7,1,0
29.9,83.61,2422.4,0,1,7.2,0,0
40.2,30.19,1279.23,0,1,2.3,0,1
57.7,81.29,4441.64,2,4,4.8,0,0
55.4,104.57,5811.1,2,2,9.7,1,0
56.0,87.06,5327.6,0,3,8.6,0,0
38.3,81.46,3020.17,0,2,1.7,0,0
47.8,63.39,2889.04,1,1,3.9,0,0
10.4,27.69,270.57,0,4,2.1,0,1
38.3,111.38,4336.0,0,4,6.2,1,1
2.1,52.28,113.32,2,1,6.4,0,0
33.4,80.61,2583.87,0,2,2.4,1,1
8.5,52.38,401.13,2,3,2.8,1,0
63.6,77.8,5235.83,0,2,4.3,0,0
60.5,41.42,2402.25,2,1,7.6,1,0
43.2,32.65,1524.14,1,5,7.8,0,0
66.8,42.94,2881.14,1,2,5.3,1,0
10.1,41.28,377.19,0,3,8.8,1,1
50.3,82.54,4519.65,1,3,8.8,1,0
30.5,47.13,1304.23,0,5,9.6,0,0
51.4,108.35,5819.48,2,0,6.6,0,0
55.7,84.02,4950.82,2,5,5.9,1,0
67.3,50.14,3151.22,0,3,3.1,1,0
68.4,47.07,3155.93,1,2,2.6,1,0
39.5,21.87,947.84,1,2,7.0,1,0
66.0,83.34,5443.01,2,2,10.0,1,0
31.2,41.96,1428.84,2,2,7.1,0,0
52.3,38.73,2227.87,1,1,3.8,1,0
38.6,36.25,1480.39,2,2,9.0,1,0
62.2,112.41,7254.12,0,3,1.5,1,1
12.0,29.69,352.78,0,3,1.4,1,1
54.9,76.2,3978.26,2,1,9.4,1,0
61.3,100.32,5585.83,2,5,6.5,1,0
52.2,100.02,4972.5,2,2,9.7,0,0
12.6,111.68,1268.33,2,0,4.2,0,0
46.6,109.32,5441.81,0,0,5.7,0,0
59.8,58.79,3459.61,2,2,7.6,0,0
13.4,94.39,1159.66,2,1,1.3,1,1
70.3,62.48,4258.48,2,3,8.2,0,0
23.1,23.57,518.93,0,1,8.5,1,0
13.0,102.45,1344.37,1,3,6.0,1,0
46.2,96.58,4736.95,2,2,7.0,1,0
2.7,37.04,94.65,2,3,8.4,1,0
43.6,100.88,4318.45,2,1,5.0,1,0
31.4,43.32,1308.62,1,5,7.8,1,0
68.5,33.15,2431.6,2,0,2.1,0,0
21.8,32.92,649.85,0,1,8.6,1,0
35.5,22.27,863.19,2,2,9.2,0,0
2.5,95.3,235.55,1,0,8.7,0,0
31.9,29.38,1020.65,1,1,7.9,1,0
46.3,112.11,4896.61,0,2,9.6,0,0
13.4,118.78,1643.74,2,1,3.6,0,0
25.2,25.59,670.75,2,1,7.3,1,0
53.4,64.83,3336.44,2,2,4.1,0,0
30.8,29.6,912.0,0,2,4.1,0,0
18.6,44.64,863.27,2,3,9.4,0,0
11.5,83.19,1040.87,0,2,5.4,0,1
2.3,110.87,268.8,2,3,4.1,1,0
55.9,45.38,2368.77,2,1,4.7,1,0
33.7,43.32,1513.56,2,2,8.4,0,0
21.5,33.99,697.99,1,4,9.6,0,0
7.2,100.05,678.14,1,0,8.0,1,0
51.8,93.6,4876.67,2,5,8.0,1,0
62.7,59.55,4064.6,0,2,7.1,0,0
24.4,52.06,1255.61,2,0,2.3,1,0
31.5,69.61,1977.09,1,4,5.2,1,0
69.0,61.74,4276.32,0,0,5.2,0,0
21.0,44.31,934.74,0,0,2.3,1,1
28.5,117.61,3619.39,0,1,8.5,1,0
30.2,37.55,1172.9,2,4,2.7,1,1
43.5,87.83,3465.39,2,0,3.2,1,0
28.4,78.01,2024.52,2,2,7.9,0,0
66.9,39.22,2551.56,2,1,4.4,0,0
56.4,86.66,5343.22,1,4,4.3,0,0
20.8,64.66,1397.14,1,3,4.6,1,0
6.9,60.18,446.4,0,2,1.8,0,1
64.7,76.88,4744.05,2,2,9.1,1,0
54.4,99.5,5466.94,2,4,6.0,1,0
26.5,100.63,2899.39,0,2,1.2,1,1
48.2,60.4,2919.4,1,2,5.7,0,0
13.7,114.31,1458.35,0,1,1.2,1,1
25.6,70.08,1896.77,1,3,6.4,1,0
51.4,42.79,2300.64,1,4,1.2,0,1
40.1,90.91,3762.26,2,1,3.7,1,0
45.1,62.04,2645.57,0,2,3.0,0,0
40.0,101.18,4274.68,0,3,9.7,0,0
31.1,82.81,2725.08,2,3,4.6,1,0
34.8,114.12,4270.51,2,3,7.0,1,0
50.0,35.62,1914.08,1,0,3.1,1,0
71.1,66.7,4722.44,0,3,3.0,1,0
17.0,34.43,585.86,1,1,9.5,1,0
67.6,38.79,2472.62,1,0,3.1,0,0
23.1,117.9,2602.68,2,1,2.0,1,1
37.9,31.63,1200.39,1,1,4.4,0,0
22.1,33.31,772.18,1,2,2.9,1,0
69.5,112.89,7800.08,0,2,8.9,1,0
50.0,25.51,1355.47,1,2,8.7,0,0
23.8,34.3,745.11,2,3,7.7,1,0
59.5,57.89,3567.63,0,1,9.1,1,0
43.0,48.65,2014.19,0,2,7.0,1,0
39.8,62.53,2646.68,0,1,1.5,1,1
32.4,32.24,1128.89,0,3,7.0,1,0
32.0,69.03,2235.57,0,3,9.9,0,0
56.0,118.76,6288.03,1,1,6.7,0,0
16.0,61.95,985.74,1,2,7.7,1,0
11.2,34.94,381.38,2,2,9.5,0,0
47.9,52.99,2427.01,2,1,8.0,0,0
24.2,98.63,2355.89,2,1,6.1,0,0
17.3,99.78,1791.08,1,0,1.3,1,0
15.7,99.0,1654.87,1,2,3.9,0,0
7.0,46.72,336.16,0,3,3.5,1,1
30.1,99.68,3143.04,0,1,8.9,1,0
48.4,115.71,5171.1,2,3,8.7,1,0
58.9,21.65,1348.51,1,2,3.1,1,0
23.6,91.73,2041.55,0,2,2.2,1,1
5.1,69.92,336.68,1,1,8.5,0,0
16.6,63.1,1086.28,0,2,4.8,0,1
9.9,41.38,373.66,1,1,9.9,1,0
29.7,109.06,3356.55,1,3,7.6,1,0
3.2,67.9,230.48,1,0,4.8,1,0
54.2,48.83,2737.74,2,1,9.2,1,0
41.3,77.09,3493.8,2,1,9.2,0,0
56.1,112.25,6699.92,1,0,8.0,1,0
65.9,68.26,4132.24,2,2,9.9,1,0
64.1,41.01,2633.01,0,2,2.1,1,0
21.9,81.1,1720.84,2,0,7.0,0,0
9.5,85.63,735.16,1,0,1.4,0,1
27.3,33.19,949.47,1,0,1.8,1,0
62.3,31.01,1864.08,2,3,4.7,0,0
63.3,34.28,1978.24,1,0,7.1,0,0
44.9,105.41,5001.98,1,3,2.0,1,0
26.2,66.17,1576.82,2,1,9.5,1,0
42.4,100.77,3992.05,2,0,4.9,1,0
18.4,62.29,1196.06,0,5,3.3,1,1
9.0,114.08,1092.77,2,0,9.0,0,0
2.6,34.69,86.9,1,4,1.6,0,1
3.3,64.75,193.4,1,0,9.2,0,0
66.0,109.69,6566.39,2,1,7.6,0,0
41.6,67.82,2779.97,0,0,3.6,0,1
28.9,49.81,1323.7,1,4,2.5,1,0
58.8,70.7,3841.41,1,1,2.6,0,0
42.2,39.58,1768.37,2,1,8.4,1,0
10.8,83.64,946.59,2,0,3.4,1,0
50.6,35.38,1807.9,2,2,7.2,1,0
32.1,88.87,2915.12,2,5,8.5,0,0
45.1,110.78,5117.93,2,1,6.2,1,0
69.3,25.28,1756.33,1,2,2.0,1,0
4.6,65.34,298.93,0,2,2.3,0,1
67.5,97.49,6363.8,0,1,2.9,0,0
13.9,114.14,1598.95,1,2,1.3,0,1
8.3,114.33,1017.97,1,0,2.9,0,0
24.2,114.25,3021.41,0,1,1.9,1,1
57.8,100.16,5743.28,1,1,7.4,0,0
23.1,51.13,1178.52,2,0,2.5,0,0
4.6,82.76,395.42,1,2,2.8,0,1
53.9,85.75,4594.66,0,2,4.0,0,0
45.6,23.34,1093.9,1,1,7.4,0,0
53.9,59.48,3034.23,1,2,5.8,0,0
54.6,45.54,2375.54,0,2,1.9,0,1
67.8,72.78,4694.26,1,1,1.5,1,0
24.3,24.35,582.8,0,0,8.0,0,0
60.5,46.06,2998.85,1,1,4.2,0,0
33.0,70.06,2372.94,1,1,1.5,1,0
35.6,85.43,2782.99,1,2,3.0,0,0
3.8,100.23,351.91,1,1,3.3,0,1
63.9,51.84,3051.12,1,3,2.1,0,0
46.2,117.67,5361.46,2,1,7.8,1,0
28.6,25.17,759.87,1,3,6.4,0,0
6.0,26.58,147.43,2,4,3.3,0,0
19.2,99.43,2074.84,2,2,8.5,0,0
26.2,48.49,1205.91,2,1,6.2,0,0
46.3,20.03,929.4,1,2,2.1,0,0
58.3,23.59,1275.81,0,3,2.6,1,0
27.4,29.82,816.3,0,1,5.3,0,1
22.2,51.59,1182.55,0,3,3.5,0,1
4.6,65.49,277.55,0,2,1.2,0,1
62.5,67.65,4076.71,0,1,4.0,1,0
16.4,106.18,1706.02,2,1,6.7,0,0
58.6,77.86,4838.84,2,2,5.2,1,0
50.8,100.07,5249.19,2,6,9.9,0,0
25.5,100.1,2559.24,1,1,4.4,1,0
16.9,114.43,2095.19,2,3,7.7,1,0
10.0,45.88,446.92,1,1,3.6,0,1
15.2,62.85,908.16,0,4,8.7,1,1
56.1,78.91,4730.66,1,2,4.6,0,0
69.8,112.67,8066.0,2,2,7.8,0,0
47.4,105.26,4938.92,2,1,3.9,1,0
18.7,86.02,1612.45,0,1,7.2,1,0
56.6,75.46,4531.48,1,2,2.4,0,0
44.5,89.71,3982.86,1,2,2.2,1,0
60.0,68.41,4187.63,0,3,8.5,1,0
38.6,30.57,1089.0,1,4,9.4,0,0
51.3,48.23,2460.36,2,3,9.8,1,0
14.3,75.54,1164.44,1,2,9.4,1,0
14.4,52.31,782.41,1,3,2.5,0,1
7.0,92.19,601.31,0,5,7.8,0,1
62.8,100.67,5876.03,0,0,3.9,0,0
37.2,109.92,4317.33,0,4,9.8,0,0
10.2,83.46,770.06,1,0,7.5,0,0
65.1,45.05,2806.91,0,2,3.8,1,0
35.5,68.02,2323.55,2,1,2.5,1,0
13.2,108.55,1507.26,2,2,5.7,0,1
5.6,91.63,492.64,1,2,7.2,1,0
6.9,69.06,518.67,2,1,1.6,1,1
40.7,76.81,3195.37,0,2,2.0,1,1
27.2,46.2,1290.16,0,4,8.3,1,1
60.5,72.67,4548.99,1,1,3.1,1,0
56.1,118.36,7064.43,2,2,5.5,1,0
40.4,114.75,4814.16,0,0,1.7,0,1
26.7,60.64,1515.78,2,0,3.8,1,0
54.5,55.42,2818.08,0,2,6.8,1,0
58.7,73.19,4352.64,1,0,4.3,1,0
35.0,97.89,3471.7,0,2,7.5,1,0
48.9,24.1,1060.85,1,1,1.6,1,0
58.7,80.05,5021.33,1,0,8.6,1,0
28.2,118.47,3455.56,0,4,3.7,1,1
40.0,35.69,1456.55,2,2,7.1,0,0
16.1,108.32,1879.77,2,2,4.2,0,1
32.5,81.43,2804.91,2,1,3.7,0,0
20.5,114.04,2200.54,1,0,2.2,0,1
10.0,119.15,1189.03,2,1,1.7,1,1
58.5,66.86,3908.93,2,0,3.0,1,0
45.4,115.24,4916.06,0,3,3.1,0,1
46.1,112.29,5042.21,2,4,5.4,0,0
64.9,91.22,5534.93,0,3,5.7,0,0
58.5,20.53,1310.76,1,5,1.5,1,0
30.0,101.4,2796.31,2,3,9.0,1,0
21.1,90.49,1917.77,2,1,1.5,0,1
38.6,106.69,4318.75,0,2,9.1,1,0
63.2,39.71,2685.44,0,2,7.8,1,0
69.0,64.48,4223.28,2,1,6.7,1,0
69.4,81.44,5153.73,1,1,1.9,1,0
29.9,118.38,3654.2,2,2,5.7,1,0
41.4,23.22,986.52,1,2,1.4,1,0
9.6,60.33,549.99,0,1,9.7,0,0
32.5,88.51,3078.87,2,2,2.1,0,1
56.1,49.91,3024.95,0,4,4.5,1,0
12.7,64.44,744.89,1,2,2.0,0,1
10.4,25.77,266.83,1,0,7.7,1,0
24.9,41.45,1028.42,1,3,1.6,0,1
14.0,59.17,776.46,0,1,4.0,1,1
13.2,47.88,597.07,2,3,3.8,1,0
7.5,79.05,563.69,1,2,5.8,0,1
28.4,23.16,610.61,0,2,6.7,0,0
12.0,63.8,806.25,2,1,8.8,0,0
66.3,32.33,2270.12,1,2,4.5,0,0
2.5,68.69,179.29,1,5,6.6,0,1
3.0,102.1,303.02,2,1,3.6,0,1
19.5,20.57,363.92,2,6,1.4,1,1
62.9,91.38,6287.62,2,0,9.2,1,0
61.8,86.56,5649.89,0,1,6.8,0,0
19.9,42.97,777.56,0,2,5.4,0,1
4.8,101.91,477.66,2,2,8.8,0,0
53.7,79.48,3845.27,2,4,7.9,1,0
19.8,63.32,1362.0,0,4,8.5,1,0
65.9,28.23,2014.42,1,2,4.5,0,0
29.6,106.71,3438.66,2,2,3.2,1,0
34.9,63.59,2332.92,2,4,7.2,1,0
14.0,59.81,755.02,0,1,3.2,0,1
58.4,109.17,6123.78,1,3,3.2,1,0
66.0,95.01,5682.26,0,3,6.9,1,0
60.0,80.45,5298.46,0,2,8.4,0,0
55.5,38.93,2024.81,1,2,4.7,1,0
28.7,80.88,2145.16,2,2,4.9,0,0
6.3,46.05,304.25,0,2,3.7,1,0
2.7,63.42,160.34,0,2,5.5,1,1
39.3,117.93,4492.17,1,0,5.4,1,0
57.9,80.26,5065.85,0,1,8.5,1,0
13.1,105.79,1413.26,1,4,4.5,0,1
28.5,73.29,2042.23,0,5,6.4,0,1
31.2,59.9,2015.65,2,5,5.8,0,0
47.9,107.77,4908.79,2,1,9.6,1,0
6.2,80.31,491.36,2,0,2.2,1,1
4.7,110.79,566.05,2,2,9.5,1,0
13.4,57.55,748.08,1,0,1.6,1,0
39.2,107.05,4572.82,0,0,4.1,0,0
31.5,42.33,1350.78,2,3,4.9,0,0
69.7,51.13,3580.14,0,2,2.1,0,0
38.2,102.72,4297.03,1,0,8.5,0,0
64.2,75.76,5294.4,0,0,3.6,1,0
14.2,24.88,372.75,0,3,1.3,0,1
2.5,87.79,217.43,2,2,6.7,1,0
61.3,106.43,6858.81,1,2,1.1,0,0
33.1,111.9,3601.32,2,1,9.5,1,0
8.0,81.61,610.37,0,0,6.6,0,1
41.6,35.33,1479.71,2,4,9.0,0,0
41.5,84.48,3836.47,0,2,4.1,1,0
20.1,35.94,722.72,1,0,9.9,0,0
63.8,112.35,7343.57,0,3,2.1,1,1
59.8,20.43,1149.22,1,4,1.3,0,0
33.4,84.62,2972.48,1,1,8.1,1,0
17.8,83.9,1547.35,2,1,2.3,1,1
21.9,84.59,1762.27,0,3,4.4,0,1
65.0,54.51,3417.45,1,0,3.0,0,0
29.7,80.33,2427.15,0,4,6.4,0,0
42.6,53.93,2067.56,2,0,8.1,1,0
12.3,89.6,1068.89,1,1,6.9,1,0
43.3,21.91,1009.7,1,2,2.8,0,0
70.5,82.57,6139.85,0,1,7.0,0,0
64.6,100.71,6514.72,0,2,5.9,0,0
29.0,26.32,803.08,0,3,5.0,0,1
19.2,79.95,1476.77,1,3,8.2,0,0
42.1,86.53,3346.5,2,1,3.4,0,0
41.0,116.76,4523.9,0,2,4.2,0,1
54.9,72.49,4109.74,2,2,6.9,0,0
6.8,39.02,260.15,2,1,3.4,0,0
51.5,53.02,2988.04,1,3,3.1,0,0
71.2,98.65,6619.62,0,6,7.8,0,0
13.3,94.51,1218.35,2,0,5.3,1,0
30.6,96.07,3169.0,1,6,6.1,1,1
35.6,71.35,2508.97,0,0,9.1,1,0
63.0,65.9,4395.37,1,2,4.4,1,0
11.0,90.13,1020.33,1,2,5.0,1,0
2.4,116.13,281.32,1,0,3.9,0,1
24.6,49.61,1168.77,1,3,7.3,1,0
63.3,108.7,7320.0,0,2,3.0,1,0
18.1,92.56,1616.6,0,2,9.9,0,0
12.7,78.44,1035.47,1,0,2.6,1,0
51.9,57.64,2999.59,2,4,6.5,0,0
3.5,84.56,269.61,2,3,3.0,1,1
50.4,102.1,5334.27,2,1,3.0,1,0
34.2,22.99,803.46,2,1,1.0,0,1
32.0,84.0,2460.15,0,4,5.6,0,1
59.0,61.28,3625.62,2,0,3.8,0,0
28.3,95.61,2690.84,1,0,3.7,0,0
35.6,72.81,2483.78,1,1,3.8,1,0
20.1,116.68,2240.33,1,1,3.4,1,1
59.4,82.21,5098.29,2,4,8.6,0,0
58.0,80.82,4723.37,0,2,6.5,1,0
54.8,95.87,5579.06,2,5,9.3,1,0
4.4,114.18,486.47,2,1,4.7,0,0
32.4,91.98,3094.1,0,1,5.6,1,1
36.2,113.81,3994.68,1,1,8.0,1,0
37.5,116.14,4561.69,2,0,5.1,0,0
69.9,48.4,3080.75,1,2,7.2,1,0
12.9,50.65,696.85,1,1,2.2,1,0
46.0,47.4,2369.96,1,3,5.1,1,0
54.7,103.59,6058.21,1,1,4.9,0,0
28.8,98.86,2929.26,1,1,7.9,1,0
19.6,33.67,653.06,0,0,3.2,0,1
5.8,73.87,463.87,1,4,9.6,1,0
53.9,64.59,3747.58,1,2,9.5,1,0
24.3,68.31,1616.76,1,2,2.4,0,1
31.5,110.73,3650.09,2,2,2.1,1,1
22.4,101.9,2354.36,0,2,9.1,0,0
24.8,59.88,1485.59,2,2,2.2,0,0
68.8,69.46,5199.84,0,0,7.9,1,0
48.1,63.05,2823.28,2,1,9.3,0,0
63.4,56.99,3859.66,0,2,1.9,0,1
31.9,47.74,1655.67,2,0,4.7,0,0
57.5,85.55,4779.72,2,1,7.8,0,0
61.7,89.89,5709.1,2,3,5.9,1,0
12.6,75.64,1030.59,0,2,2.0,1,1
68.8,44.06,3274.49,1,0,4.7,0,0
8.7,113.75,950.95,2,1,5.2,1,0
42.0,40.59,1755.07,0,0,9.2,1,0
29.0,27.59,761.22,1,2,3.3,1,0
51.9,24.74,1181.65,1,1,9.3,0,0
22.7,113.62,2798.37,0,2,1.5,0,1
46.2,102.49,4388.6,1,4,7.4,0,0
50.5,110.61,5184.74,1,2,6.4,0,0
5.9,108.94,604.91,2,3,7.3,0,1
43.5,117.88,5407.57,2,2,3.1,0,0
38.8,96.56,4009.32,1,6,2.4,0,1
26.9,104.57,2759.99,0,6,2.9,1,1
11.5,59.77,686.6,2,0,1.1,1,1
9.0,41.19,399.52,0,1,3.3,1,0
53.1,114.02,5936.32,0,4,5.0,0,0
33.8,117.87,3999.11,0,2,2.4,1,1
64.1,22.87,1515.79,0,2,9.5,1,0
21.2,25.98,561.8,2,2,5.8,0,0
58.3,75.39,4296.84,2,2,3.9,1,0
12.5,49.76,617.23,0,3,2.5,1,1
20.6,100.38,2216.86,2,1,5.7,1,1
6.6,79.66,530.85,2,0,2.9,1,0
60.6,116.41,7476.75,0,1,8.2,0,0
63.2,53.02,3300.09,0,0,2.8,1,0
32.1,81.3,2644.36,0,0,2.9,1,0
25.3,33.26,916.42,1,1,8.9,1,0
59.9,81.89,5157.54,0,2,3.7,0,0
33.1,103.51,3528.87,2,2,1.5,0,0
13.6,70.72,1007.18,1,1,3.0,1,0
40.9,114.04,5100.5,2,3,5.3,1,0
40.3,76.94,2894.2,1,2,2.2,0,0
54.6,117.44,6512.93,0,1,4.6,1,0
53.7,22.55,1189.53,1,1,3.0,1,0
71.9,42.05,2978.03,0,2,4.4,1,0
17.1,64.39,1128.8,1,3,4.2,1,0
68.6,29.99,1998.05,0,4,3.2,1,0
22.9,87.17,1896.15,0,2,3.7,1,1
52.4,109.79,5965.53,2,6,8.1,0,0
36.1,20.01,695.12,1,1,1.7,0,0
34.8,53.81,1945.85,2,3,1.1,0,1
4.0,30.05,110.1,0,1,6.0,1,1
21.4,63.16,1485.72,1,2,1.0,0,1
42.2,57.3,2532.86,1,1,4.3,1,0
10.9,118.4,1390.29,0,2,2.7,1,1
28.9,37.06,1162.27,1,4,3.4,1,0
23.5,98.63,2087.16,1,3,8.1,1,0
38.1,111.85,4133.79,0,2,8.0,0,1
15.2,53.47,743.15,1,2,6.3,0,0
50.8,52.68,2629.55,1,3,9.8,1,0
26.4,100.48,2424.16,2,1,3.2,0,1
4.9,106.23,496.9,2,0,2.1,1,0
70.1,48.74,3571.45,0,2,8.4,1,0
55.2,29.04,1509.28,1,4,8.5,0,0
54.0,33.55,1865.4,0,1,3.8,0,0
60.2,93.71,5529.94,1,1,9.7,0,0
11.4,65.65,768.89,0,2,1.4,0,1
11.1,31.72,379.52,2,2,8.2,1,0
4.2,120.0,554.5,0,2,8.9,1,1
19.2,72.85,1375.07,1,3,7.7,1,0
53.6,109.79,5546.97,0,5,5.7,1,0
11.3,98.7,1049.75,0,5,4.4,1,1
68.8,116.53,7446.24,2,1,1.9,0,0
34.8,88.58,2921.93,0,3,2.3,1,1
60.4,44.63,2713.28,1,4,8.7,0,0
42.1,42.22,1936.13,0,4,6.3,1,0
39.7,73.11,3151.08,1,1,8.8,0,0
28.5,61.11,1700.74,2,2,8.8,1,0
48.0,30.88,1549.0,2,2,6.8,0,0
30.4,45.32,1278.31,0,1,6.3,0,0
59.4,24.81,1414.22,1,1,1.4,0,0
20.1,54.26,1165.27,0,1,8.2,0,0
7.5,74.94,547.09,0,1,5.0,0,0
41.3,89.71,4039.11,2,2,3.9,1,0
12.6,24.55,302.02,0,4,4.4,0,1
14.0,71.4,1004.34,0,1,3.5,1,1
71.9,85.52,6210.9,0,1,3.5,1,0
55.5,40.82,2143.49,1,3,4.3,1,0
24.2,110.11,2724.0,0,2,8.3,1,1
30.5,111.07,3556.78,0,5,1.2,0,1
37.2,90.46,3512.0,1,5,9.7,0,0
21.1,107.97,2098.66,2,2,5.3,0,1
21.8,42.34,854.83,2,2,4.0,0,0
17.2,66.16,1079.71,0,2,3.4,1,1
16.5,91.52,1505.61,1,3,4.1,1,0
13.2,89.08,1086.93,2,0,6.4,0,0
62.5,75.73,4630.55,2,1,6.5,1,0
55.0,65.61,3688.88,2,1,9.2,0,0
70.8,27.99,2108.21,0,1,9.6,1,0
45.3,98.3,4108.45,1,2,1.1,1,1
13.4,44.82,615.58,1,2,2.8,0,0
36.4,82.76,3178.18,1,0,6.9,1,0
65.4,104.26,6479.67,2,1,5.3,1,0
44.6,27.73,1288.05,2,1,1.0,1,0
59.0,43.83,2652.2,0,1,4.2,0,0
18.3,107.08,1968.47,1,2,9.3,0,0
11.0,74.7,905.32,1,3,5.6,1,1
69.6,97.58,6388.11,2,2,2.4,0,0
36.0,76.48,2860.68,0,3,6.4,1,0
63.9,67.18,3922.42,0,3,3.9,0,0
41.0,88.39,3514.93,2,2,4.2,0,0
23.5,80.13,1801.94,2,3,5.5,1,0
51.0,82.86,4354.83,2,1,7.4,1,0
34.0,56.85,1920.53,2,1,3.9,1,0
11.7,69.67,744.26,1,3,3.5,1,1
56.4,90.5,4918.65,1,1,4.6,1,0
71.7,42.29,3300.13,2,1,9.9,0,0
61.1,77.85,4434.84,1,0,6.7,0,0
48.7,58.73,3047.95,1,1,3.8,1,0
56.6,80.08,4542.56,1,1,8.7,0,0
57.6,30.58,1637.51,0,3,3.6,0,1
1.2,22.63,24.07,2,3,2.9,0,0
65.5,91.42,5680.78,2,1,1.2,1,0
3.2,46.91,147.07,2,2,1.3,1,1
5.8,34.88,216.9,2,4,5.9,1,0
46.4,36.67,1861.84,1,1,3.6,0,0
11.0,74.58,793.27,1,5,1.4,1,1
54.9,30.46,1690.11,0,0,5.1,1,0
71.0,49.41,3844.22,0,1,2.0,1,0
52.6,21.0,1129.33,0,2,9.7,1,0
10.6,23.48,238.47,2,2,5.3,1,0
20.8,41.71,853.97,0,2,9.2,0,0
57.0,88.05,5195.49,0,6,5.2,1,1
44.0,75.93,3491.82,0,0,2.3,0,1
35.7,77.16,2541.75,0,1,7.1,0,0
20.5,54.55,1082.55,1,4,3.2,1,0
12.8,55.15,700.87,0,1,6.9,1,0
24.3,89.49,2153.1,0,1,3.6,0,1
27.2,29.4,822.23,1,4,8.4,1,0
22.4,112.83,2748.29,1,2,5.3,0,1
56.7,35.03,1853.75,0,1,1.4,0,1
15.1,101.69,1511.87,0,3,4.0,1,1
19.8,98.3,2064.49,1,1,9.1,0,0
37.5,63.84,2259.87,2,1,8.4,1,0
32.6,112.19,3573.66,0,0,8.7,1,0
32.8,30.95,1110.92,2,3,5.3,0,0
4.0,114.76,445.64,0,0,8.4,0,0
34.0,45.02,1640.3,0,4,2.2,1,1
58.4,119.77,7561.17,0,6,3.1,1,1
65.2,52.88,3786.86,1,3,8.6,1,0
56.8,48.8,2940.31,1,1,6.9,0,0
25.7,117.17,3314.85,0,1,5.7,1,1
46.5,87.53,3870.45,1,0,7.5,0,0
27.2,30.37,897.07,0,6,3.2,1,1
34.0,105.6,3805.2,0,2,7.8,0,0
68.5,34.46,2369.46,2,3,2.0,0,0
37.3,51.48,2036.88,1,2,9.7,0,0
48.5,67.57,3471.51,0,2,4.1,0,0
33.9,81.95,2556.49,0,3,8.3,1,0
45.8,85.94,4143.52,0,1,3.3,1,0
41.2,96.39,3749.38,0,1,7.3,1,0
3.1,47.88,150.06,0,4,4.0,0,1
18.2,56.05,1094.06,0,2,9.8,0,0
51.5,99.98,5342.72,0,1,2.8,1,0
37.9,33.09,1364.78,1,2,2.2,1,0
57.4,117.71,7066.62,2,2,4.1,1,0
12.6,20.59,255.16,2,1,1.1,1,0
4.8,117.27,520.52,2,1,5.3,0,1
48.5,51.0,2269.3,2,3,9.0,1,0
43.2,104.63,4731.83,1,4,1.0,0,0
44.9,58.1,2470.88,0,2,8.5,0,0
57.4,41.36,2263.18,2,4,6.4,0,0
18.2,41.76,792.15,1,2,8.8,0,0
67.3,88.6,5715.51,0,1,1.9,0,1
63.9,72.4,4730.43,0,2,2.2,0,1
65.2,87.1,5465.25,1,2,2.9,1,0
56.4,77.48,4465.22,0,1,4.7,1,0
19.8,102.8,2057.76,1,1,3.7,0,0
61.7,57.21,3761.07,1,3,3.2,0,0
68.3,79.89,5369.75,1,2,5.9,0,0
68.9,71.98,4842.13,2,1,7.1,1,0
64.2,101.78,6232.1,0,7,1.5,1,1
55.8,34.5,1812.44,1,0,5.9,1,0
16.6,43.56,689.01,2,2,2.0,1,0
12.2,50.97,580.01,1,1,6.8,0,0
39.6,35.29,1297.93,0,2,7.8,1,0
64.7,23.95,1549.42,0,1,9.5,1,0
38.0,92.82,3445.67,2,4,1.8,0,1
38.2,100.23,3470.71,2,2,5.8,0,0
51.2,94.41,4839.26,1,2,6.8,1,0
9.6,50.65,495.2,0,3,2.2,1,1
32.9,34.43,1157.87,2,1,4.3,0,0
25.1,26.72,619.46,1,3,4.6,0,0
19.9,119.07,2234.21,2,2,1.3,0,1
17.3,77.63,1452.36,1,1,7.9,1,0
58.6,76.11,4047.38,1,2,7.9,1,0
69.9,82.99,5436.29,2,1,8.0,0,0
55.0,82.33,4651.85,2,4,3.3,1,0
68.6,79.24,5648.12,0,3,5.1,1,0
37.9,63.94,2603.27,1,3,1.8,0,0
25.6,116.04,2903.03,0,3,1.3,1,1
68.8,77.18,5360.08,2,1,1.5,0,0
20.5,76.27,1480.35,2,1,3.1,1,1
7.1,28.38,193.82,2,1,6.3,0,0
42.1,28.7,1287.59,0,2,7.1,1,0
64.9,43.48,2813.49,2,5,8.8,0,0
34.2,26.17,943.02,2,3,5.5,1,0
29.0,56.2,1508.86,1,3,6.0,0,0
45.5,42.42,1942.26,2,0,1.9,0,0
30.1,39.53,1305.76,0,3,5.7,1,0
42.4,40.43,1705.65,2,2,2.6,0,0
24.1,113.8,2879.15,0,0,9.8,0,0
10.7,97.18,945.91,1,1,8.8,1,0
42.9,68.95,2738.98,2,1,4.3,1,0
53.0,97.75,5330.87,2,2,4.1,1,0
53.0,117.11,5631.73,1,1,5.9,1,0
42.6,71.33,2928.32,0,0,8.8,1,0
6.6,81.67,584.37,2,1,1.9,0,1
51.0,109.27,5032.32,2,2,7.6,0,0
17.7,41.28,694.56,0,1,1.8,1,1
3.4,86.17,318.89,2,1,6.0,1,0
33.4,109.92,3724.61,0,3,9.0,1,0
56.6,105.56,5960.47,2,1,7.5,1,0
27.8,29.24,794.67,1,3,9.5,0,0
30.1,27.38,851.46,0,6,7.5,0,0
51.0,28.88,1425.08,1,2,6.1,0,0
37.7,28.33,1120.17,2,5,1.5,0,0
38.3,45.68,1817.77,1,0,1.7,0,0
67.3,119.32,8764.07,0,3,8.7,0,0
25.8,31.85,771.97,1,1,5.9,1,0
45.2,93.5,3885.09,1,3,6.2,1,0
11.8,97.39,1237.13,0,3,9.8,0,0
55.9,73.72,3945.6,0,2,4.7,0,0
26.9,81.13,2243.39,2,3,7.4,1,0
52.1,113.9,6062.07,1,3,5.1,1,0
43.6,40.38,1767.16,0,2,9.1,1,0
65.5,25.07,1633.47,1,1,9.6,1,0
8.7,78.25,613.33,0,3,5.4,1,1
7.4,76.26,520.31,0,0,2.2,0,1
67.9,49.15,3181.42,2,3,3.4,0,0
37.0,104.04,3812.37,1,0,1.5,1,1
57.4,73.84,4338.27,0,1,9.6,0,0
34.5,93.97,3241.36,2,2,9.1,0,0
4.6,97.29,485.7,0,0,3.6,0,1
55.3,41.71,2103.21,0,1,8.7,0,0
26.1,40.25,1074.0,2,1,9.6,0,0
35.5,37.03,1346.21,1,1,3.2,0,0
45.5,50.13,2367.42,0,4,8.1,0,1
46.3,47.52,2167.57,1,1,8.5,1,0
55.6,24.91,1405.07,0,1,8.9,0,0
43.4,27.91,1229.58,2,2,4.6,0,0
16.2,60.9,970.91,2,2,8.8,0,0
53.2,72.52,4118.33,2,0,7.2,0,0
9.4,101.7,902.46,2,2,7.0,1,0
62.7,92.55,5471.06,1,0,7.8,0,0
70.6,64.95,4951.16,1,1,10.0,1,0
57.9,114.11,7002.64,2,2,7.2,0,0
32.3,67.78,2002.15,2,0,3.4,0,0
28.3,35.69,983.94,1,3,9.9,0,0
64.2,97.38,5817.91,1,0,3.4,1,0
2.5,82.62,184.3,1,2,7.5,1,0
64.8,30.8,1975.63,2,1,9.4,0,0
20.5,32.83,646.89,1,1,5.1,1,0
27.3,39.16,1118.62,0,0,1.3,0,1
22.1,117.94,2449.53,2,1,2.9,1,1
29.1,51.42,1527.19,0,2,7.8,1,0
52.3,70.54,3912.9,1,0,2.7,0,0
71.7,45.0,3349.09,2,1,6.7,0,0
29.9,52.79,1691.49,2,2,6.2,0,0
17.2,115.42,2166.16,2,2,8.1,1,0
21.6,103.22,2436.98,2,2,1.4,0,1
43.3,90.54,3613.9,1,3,6.4,0,0
50.6,110.63,5601.84,2,1,3.8,0,0
49.4,33.11,1630.38,1,1,6.4,1,0
43.4,118.22,4693.61,2,1,7.5,0,0
51.0,96.93,5101.69,1,0,7.7,0,0
46.9,26.75,1201.62,1,5,7.6,1,0
62.7,21.56,1436.41,0,1,6.2,0,0
47.4,73.28,3208.5,0,2,5.0,0,1
70.8,66.02,4303.64,2,0,8.9,1,0
46.7,51.58,2342.11,1,2,2.0,1,0
54.7,46.85,2748.98,1,3,3.7,0,0
5.1,88.0,428.53,1,2,9.3,1,0
57.7,52.32,2947.17,0,0,4.9,0,0
55.5,58.13,3505.79,1,1,9.7,0,0
31.9,80.98,2371.91,2,1,3.1,0,0
12.3,25.92,348.85,2,5,7.7,0,0
9.8,71.84,718.75,0,1,4.4,0,0
21.4,51.81,1005.47,0,0,6.3,1,0
52.1,80.84,4143.39,0,1,1.7,0,1
36.1,63.79,2143.76,1,2,6.5,0,0
39.1,87.82,3339.59,0,2,4.6,1,0
64.8,27.29,1676.27,2,1,3.2,0,0
57.0,105.96,6146.51,2,6,5.1,0,0
41.3,119.65,5333.03,1,3,3.1,0,1
1.7,115.53,186.15,2,3,1.4,1,1
5.6,43.2,259.53,1,1,3.8,1,0
43.3,76.84,3173.87,2,2,4.2,1,0
14.1,54.11,689.84,0,2,5.0,1,0
42.4,98.11,4010.67,2,1,3.3,1,0
41.9,24.2,962.78,1,0,3.7,1,0
50.5,23.53,1108.38,0,2,2.2,0,1
59.6,66.07,3966.24,1,2,3.5,1,0
31.6,109.94,3670.63,1,1,2.0,1,1
24.1,102.63,2474.99,0,3,9.4,0,1
70.3,64.79,4882.9,2,0,1.6,0,0
30.7,100.98,3138.06,1,2,2.6,1,1
27.8,98.07,2885.36,2,1,4.3,0,0
38.0,59.52,2259.78,2,3,8.2,1,0
49.8,99.87,4927.5,1,1,8.2,0,0
7.1,38.92,304.49,2,3,10.0,0,0
27.5,43.44,1161.95,1,0,2.5,1,0
8.1,53.62,457.72,2,3,3.9,0,0
52.9,75.79,3712.42,0,3,9.2,0,0
64.9,97.94,6015.43,2,2,6.5,0,0
66.9,91.97,5600.57,1,2,8.0,1,0
42.9,93.97,4180.63,1,2,5.8,0,0
29.5,117.48,3119.22,0,4,9.9,1,0
61.0,73.8,4051.59,0,2,5.0,1,0
23.6,25.47,556.85,2,2,4.8,1,0
17.2,109.47,1732.65,2,6,6.1,0,1
16.5,81.39,1325.44,2,4,4.3,1,1
5.9,20.42,121.95,2,1,4.4,0,0
11.0,38.81,386.0,2,0,4.9,1,0
64.6,39.63,2327.31,0,3,3.1,0,0
32.2,54.14,1628.58,0,4,1.6,0,1
3.6,72.48,274.11,1,0,3.8,0,0
28.8,32.49,1013.0,2,1,4.9,0,0
21.5,65.72,1532.14,2,2,6.2,0,0
2.7,34.25,101.5,2,6,3.8,0,1
7.3,67.5,467.7,2,2,3.7,0,1
58.3,83.78,5230.68,1,2,7.8,0,0
32.0,98.36,3155.76,1,1,5.9,1,0
64.4,95.47,6073.11,0,4,7.2,0,0
11.0,39.36,391.56,0,2,5.2,0,1
25.9,63.84,1616.88,2,1,9.4,0,0
67.8,61.84,4168.64,2,2,7.0,1,0
41.9,93.01,4123.23,1,3,5.3,0,0
65.2,77.37,5161.0,0,2,4.3,0,0
62.5,28.85,1981.75,1,1,4.6,0,0
41.9,41.12,1884.51,0,3,6.9,0,0
50.2,113.4,5179.62,2,2,9.1,0,0
68.1,64.82,4371.88,2,0,6.5,0,0
18.6,95.77,1840.92,1,1,1.7,1,0
59.2,72.89,3959.41,1,4,8.3,1,0
62.5,46.97,2828.43,1,4,9.5,1,0
5.6,62.18,344.99,2,1,1.7,0,0
24.9,73.33,1798.61,0,1,4.9,0,1
36.7,27.59,925.9,2,1,1.4,1,0
54.6,119.89,7019.26,1,5,8.9,1,0
31.5,22.1,647.79,1,2,8.6,0,0
35.8,37.86,1411.6,1,2,10.0,1,0
2.2,95.97,213.19,1,3,2.5,0,1
12.5,53.44,687.29,0,3,9.7,0,0
26.6,81.74,2053.83,2,1,1.7,0,1
34.7,33.04,1081.0,2,3,6.6,1,0
69.9,76.88,4945.34,1,1,8.7,1,0
22.8,35.21,816.85,0,2,9.8,1,0
53.2,44.09,2260.33,0,3,9.4,1,0
2.2,87.02,192.18,2,1,6.3,0,0
40.0,81.47,3168.33,2,3,3.7,0,1
57.8,67.58,3878.28,2,1,3.2,1,0
24.8,56.26,1442.24,1,1,5.4,1,0
17.4,32.22,613.99,2,3,6.7,0,0
17.1,81.87,1457.41,2,1,7.5,1,0
36.3,96.64,3316.56,0,1,9.6,1,0
43.6,25.39,1161.11,2,4,9.0,0,0
66.9,94.84,6577.43,1,1,2.0,0,0
23.1,119.37,2571.21,0,2,6.3,0,1
45.4,24.27,1042.32,0,2,2.6,1,0
11.3,27.04,325.82,0,1,8.8,0,0
27.7,113.12,3018.58,2,1,3.5,0,1
14.5,107.61,1458.47,1,1,7.2,0,0
55.6,103.08,5274.66,1,1,8.5,0,0
28.5,116.64,3280.02,0,0,4.1,0,0
49.4,42.55,2218.26,1,4,2.4,1,0
40.9,28.83,1286.62,0,2,2.9,0,1
30.6,43.14,1276.8,2,2,4.4,0,1
50.9,95.11,5117.38,0,0,3.5,1,0
16.7,58.31,905.48,0,1,9.7,1,0
61.1,111.07,6525.43,0,1,7.7,0,0
56.3,25.23,1447.52,2,2,2.6,1,0
26.2,72.93,1798.26,1,0,4.9,0,0
38.4,99.42,3960.25,1,1,8.2,0,0
57.4,29.91,1585.69,1,4,2.5,1,0
58.6,72.91,4339.8,0,3,2.8,0,1
61.9,77.49,4797.62,1,7,9.1,1,0
61.1,86.38,5412.23,1,3,6.3,0,0
59.1,114.76,6847.24,1,1,2.2,1,0
49.6,96.4,4794.67,0,4,2.5,0,1
15.2,52.32,767.59,0,3,4.4,0,1
71.8,53.41,3533.46,1,1,3.9,0,0
8.6,43.11,344.9,1,4,5.1,0,1
17.2,49.45,815.33,1,4,1.7,1,1
25.4,101.97,2335.22,1,0,6.2,1,0
1.5,104.98,150.89,2,0,4.8,0,1
19.6,26.74,543.61,0,1,7.8,0,1
67.6,75.93,4737.08,0,3,3.6,0,0
21.1,67.97,1491.19,1,0,4.4,1,0
48.3,57.9,2774.25,2,0,1.8,1,0
62.5,33.92,2233.44,0,1,3.9,0,0
8.1,97.89,817.57,0,2,4.5,0,1
49.3,23.83,1171.1,1,3,4.6,1,0
52.4,74.11,3615.81,0,1,2.7,1,0
66.2,38.2,2498.16,1,0,6.3,0,0
8.4,76.3,592.21,1,3,6.5,0,0
47.6,72.55,3575.35,2,3,1.3,1,0
42.5,24.58,1138.92,1,3,6.6,0,0
50.1,41.5,2213.46,1,1,1.0,1,0
40.9,82.03,3391.49,1,4,1.2,0,1
67.7,96.7,6166.72,1,3,3.8,1,0
63.3,104.36,7150.0,0,4,7.0,1,0
28.3,70.92,1834.82,2,1,8.5,1,0
29.4,99.96,2791.17,0,1,4.0,0,1
16.0,120.0,1959.42,1,4,8.5,1,0
65.0,110.3,7648.09,0,3,8.1,0,0
21.8,116.22,2302.64,2,1,4.8,0,0
70.8,114.51,7833.6,0,5,5.3,0,1
1.6,69.58,114.71,2,3,2.7,0,1
71.4,82.55,6315.95,0,2,2.7,1,0
22.3,43.87,963.12,1,3,1.0,0,1
17.3,63.34,1036.05,1,1,5.0,0,1
5.6,37.97,218.17,0,1,5.2,1,1
56.9,60.49,3219.42,1,3,9.2,0,0
32.0,56.11,1739.04,2,1,3.1,1,0
42.4,75.78,3244.89,2,1,5.8,1,0
29.9,95.36,2758.84,1,0,5.7,0,0
62.9,91.89,5244.49,2,2,8.5,1,0
45.3,54.38,2225.81,2,2,6.5,0,0
59.2,69.72,4096.95,2,2,1.7,0,0
25.1,51.46,1311.71,2,4,9.8,0,0
56.9,84.48,4569.36,2,1,3.5,1,0
9.3,42.38,430.89,2,2,5.6,0,1
68.8,58.76,3984.71,2,3,8.6,0,0
5.9,108.36,619.15,0,6,6.3,1,1
42.9,31.52,1453.29,2,1,6.5,1,0
18.7,48.91,957.12,1,0,7.2,1,0
22.1,79.66,1856.15,2,3,8.9,1,0
37.4,105.89,3842.34,2,2,1.4,1,0
3.8,73.23,288.84,0,0,4.1,0,0
25.6,87.25,2054.71,1,2,6.9,0,0
19.3,118.58,2291.94,1,2,2.1,0,1
56.9,117.16,6792.25,1,1,9.6,1,0
59.6,31.81,1739.46,2,1,5.4,0,0
39.8,78.98,3330.74,1,2,9.5,1,0
47.5,90.33,4650.37,2,3,7.9,1,0
31.3,42.75,1374.67,2,3,7.7,0,0
12.0,105.62,1325.12,2,4,8.3,0,0
60.8,62.25,3449.6,2,1,1.2,1,0
28.7,44.43,1216.97,1,4,1.0,0,1
30.5,102.87,3027.71,1,3,1.0,1,1
70.2,103.47,7426.18,0,1,2.0,1,0
70.9,59.73,4016.25,0,2,5.9,1,0
24.5,91.87,2105.98,2,3,1.8,1,0
60.5,92.34,5051.08,0,0,7.1,0,0
57.3,83.82,4878.03,2,3,10.0,1,0
24.0,30.36,686.3,2,0,9.8,0,0
41.8,80.19,3370.38,2,3,5.2,1,0
67.7,67.01,4619.83,2,2,2.3,0,0
30.3,49.26,1603.02,0,2,9.0,1,0
31.8,21.82,629.26,1,0,5.3,0,0
34.8,89.4,3266.48,1,4,8.6,1,0
64.9,24.69,1484.76,0,2,9.6,1,0
9.6,28.36,265.67,0,3,8.8,1,1
11.6,60.34,733.67,0,2,9.6,0,0
42.5,44.21,1829.46,1,3,3.7,0,0
71.6,104.02,7590.42,1,0,9.3,0,0
50.3,113.2,5896.9,1,1,2.3,0,0
34.5,83.61,2772.33,0,1,3.0,0,1
57.4,24.71,1457.33,2,0,1.9,1,0
11.1,88.05,956.21,2,4,8.5,0,0
39.3,116.59,4236.14,1,2,9.1,0,0
46.2,106.28,5298.67,1,2,9.0,0,0
13.6,75.45,1079.59,2,3,2.9,1,0
21.5,112.98,2247.32,0,2,3.8,0,1
24.6,60.61,1381.29,1,4,4.5,1,0
48.1,65.1,3108.04,1,2,4.7,0,0
67.5,72.42,4858.44,1,1,2.0,0,0
1.5,35.62,56.06,1,3,1.0,0,1
50.2,55.62,2684.8,1,0,7.2,1,0
43.5,96.29,4293.19,0,2,6.3,1,1
66.1,33.75,2229.25,1,0,3.5,1,0
33.1,72.75,2363.08,0,3,1.9,0,1
57.7,89.12,4661.6,1,1,5.2,1,0
37.6,78.23,2864.44,0,1,7.5,0,0
7.9,69.49,502.02,1,2,9.6,0,0
48.1,29.83,1369.42,2,2,4.1,1,0
49.9,66.12,3432.29,0,2,1.0,0,1
67.8,86.09,6315.09,2,3,7.0,1,0
13.5,69.4,922.14,2,2,3.8,1,0
7.9,28.69,221.56,0,2,2.9,0,1
69.3,40.46,3050.14,0,0,3.8,0,0
22.0,107.86,2232.42,2,1,2.8,1,0
25.3,106.72,2935.02,0,3,3.4,1,1
6.6,68.04,409.19,0,3,9.3,1,0
24.6,92.6,2246.24,0,1,4.6,0,1
19.4,51.77,921.52,1,1,6.8,0,0
23.7,118.46,2958.91,2,1,7.2,1,0
41.1,100.02,3776.52,2,0,2.5,1,0
11.2,100.44,1134.16,0,1,3.8,1,1
9.6,50.01,473.51,0,0,3.7,1,1
39.2,72.83,2990.93,0,2,5.2,0,1
71.2,103.52,6737.13,1,0,8.6,0,0
54.7,38.12,2125.0,1,2,1.0,0,0
29.0,56.86,1743.2,2,2,2.1,1,0
18.1,82.05,1410.37,2,0,9.7,0,0
58.6,45.72,2495.36,0,4,9.1,1,0
64.0,69.53,4475.81,2,3,3.5,1,0
42.8,46.38,2117.42,1,3,1.3,0,0
39.2,104.5,4063.3,1,5,8.1,1,0
17.8,54.33,1051.15,0,1,2.6,0,1
65.4,20.12,1322.69,1,3,8.3,0,0
19.5,48.27,942.75,0,1,4.9,0,1
33.5,97.85,3205.01,2,3,3.9,1,0
46.4,57.64,2419.46,1,4,9.3,1,0
66.3,87.39,5363.03,0,3,3.6,0,0
16.0,68.6,1062.66,2,5,3.1,1,1
64.5,103.67,6731.06,2,1,2.2,1,0
58.6,27.51,1624.72,1,3,10.0,1,0
13.2,100.4,1295.21,0,1,7.5,1,0
30.0,113.21,3254.49,2,1,7.6,1,0
66.3,35.62,2545.92,0,4,2.1,1,0
47.3,39.23,2033.23,2,2,8.9,1,0
19.5,90.73,1789.22,2,2,9.1,1,0
71.6,51.91,3992.52,2,5,7.0,0,0
38.8,104.15,3941.64,1,2,2.1,0,1
32.7,53.98,1863.55,0,2,2.2,0,1
6.8,106.43,711.36,2,1,6.3,0,1
9.9,107.12,1083.7,2,2,8.4,0,0
33.9,41.95,1518.51,0,3,4.0,0,1
38.1,61.35,2505.82,1,1,7.4,1,0
60.0,84.54,4752.43,2,1,8.7,0,0
7.1,86.9,658.27,0,4,8.4,1,1
42.3,22.2,1019.17,0,2,1.7,1,0
18.5,108.46,2021.57,0,4,8.2,0,0
61.2,105.41,6038.99,2,2,2.9,0,0
38.7,54.24,1953.17,0,4,5.6,1,0
58.6,76.31,4648.07,0,3,7.7,1,0
32.0,53.75,1702.16,2,3,6.7,1,0
43.1,98.89,4225.87,1,1,8.3,0,0
16.1,31.75,484.24,1,2,5.9,0,0
12.7,94.45,1143.34,1,4,4.8,1,1
14.6,27.72,417.53,0,1,6.2,1,1
33.1,28.24,843.36,1,2,3.9,1,0
21.0,50.49,1011.37,2,2,6.5,0,0
28.6,110.06,3192.43,1,1,2.6,0,1
54.4,41.19,2120.91,2,2,6.3,1,0
2.4,79.21,185.84,0,4,6.6,1,1
71.1,110.27,7793.76,1,3,8.4,0,0
69.5,57.17,3603.31,0,0,5.9,1,0
20.0,27.14,556.01,0,3,4.6,0,0
58.9,21.2,1187.19,2,2,9.9,0,0
9.8,85.09,870.1,1,2,4.3,1,0
45.1,22.52,972.11,0,0,1.8,0,0
10.0,102.56,1093.73,2,4,7.9,1,0
26.3,39.32,1073.14,1,2,9.2,0,0
66.9,115.2,7433.37,1,2,6.6,1,0
41.9,90.26,3660.2,1,4,9.3,0,0
30.3,66.11,2085.24,0,3,5.0,1,1
7.6,74.63,567.18,0,1,2.1,1,1
14.0,37.06,470.36,2,2,6.6,1,0
62.5,83.77,5698.48,1,3,8.8,0,0
5.8,39.3,249.94,0,3,1.3,0,1
44.5,70.46,3070.6,2,3,9.1,0,0
71.0,24.04,1862.25,2,1,9.0,1,0
5.3,101.05,557.54,2,1,9.2,0,0
26.9,47.48,1259.56,2,0,9.6,1,0
36.5,84.13,2871.51,0,1,9.3,0,0
18.2,98.38,1966.88,0,3,2.9,1,1
71.7,87.07,5893.38,2,0,8.7,1,0
69.1,106.97,7490.02,1,3,4.5,1,0
67.6,68.73,4486.07,1,1,5.7,1,0
16.5,66.43,1034.06,1,2,7.4,1,0
62.9,29.74,2045.68,1,2,6.1,1,0
41.5,93.45,4201.34,2,4,1.2,0,1
30.7,61.83,1723.96,1,1,7.3,0,0
50.8,64.05,3529.12,1,2,6.2,1,0
37.9,90.96,3593.63,1,4,7.8,1,0
54.1,60.04,3372.64,2,5,5.3,0,0
2.5,23.25,60.99,1,3,6.3,0,0
53.8,95.04,4964.16,0,1,9.7,0,0
15.3,92.49,1503.93,1,2,5.7,1,0
50.4,51.61,2700.83,0,4,8.6,0,0
58.1,95.4,5212.26,0,2,8.4,1,0
67.0,43.43,3043.36,0,2,4.1,0,0
11.0,35.52,404.73,1,0,6.8,0,0
47.8,85.68,3987.11,0,2,7.9,0,0
18.0,44.55,842.84,0,2,8.3,0,0
47.7,42.24,1889.94,2,1,2.2,0,0
3.3,26.87,86.89,0,1,8.0,1,0
44.7,41.94,2020.58,1,2,6.1,0,0
56.5,46.84,2747.58,2,2,5.4,0,0
63.1,77.64,5091.51,2,1,6.8,1,0
9.8,26.65,262.91,2,4,2.2,1,0
5.6,62.45,363.19,0,2,2.9,0,1
6.4,59.59,419.26,0,2,6.8,0,1
50.9,83.11,4378.45,2,1,1.7,1,0
51.1,116.72,6131.37,0,6,7.1,0,0
57.9,25.04,1353.06,2,1,7.5,1,0
56.2,90.2,4616.63,2,1,3.8,0,0
19.0,114.28,2298.86,2,3,6.2,1,0
44.7,34.56,1566.76,2,2,2.5,1,0
5.2,27.35,128.77,1,3,6.2,0,0
13.8,84.22,1193.32,2,1,2.3,0,1
9.3,90.25,905.32,1,2,2.9,1,0
66.7,101.6,6189.23,1,3,4.0,1,0
1.1,29.22,35.98,0,1,6.7,0,1
24.2,79.56,1990.06,1,1,3.8,1,0
42.6,60.87,2495.96,1,4,6.2,1,0
28.0,102.13,2637.4,2,1,5.3,1,1
43.2,37.81,1690.43,0,0,2.2,1,0
45.5,22.91,1093.87,1,4,1.0,0,1
55.0,38.75,2134.27,2,2,2.7,1,0
42.6,73.47,2932.37,0,1,7.1,1,0
17.0,64.15,1004.9,2,3,9.9,1,0
11.2,109.45,1289.12,2,1,3.7,0,1
31.2,100.57,3267.61,1,3,2.1,0,0
47.3,101.29,4477.54,1,4,1.9,0,1
48.1,57.5,2758.03,1,1,5.8,1,0
51.0,69.51,3295.04,2,1,8.3,0,0
40.4,64.16,2530.41,1,1,2.3,0,1
17.2,61.77,1013.03,0,1,4.6,0,1
65.3,32.52,1917.14,2,2,2.6,0,0
28.7,115.06,3624.97,0,2,3.0,1,1
54.0,109.12,5636.22,2,2,6.1,0,0
52.2,55.86,2968.2,1,3,3.3,1,0
48.1,88.61,4452.69,2,2,8.8,1,0
55.3,39.6,2122.54,1,4,2.2,1,0
64.8,63.61,4114.15,0,2,1.8,0,0
61.9,58.18,3253.07,2,2,2.2,1,0
67.9,112.73,7245.45,0,5,8.6,1,0
52.7,84.83,4720.78,1,3,8.0,1,0
63.2,79.17,4876.53,1,2,3.3,1,0
70.7,67.01,4534.46,1,4,6.6,0,0
25.7,66.47,1850.09,1,3,3.6,0,0
35.0,71.35,2604.3,2,4,3.0,0,0
36.2,26.99,1071.28,1,1,6.8,0,0
15.7,89.43,1317.99,0,0,5.6,0,0
30.5,37.83,1063.23,0,1,6.3,1,0
29.2,41.24,1205.57,2,6,7.6,0,0
60.8,67.21,4053.18,2,3,8.5,1,0
62.5,32.74,2167.25,1,1,6.5,1,0
47.3,66.12,3023.85,2,0,5.9,0,0
24.3,24.13,635.33,1,5,3.0,0,0
54.1,26.47,1372.88,0,1,2.0,1,0
39.4,63.38,2421.25,1,2,6.8,1,0
42.9,40.1,1816.07,0,5,4.3,1,1
18.0,88.48,1540.6,0,1,6.4,1,0
54.8,119.91,6251.87,1,2,6.0,1,0
39.7,106.58,4369.41,2,1,3.4,0,0
45.2,46.14,2102.71,0,1,6.8,1,0
33.4,60.89,1882.51,2,3,6.5,1,0
59.9,61.75,4014.01,1,2,9.3,1,0
40.4,45.5,1755.57,0,3,6.7,1,0
41.5,107.46,4726.6,1,3,9.2,1,0
47.6,31.0,1469.98,0,1,5.0,0,0
36.7,41.8,1575.37,2,3,6.6,0,0
52.7,59.96,3066.35,0,1,8.0,1,0
21.5,57.53,1347.63,0,0,5.4,0,0
55.1,113.3,6029.41,1,1,5.1,0,0
54.2,103.69,5933.06,2,1,9.2,0,0
23.9,79.84,1754.47,0,3,5.2,1,1
7.1,118.32,902.34,1,3,4.2,1,1
50.3,109.6,5942.31,2,1,7.2,1,0
49.1,54.29,2690.56,0,2,9.9,1,0
2.3,65.9,162.37,1,1,6.9,0,0
44.7,99.26,4308.91,1,3,5.2,1,0
55.8,100.21,5285.66,1,1,5.6,0,0
30.6,88.8,2748.74,0,1,5.1,0,0
3.5,28.16,91.26,2,2,5.4,0,0
31.3,44.07,1411.83,2,1,3.5,1,0
31.8,88.05,2611.23,1,1,5.8,1,0
31.5,49.88,1475.6,0,2,6.2,0,0
28.2,81.0,2454.23,1,0,4.8,1,0
32.0,116.73,3611.8,0,2,5.2,1,0
16.6,98.46,1732.62,2,1,6.0,1,0
9.6,50.86,463.22,0,0,3.0,1,1
65.6,78.64,4675.77,0,0,8.7,0,0
8.3,48.93,402.92,0,0,5.4,1,1
26.3,104.93,2809.01,1,2,1.7,0,1
12.0,117.63,1287.49,0,2,6.9,0,1
20.5,95.66,1816.25,0,0,7.5,1,0
35.7,113.19,3671.62,1,5,7.2,1,0
32.2,66.32,1965.8,1,0,7.9,0,0
37.6,106.46,4100.25,2,3,4.6,0,0
31.9,49.96,1468.2,1,1,2.0,0,1
42.6,50.28,2261.84,2,2,8.2,1,0
2.3,60.43,124.21,2,0,7.3,1,0
39.1,111.27,4314.51,1,1,4.2,1,0
10.0,42.16,388.14,0,4,6.9,0,1
49.6,96.15,4693.15,0,1,1.1,0,1
4.6,98.57,415.98,1,2,8.2,0,0
9.9,24.87,261.87,1,2,2.7,0,1
20.0,74.57,1511.59,2,3,2.6,1,1
42.1,67.95,2949.15,0,2,9.5,0,0
25.8,90.92,2210.63,1,1,6.0,0,0
64.5,42.98,2595.04,2,2,8.7,1,0
61.2,70.27,4604.57,1,2,3.9,0,0
45.5,106.83,4413.99,0,2,2.9,1,1
67.7,107.92,7720.88,0,2,3.9,0,0
11.9,97.29,1139.48,0,2,5.0,1,0
26.5,70.44,2023.41,1,0,9.8,0,0
16.4,91.77,1375.07,2,1,9.7,1,0
65.7,88.8,6050.66,1,2,8.3,1,0
9.8,76.6,717.73,1,4,5.7,1,0
32.3,46.41,1409.55,0,2,5.9,1,0
6.2,50.68,295.04,1,2,5.8,0,0
66.7,60.05,4117.46,2,3,6.6,0,0
43.2,118.12,4830.27,1,3,4.8,1,0
15.2,88.62,1372.02,2,1,8.1,0,0
64.1,90.63,6080.05,2,3,6.4,1,0
58.8,42.21,2397.12,2,2,2.2,1,0
48.2,113.0,5390.55,0,2,4.4,0,0
44.8,28.57,1166.02,0,4,1.3,0,1
40.3,113.34,4978.27,2,3,2.7,1,0
47.3,109.62,5573.62,2,2,1.7,1,0
6.8,77.71,500.65,1,5,8.1,1,0
27.5,77.29,2303.82,0,1,1.1,1,1
18.9,69.96,1398.05,2,4,5.1,0,0
55.8,72.74,4104.5,0,1,6.7,1,0
46.0,100.4,4335.57,2,5,1.1,0,0
58.2,71.0,3949.58,1,1,7.3,1,0
13.6,76.46,1009.88,0,0,4.6,1,1
69.2,111.88,7961.42,2,3,10.0,1,0
41.7,106.85,4330.75,2,4,8.2,0,0
6.5,55.09,338.75,0,5,7.3,0,1
50.5,99.66,4970.02,0,4,1.8,0,1
33.4,84.4,3065.41,2,4,7.3,1,0
31.9,63.85,1896.11,0,4,7.1,0,0
29.2,26.73,761.54,1,2,4.8,1,0
69.8,61.63,4274.2,0,2,6.6,0,0
36.8,101.75,3678.98,1,4,4.0,1,1
48.2,55.41,2628.16,0,1,2.8,0,0
71.1,28.65,2175.42,2,1,4.6,1,0
64.5,56.58,3727.0,2,3,8.6,1,0
20.6,67.19,1462.57,0,3,2.2,1,1
48.8,59.08,2612.23,0,6,7.8,1,0
39.6,25.49,1061.45,2,1,7.9,1,0
15.3,96.65,1617.13,0,1,5.9,0,1
58.7,41.42,2549.44,0,2,9.9,0,0
67.6,106.9,6995.83,1,2,1.6,1,0
40.4,82.65,3478.41,1,1,7.4,0,0
52.7,67.48,3451.45,2,2,10.0,1,0
62.8,53.78,3528.49,1,1,6.4,0,0
16.3,108.42,1897.01,1,3,1.5,0,1
4.9,35.2,171.89,1,1,2.5,0,0
19.5,21.59,420.9,1,6,6.2,0,0
54.5,110.57,5485.31,2,2,5.5,1,0
61.2,22.75,1383.43,0,1,6.2,0,0
9.7,111.18,1177.68,1,0,7.3,0,0
37.2,104.38,3930.61,1,7,2.0,0,1
26.7,42.15,1039.55,2,0,7.7,0,0
14.7,95.35,1482.06,1,0,2.1,0,0
13.8,24.85,315.0,0,0,6.6,0,1
34.3,116.73,4353.78,0,2,8.4,1,0
42.5,24.42,1018.01,2,2,7.6,1,0
52.4,103.53,5910.06,2,1,9.1,0,0
60.0,88.01,5519.59,0,4,6.9,0,0
20.4,78.15,1495.04,0,1,1.7,1,1
37.3,99.08,3458.49,0,3,1.0,1,1
44.2,69.09,2920.52,1,1,3.6,0,0
66.8,35.69,2324.52,2,2,1.9,1,0
60.6,62.12,4029.65,1,2,3.9,0,0
62.6,51.63,3031.42,2,5,2.9,0,0
42.3,23.79,1007.23,0,0,7.6,0,0
28.6,79.71,2348.09,0,4,2.3,0,1
17.4,106.88,1870.5,2,2,3.6,0,0
31.1,27.22,902.43,0,0,2.3,0,0
71.9,110.15,8432.73,2,0,5.5,1,0
55.3,48.68,2801.65,0,3,9.8,0,0
18.0,30.08,512.97,0,4,5.0,1,1
39.8,114.78,4481.12,1,3,6.4,0,0
19.9,77.29,1497.02,2,2,6.9,0,0
19.9,50.85,921.53,2,1,9.4,0,0
8.1,38.01,334.39,2,0,9.7,1,0
54.3,28.45,1604.23,1,2,6.1,1,0
29.9,70.14,2092.57,1,4,2.9,0,0
19.8,35.77,667.49,2,2,8.1,0,0
24.4,32.28,834.28,0,3,8.6,0,0
8.6,72.88,628.33,2,2,4.0,1,0
51.8,105.24,5243.8,1,3,1.4,0,0
33.0,21.5,703.48,0,0,9.5,0,0
69.5,40.51,2789.92,2,4,9.5,1,0
65.7,50.53,3096.2,0,1,6.7,1,0
56.6,43.36,2287.01,0,1,9.9,0,0
31.8,58.59,1831.85,1,1,4.4,1,0
32.5,101.66,3217.48,0,3,9.6,0,0
68.9,44.99,2822.59,1,0,4.1,1,0
14.5,24.06,348.49,2,0,2.6,0,0
58.1,92.11,5839.34,1,4,5.2,0,0
66.2,41.94,2809.4,1,0,2.2,1,0
32.0,54.41,1783.47,1,2,1.4,1,1
44.3,81.13,3666.88,1,2,8.1,0,0
14.6,92.15,1332.48,1,2,8.5,0,0
46.6,73.18,3713.34,0,6,3.0,1,1
10.3,74.87,787.64,0,0,4.5,1,1
65.7,79.74,5220.47,0,2,6.9,0,0
3.6,42.96,168.44,2,1,7.2,0,0
25.2,86.73,2366.53,1,2,9.6,0,0
33.5,49.1,1506.32,2,0,5.8,0,0
57.0,105.01,5711.63,1,3,8.3,1,0
28.6,109.78,2939.55,2,2,1.6,1,1
27.9,54.76,1650.97,2,1,4.8,1,0
63.7,49.24,3412.55,1,2,5.8,0,0
45.8,32.38,1390.36,2,0,3.3,0,0
39.5,76.33,2825.83,0,2,2.3,1,0
39.3,86.28,3116.23,1,3,1.2,0,1
34.7,60.57,2174.46,0,4,3.3,0,1
15.4,49.1,737.92,1,0,1.5,1,1
41.7,25.5,991.92,1,2,8.2,1,0
13.2,101.39,1385.39,0,1,1.4,0,1
24.6,78.45,1914.04,1,4,7.7,1,0
41.7,36.15,1475.32,1,5,9.8,0,0
53.2,65.98,3413.69,1,3,1.8,0,1
56.4,32.93,1688.76,0,2,3.0,1,0
7.2,112.18,869.17,0,1,4.8,1,0
24.0,22.32,587.57,1,4,8.7,0,0
34.9,116.62,3966.73,2,4,1.6,0,1
54.1,75.33,3847.21,0,2,4.1,0,0
70.3,112.36,8355.18,2,2,1.6,1,0
21.3,94.89,2057.59,0,1,6.5,1,0
70.9,28.39,2095.7,0,3,9.5,0,0
48.7,68.28,3017.99,0,3,2.1,0,1
39.1,110.94,4517.26,1,1,2.3,0,1
10.4,100.87,1129.22,2,1,1.2,0,1
3.0,101.69,304.66,2,2,5.8,1,0
54.5,117.72,6594.44,1,3,2.8,0,0
49.8,72.53,3458.46,1,2,6.9,1,0
56.6,110.56,6400.32,0,5,2.2,0,1
31.7,45.37,1396.75,1,2,6.7,0,0
29.6,55.77,1552.94,0,4,1.7,0,1
47.5,108.49,4973.06,1,3,3.7,1,0
4.5,74.64,332.86,0,0,5.2,0,0
13.0,37.27,471.65,0,4,2.6,1,1
39.1,75.38,2728.11,1,4,6.4,1,0
48.9,37.2,1865.9,1,4,5.2,1,0
60.8,55.66,3238.88,0,2,8.4,0,0
28.7,107.65,3330.39,1,3,4.7,0,0
23.7,51.8,1188.67,0,2,2.7,1,0
16.9,32.44,510.72,0,0,1.7,0,1
35.0,102.42,3263.82,0,0,8.8,0,0
71.4,42.78,2800.11,0,1,6.1,1,0
41.4,36.63,1465.04,2,6,6.0,1,0
61.2,50.74,2956.41,0,1,3.6,0,0
17.5,70.59,1130.95,1,3,6.8,0,0
31.7,54.04,1780.13,2,4,1.5,0,1
49.6,65.97,3027.74,0,1,9.1,1,0
14.5,21.43,323.32,2,2,4.2,1,0
59.6,116.08,6861.24,2,2,4.6,0,0
44.9,38.75,1702.44,2,4,7.4,0,0
46.7,119.02,5828.78,1,1,5.3,0,0
10.8,47.08,516.11,2,2,1.2,1,0
69.6,87.69,6519.63,2,4,5.7,0,0
3.3,50.26,177.1,2,1,9.2,0,0
1.8,79.29,143.46,1,2,7.8,1,0
4.2,110.32,460.62,2,1,4.6,1,1
36.5,28.78,987.43,0,2,1.8,0,1
34.1,79.42,2935.97,0,2,2.9,0,0
66.8,92.5,6218.23,2,1,1.9,0,0
24.5,24.37,597.57,2,3,1.6,0,1
21.9,84.62,1695.09,0,4,9.8,0,0
47.2,35.63,1538.68,2,4,8.6,0,0
35.7,38.66,1412.3,0,3,3.7,0,1
49.2,90.52,4679.65,0,3,8.6,1,0
46.5,103.82,5035.8,0,3,4.0,1,0
51.0,49.42,2660.44,0,1,8.2,0,0
46.4,103.11,4643.85,0,2,5.5,1,0
1.4,56.3,81.35,2,3,1.6,0,1
28.2,20.83,537.18,1,3,8.5,1,0
27.8,46.33,1280.23,2,0,6.7,0,0
48.4,65.29,3456.24,2,3,7.0,0,0
57.5,70.83,3909.2,0,2,6.7,0,0
56.8,50.88,3008.01,0,0,6.5,1,0
57.1,71.64,3743.69,0,1,3.4,1,0
60.8,25.9,1564.47,0,1,5.2,1,0
26.5,29.84,797.16,1,2,6.6,1,0
71.7,44.97,3258.82,0,2,8.0,0,0
4.0,53.49,230.82,2,1,9.7,1,0
55.7,68.76,3648.78,1,2,3.4,1,0
37.0,87.8,3165.43,2,3,2.0,0,0
29.4,25.63,808.7,0,3,5.3,1,0
46.8,103.81,4371.96,2,0,6.7,1,0
22.0,34.16,787.89,0,3,2.5,0,1
58.4,73.69,4268.43,0,2,5.8,1,0
70.9,56.84,3932.7,1,0,7.2,0,0
21.2,102.03,2008.22,1,4,5.9,0,0
7.7,102.75,771.92,1,6,3.5,0,1
24.1,116.21,2699.18,1,2,4.2,0,1
36.2,83.72,2773.05,0,0,6.2,1,0
13.2,48.8,688.14,0,3,7.1,0,0
33.3,103.92,3278.36,0,1,3.0,0,1
23.7,112.76,2542.16,2,1,2.5,0,1
59.4,49.32,3025.05,0,2,8.7,1,0
49.3,119.18,6042.01,1,2,3.6,1,0
24.7,25.3,593.31,0,4,9.4,0,0
10.4,78.94,883.44,2,2,5.3,0,1
28.4,42.71,1125.86,2,3,4.9,1,0
71.3,47.45,3059.93,1,3,7.2,1,0
4.9,38.65,177.91,0,3,1.7,1,1
5.8,76.84,401.17,1,2,6.5,1,0
19.6,27.81,519.39,1,1,2.2,0,1
10.0,109.03,1164.36,2,2,4.4,0,1
42.5,115.89,5071.41,1,0,9.9,1,0
44.0,85.84,3994.91,1,2,8.8,1,0
61.5,52.06,3034.83,0,0,2.5,0,0
7.2,40.23,293.18,1,0,4.5,1,0
59.7,47.72,3074.9,2,1,4.4,0,0
42.0,67.28,3058.85,2,5,5.2,1,0
52.5,101.02,5332.51,0,1,7.2,0,0
51.9,69.7,3634.96,0,1,8.1,0,0
22.2,44.88,967.01,2,2,2.7,1,0
49.3,21.44,1140.64,0,3,8.8,0,0
4.1,38.05,160.36,1,2,2.0,0,1
34.1,95.06,3222.26,2,3,5.3,1,0
31.8,83.87,2871.04,1,2,5.1,0,0
46.7,65.15,2831.8,2,2,5.4,1,0
49.2,110.95,5988.4,1,1,5.8,0,0
39.5,69.29,2489.61,2,2,3.3,0,0
20.9,81.28,1549.46,0,2,9.9,0,0
11.5,77.75,838.05,1,2,9.8,0,0
68.5,63.0,4121.22,1,6,5.3,0,0
58.9,20.06,1133.94,1,2,1.7,1,0
42.7,20.64,907.73,2,1,2.3,0,0
26.0,32.3,800.93,1,3,3.7,0,1
29.9,103.78,2910.22,0,5,5.6,0,1
8.5,84.51,770.93,2,2,7.2,1,1
49.9,91.4,4173.82,1,3,8.7,1,0
14.2,73.83,984.66,1,0,1.6,1,0
21.9,79.71,1794.34,1,2,1.9,1,1
25.2,27.25,739.15,2,2,5.9,0,0
53.0,40.75,1978.56,1,2,1.9,1,0
17.6,117.68,2017.45,1,4,7.8,0,0
69.4,73.37,4644.87,2,2,6.4,1,0
50.2,118.71,5732.53,0,3,6.7,1,0
57.8,37.43,2347.67,0,1,8.5,0,0
57.4,91.66,5154.46,0,0,5.8,0,0
22.8,35.38,857.21,1,0,3.1,1,0
42.9,42.64,1972.82,0,2,9.0,1,0
58.3,45.96,2772.54,2,1,6.0,0,0
65.6,20.68,1389.83,1,1,2.4,1,0
28.3,48.86,1273.23,1,1,6.0,0,0
53.2,69.7,3407.2,2,2,5.0,1,0
12.7,40.88,495.32,0,2,7.8,0,1
28.4,43.32,1319.75,1,1,3.8,1,0
46.0,104.14,4682.1,0,1,3.1,0,1
41.8,20.28,846.48,0,1,9.2,1,0
23.7,102.61,2289.55,0,0,8.0,0,0
23.8,60.57,1425.19,2,4,5.8,0,0
11.5,53.65,628.17,2,3,5.7,0,1
5.5,27.82,157.66,1,0,1.6,0,0
45.0,47.25,2136.08,0,0,8.6,0,0
8.9,24.17,196.9,2,2,8.2,0,0
40.5,49.99,1833.35,0,0,6.7,1,0
62.7,42.25,2427.02,1,5,9.1,0,0
64.7,56.21,3368.97,2,4,3.1,0,0
31.9,70.18,2276.41,2,1,1.6,1,0
3.7,96.94,357.8,0,3,3.4,0,1
18.3,80.59,1599.53,1,3,7.2,1,0
62.1,117.76,7172.97,1,0,4.4,0,0
63.6,36.7,2147.46,2,0,6.4,1,0
52.0,115.05,6403.71,1,2,5.9,1,0
30.3,87.78,2702.48,0,0,4.1,0,1
69.0,53.13,4031.89,2,2,5.6,0,0
5.4,22.04,108.07,1,3,8.9,0,0
55.7,85.04,4642.98,2,0,7.5,0,0
26.6,51.09,1410.13,0,6,5.2,0,1
53.7,29.12,1675.54,2,1,7.0,1,0
50.7,44.11,2423.57,2,1,2.3,1,0
51.5,56.12,2716.03,0,1,3.5,1,0
