income,loan_amount,credit_score,employment_years,existing_debt,dependents,loan_term_months,approved
10614.0,246279.0,615.0,19.4,36013.0,3,12,1
23866.0,235234.0,743.0,5.2,34364.0,1,36,1
18836.0,729691.0,718.0,26.2,4788.0,4,24,1
15769.0,237160.0,385.0,18.4,46129.0,2,24,1
5588.0,253962.0,382.0,4.7,28424.0,2,48,0
5588.0,619549.0,447.0,28.9,18186.0,2,12,0
3336.0,387305.0,499.0,15.6,37827.0,0,48,0
21922.0,632533.0,525.0,2.2,12868.0,0,24,1
15826.0,99025.0,674.0,18.8,34675.0,2,36,1
18286.0,415678.0,331.0,7.6,1986.0,3,12,1
2473.0,75210.0,319.0,24.1,41970.0,3,24,0
24308.0,96990.0,516.0,24.5,22409.0,0,36,1
21146.0,729828.0,683.0,29.4,31835.0,2,60,1
6884.0,154434.0,406.0,15.1,11062.0,3,24,1
6182.0,449316.0,653.0,13.6,33854.0,0,60,0
6218.0,358322.0,443.0,22.6,38612.0,2,48,0
8998.0,310507.0,787.0,4.0,23661.0,1,60,1
14069.0,724875.0,793.0,16.4,30886.0,2,24,1
11935.0,66368.0,464.0,16.4,22816.0,2,60,1
8698.0,547842.0,426.0,2.7,44705.0,4,12,0
16073.0,772546.0,526.0,12.5,24893.0,4,24,1
5208.0,470126.0,432.0,25.6,42090.0,1,36,0
8719.0,752617.0,670.0,25.7,40068.0,1,60,0
10426.0,89193.0,754.0,3.0,20525.0,2,12,1
12490.0,364095.0,670.0,2.7,11504.0,3,48,1
20059.0,245118.0,753.0,7.9,20304.0,1,48,1
6592.0,598116.0,518.0,26.2,41311.0,2,60,0
13827.0,785973.0,386.0,3.9,11382.0,0,48,0
15626.0,242398.0,706.0,21.6,26222.0,4,36,1
3068.0,540631.0,498.0,3.0,40305.0,3,24,0
15974.0,198573.0,669.0,18.7,17674.0,2,12,1
5922.0,473998.0,449.0,10.7,32110.0,0,60,0
3496.0,397949.0,345.0,23.7,12282.0,4,48,0
23824.0,779004.0,846.0,7.0,5464.0,0,24,1
24210.0,506395.0,386.0,19.2,39719.0,2,36,1
20593.0,312130.0,844.0,7.1,4948.0,1,48,1
9006.0,135572.0,838.0,21.4,13569.0,4,48,1
4246.0,163435.0,737.0,26.2,42755.0,0,12,0
17737.0,218988.0,663.0,3.8,17323.0,1,36,1
12124.0,238225.0,618.0,26.0,48652.0,3,36,1
4807.0,687962.0,776.0,17.8,48987.0,2,60,0
13389.0,470917.0,459.0,3.8,13414.0,2,12,1
2791.0,442543.0,557.0,12.8,2049.0,4,60,0
22914.0,136077.0,641.0,4.8,35253.0,0,12,1
7952.0,695105.0,526.0,21.0,22549.0,3,36,0
17238.0,592111.0,535.0,22.8,5038.0,4,12,1
9169.0,100751.0,482.0,3.2,35376.0,4,12,0
13962.0,580876.0,610.0,15.2,1559.0,0,12,1
14574.0,457654.0,768.0,24.4,43510.0,3,24,1
6252.0,111294.0,411.0,28.1,6933.0,0,24,1
24300.0,393725.0,814.0,15.4,6366.0,2,36,1
19828.0,413522.0,679.0,28.5,8784.0,1,12,1
23608.0,174331.0,753.0,16.1,48013.0,2,36,1
22581.0,759274.0,606.0,11.8,34658.0,2,24,1
15752.0,687482.0,729.0,25.4,40069.0,4,12,1
23203.0,551767.0,309.0,14.8,19882.0,2,60,1
4035.0,396722.0,750.0,14.2,16816.0,3,24,0
6508.0,358824.0,322.0,14.7,11724.0,2,24,0
3040.0,538230.0,789.0,25.4,24032.0,3,24,0
9483.0,459074.0,846.0,25.0,27591.0,0,12,0
10940.0,96705.0,462.0,12.1,31589.0,4,48,1
8241.0,434377.0,416.0,10.0,12856.0,3,60,0
21061.0,654803.0,721.0,14.8,47433.0,2,60,1
10205.0,394430.0,439.0,17.2,8488.0,4,36,1
8461.0,88967.0,776.0,7.2,48283.0,4,12,1
14482.0,639709.0,357.0,23.8,743.0,3,24,1
5241.0,201023.0,369.0,14.6,24056.0,3,48,0
20451.0,243966.0,839.0,10.0,16668.0,1,12,1
3715.0,173530.0,671.0,3.2,22456.0,1,12,0
24698.0,297661.0,766.0,7.2,28533.0,4,48,1
19762.0,617564.0,478.0,28.5,21779.0,1,24,1
6570.0,439539.0,672.0,9.2,20742.0,2,12,0
2127.0,203661.0,627.0,5.1,36636.0,0,60,0
20756.0,708373.0,632.0,13.8,34294.0,4,60,1
18258.0,709686.0,675.0,9.2,41664.0,0,48,1
18767.0,702934.0,616.0,1.1,12498.0,1,24,1
19739.0,229097.0,536.0,9.7,30476.0,3,48,1
3703.0,388430.0,452.0,16.3,29260.0,4,12,0
10245.0,788742.0,723.0,16.6,18487.0,1,60,0
4665.0,629009.0,424.0,10.7,24303.0,2,36,0
21851.0,70376.0,681.0,13.4,15689.0,4,48,1
16336.0,98903.0,428.0,29.0,7092.0,4,36,1
9611.0,397949.0,644.0,11.3,10690.0,3,36,1
3462.0,731915.0,711.0,7.7,5276.0,4,60,0
9153.0,454026.0,420.0,7.3,34153.0,3,48,0
9479.0,423359.0,333.0,13.7,33036.0,1,36,0
18781.0,129105.0,372.0,22.8,47530.0,2,12,1
16664.0,542585.0,633.0,6.2,36484.0,2,24,1
22406.0,666577.0,767.0,21.3,2602.0,4,24,1
12861.0,335315.0,325.0,0.6,44212.0,4,60,0
4751.0,631709.0,704.0,12.6,43134.0,1,48,0
18405.0,773357.0,488.0,23.3,22166.0,3,48,1
19498.0,202825.0,563.0,10.2,29293.0,2,24,1
14909.0,442497.0,811.0,16.9,48804.0,3,12,1
19732.0,265353.0,483.0,6.1,26615.0,1,24,1
13357.0,644641.0,556.0,22.3,45266.0,2,24,0
14023.0,483195.0,308.0,1.6,4152.0,2,48,1
11833.0,525937.0,345.0,25.6,9553.0,0,36,0
2585.0,648436.0,442.0,5.9,22038.0,1,12,0
4482.0,346978.0,315.0,26.2,29238.0,1,48,0
2723.0,736318.0,647.0,10.6,40811.0,0,24,0
16637.0,449772.0,535.0,21.7,49413.0,3,36,1
9230.0,168466.0,601.0,9.6,19443.0,0,12,1
13697.0,571924.0,396.0,27.2,2371.0,1,60,1
22874.0,644946.0,463.0,3.8,40059.0,3,12,1
7734.0,287571.0,665.0,5.4,30219.0,2,12,0
11439.0,692884.0,831.0,14.8,9927.0,0,24,1
19378.0,729607.0,328.0,2.5,24741.0,3,24,0
7262.0,257678.0,790.0,5.9,37116.0,3,60,0
3771.0,787641.0,617.0,28.3,38521.0,3,60,0
8664.0,155534.0,610.0,29.3,24981.0,0,60,1
5708.0,201512.0,575.0,11.3,15261.0,2,48,0
23383.0,188169.0,338.0,27.7,48687.0,3,48,1
20587.0,720492.0,349.0,16.3,33168.0,0,24,1
16568.0,540719.0,631.0,8.1,20412.0,1,24,1
22044.0,164078.0,488.0,21.1,14023.0,0,60,1
20484.0,380243.0,804.0,19.8,36555.0,0,48,1
6291.0,511474.0,524.0,29.7,12109.0,0,36,0
22529.0,112598.0,379.0,8.0,8585.0,3,48,1
14405.0,711812.0,693.0,20.2,26492.0,0,24,1
20571.0,652703.0,461.0,1.6,14499.0,1,48,1
22610.0,428905.0,589.0,3.4,31445.0,3,24,1
9314.0,775345.0,684.0,0.1,5897.0,1,60,0
4531.0,363321.0,795.0,30.0,32747.0,4,60,0
7243.0,788083.0,736.0,24.1,14165.0,0,60,0
11823.0,550940.0,672.0,23.6,12.0,3,36,1
20814.0,526003.0,674.0,15.3,6347.0,3,36,1
21797.0,174466.0,820.0,9.0,46681.0,0,24,1
2160.0,711446.0,463.0,4.5,43368.0,2,12,0
13747.0,370617.0,301.0,8.5,11680.0,2,36,1
11600.0,171675.0,450.0,11.3,38919.0,1,24,1
7108.0,59456.0,420.0,22.7,30429.0,0,48,1
4757.0,469817.0,664.0,16.2,48545.0,0,60,0
9765.0,445550.0,649.0,2.3,18680.0,4,60,0
23687.0,589515.0,626.0,0.5,34073.0,2,60,1
9434.0,717694.0,309.0,3.1,3177.0,2,24,0
13932.0,109555.0,701.0,12.3,19812.0,0,60,1
18169.0,598622.0,478.0,28.0,48191.0,1,36,1
10363.0,190559.0,666.0,19.1,26949.0,0,48,1
24351.0,693633.0,606.0,24.1,14394.0,1,60,1
24136.0,664298.0,489.0,14.0,6014.0,2,24,1
7791.0,455595.0,374.0,10.8,35176.0,4,48,0
13437.0,582682.0,352.0,3.3,32243.0,3,60,0
8920.0,285763.0,757.0,26.3,18697.0,2,12,1
8551.0,403376.0,805.0,23.5,47547.0,1,60,0
2848.0,666228.0,657.0,5.0,1110.0,0,36,0
16020.0,394449.0,357.0,15.4,15186.0,2,48,1
13562.0,318349.0,521.0,14.6,46053.0,4,36,1
3184.0,420659.0,701.0,18.8,16047.0,1,12,0
8409.0,671187.0,729.0,28.4,12613.0,0,12,0
22890.0,301406.0,365.0,17.4,26711.0,3,36,1
7510.0,180321.0,300.0,16.2,41190.0,1,48,0
5333.0,584011.0,692.0,1.5,5157.0,0,12,0
13257.0,669484.0,496.0,1.9,47151.0,3,12,0
24670.0,125478.0,440.0,5.6,39754.0,0,60,1
7567.0,229906.0,307.0,1.0,9063.0,3,24,0
17459.0,156479.0,597.0,22.3,35600.0,3,12,1
19517.0,310956.0,768.0,21.7,19248.0,3,48,1
7466.0,387763.0,827.0,4.1,20115.0,0,48,0
18749.0,611620.0,611.0,25.1,39165.0,3,60,1
10459.0,538361.0,583.0,4.6,48139.0,1,48,0
16543.0,515696.0,347.0,9.0,6333.0,4,60,1
16571.0,314281.0,602.0,7.5,21032.0,4,12,1
14323.0,681086.0,509.0,11.2,24047.0,3,12,0
4077.0,403465.0,634.0,7.6,18816.0,4,12,0
21212.0,784329.0,514.0,14.7,18159.0,4,12,1
9378.0,525607.0,432.0,12.2,2613.0,3,24,0
6290.0,144699.0,352.0,29.6,34277.0,3,24,0
2938.0,557133.0,473.0,1.7,21811.0,1,12,0
15591.0,293828.0,353.0,4.3,9740.0,2,48,1
17584.0,564745.0,397.0,1.6,40802.0,0,60,1
2382.0,102231.0,843.0,18.8,40128.0,3,36,0
13778.0,181161.0,544.0,1.6,24320.0,3,60,1
7209.0,691803.0,593.0,25.1,14923.0,4,36,0
16839.0,220385.0,780.0,15.4,31905.0,1,36,1
6010.0,677781.0,848.0,15.8,14408.0,4,12,0
17892.0,259457.0,620.0,16.8,11800.0,3,36,1
10895.0,532161.0,747.0,5.1,36526.0,3,12,0
23545.0,570613.0,480.0,5.9,2016.0,4,24,1
5163.0,434491.0,468.0,9.6,4738.0,3,48,0
9845.0,278983.0,521.0,17.8,339.0,2,36,1
4610.0,209483.0,670.0,6.3,7647.0,0,48,0
23268.0,74892.0,675.0,3.5,3450.0,0,12,1
22179.0,277960.0,473.0,29.1,49790.0,0,36,1
7933.0,539872.0,373.0,0.7,14440.0,2,60,0
17180.0,753729.0,648.0,24.1,7463.0,3,24,1
20796.0,703403.0,371.0,23.6,12050.0,4,24,1
14770.0,624549.0,618.0,8.9,46806.0,1,36,0
14182.0,641336.0,681.0,4.1,26008.0,3,24,1
7563.0,548739.0,685.0,4.4,18241.0,2,60,0
4141.0,245215.0,714.0,20.9,43670.0,2,48,0
22636.0,730396.0,780.0,19.3,19750.0,0,60,1
22710.0,553049.0,575.0,23.5,16750.0,3,24,1
16561.0,470330.0,702.0,28.1,10364.0,0,48,1
9798.0,133242.0,641.0,20.8,18890.0,1,60,1
10032.0,385292.0,403.0,4.7,15834.0,0,12,0
18697.0,395269.0,314.0,7.3,33865.0,1,12,1
22634.0,698423.0,456.0,25.3,14479.0,2,48,1
22403.0,459986.0,544.0,6.3,28860.0,0,48,1
19937.0,335300.0,639.0,2.2,3295.0,0,48,1
16767.0,782600.0,767.0,21.1,9564.0,4,12,1
3935.0,133040.0,408.0,12.1,20370.0,2,60,0
5717.0,366911.0,369.0,27.6,46847.0,4,48,0
22667.0,81519.0,830.0,19.5,18863.0,1,12,1
15948.0,604928.0,359.0,2.7,33204.0,1,48,0
2212.0,738557.0,563.0,28.4,12754.0,2,48,0
4334.0,260028.0,622.0,7.8,6352.0,1,48,0
17261.0,693756.0,598.0,10.1,2927.0,2,12,1
2116.0,269164.0,347.0,12.1,15271.0,1,60,0
5699.0,733078.0,331.0,1.5,7883.0,3,12,0
14621.0,615471.0,358.0,14.9,8701.0,0,12,1
17914.0,653680.0,622.0,3.7,38038.0,3,48,1
16995.0,63505.0,599.0,12.0,792.0,2,36,1
7158.0,772108.0,429.0,10.5,27891.0,2,36,0
18380.0,595003.0,651.0,23.2,18973.0,3,36,1
7457.0,278563.0,751.0,24.1,25327.0,0,12,1
9484.0,672046.0,323.0,4.6,28142.0,0,48,0
19169.0,261141.0,574.0,11.0,15668.0,4,36,1
16942.0,704565.0,679.0,11.2,14755.0,1,24,1
21532.0,134435.0,439.0,4.5,36670.0,4,24,1
17125.0,577764.0,469.0,24.0,43564.0,0,24,1
15071.0,455524.0,638.0,21.2,9629.0,3,60,1
4155.0,122401.0,794.0,5.7,4881.0,1,48,1
10457.0,231420.0,745.0,11.0,44890.0,3,12,1
8100.0,59303.0,621.0,3.2,17495.0,4,12,1
7612.0,401576.0,702.0,18.8,27566.0,2,48,0
24379.0,275949.0,501.0,3.6,17977.0,3,60,1
11041.0,498768.0,653.0,29.6,6290.0,4,48,1
22517.0,272928.0,556.0,23.4,29467.0,4,60,1
16516.0,274939.0,404.0,11.7,26257.0,4,36,1
20281.0,607395.0,686.0,17.4,10150.0,2,36,1
13561.0,86107.0,606.0,27.3,22593.0,2,60,1
15269.0,727171.0,497.0,16.6,39847.0,2,48,0
13328.0,689198.0,801.0,5.2,29521.0,1,36,0
6491.0,550854.0,312.0,11.4,4846.0,2,48,0
18616.0,494916.0,474.0,25.3,27401.0,2,36,1
8458.0,719227.0,331.0,19.3,35137.0,2,48,0
2559.0,188998.0,722.0,19.5,39635.0,3,48,0
16846.0,109227.0,686.0,26.0,31456.0,2,24,1
6074.0,229633.0,482.0,26.8,7633.0,1,60,1
23631.0,645934.0,672.0,27.6,35509.0,4,12,1
23940.0,76003.0,518.0,2.8,33867.0,3,60,1
23042.0,487105.0,716.0,16.3,1221.0,0,48,1
10514.0,796578.0,550.0,22.2,20587.0,2,48,0
2356.0,691772.0,527.0,22.7,16648.0,4,60,0
23351.0,441084.0,814.0,18.2,33471.0,4,48,1
11848.0,97731.0,438.0,5.0,10807.0,3,36,1
24233.0,673530.0,366.0,23.9,29544.0,0,48,1
24163.0,499234.0,621.0,21.6,45660.0,1,60,1
21619.0,136200.0,833.0,2.6,39890.0,4,60,1
8772.0,120393.0,508.0,13.9,46073.0,4,60,0
10857.0,732220.0,334.0,5.2,48925.0,4,24,0
21576.0,551900.0,487.0,10.1,534.0,4,24,1
9289.0,671965.0,578.0,0.5,31137.0,3,24,0
5898.0,709234.0,389.0,12.0,20642.0,0,24,0
14806.0,478829.0,662.0,16.5,42993.0,4,24,1
23532.0,438085.0,849.0,18.6,12591.0,1,24,1
18009.0,372821.0,548.0,19.9,49051.0,1,24,1
15111.0,287710.0,495.0,25.1,30685.0,2,60,1
4235.0,375947.0,520.0,6.5,39677.0,4,12,0
16145.0,630410.0,363.0,3.6,4280.0,4,24,1
24771.0,501443.0,786.0,25.5,9173.0,4,60,1
5222.0,719392.0,528.0,4.7,37920.0,4,12,0
13922.0,382535.0,513.0,29.2,1099.0,4,24,1
22180.0,505317.0,663.0,25.3,40844.0,1,12,1
19038.0,523481.0,543.0,15.0,697.0,0,12,1
18031.0,493773.0,657.0,29.4,32856.0,0,36,1
18157.0,576975.0,334.0,2.9,18255.0,2,48,1
10268.0,228075.0,748.0,9.1,30575.0,1,36,1
8753.0,434273.0,817.0,19.1,34802.0,4,12,0
20615.0,128169.0,657.0,10.5,17124.0,0,60,1
20633.0,338383.0,825.0,27.9,5398.0,3,24,1
21943.0,415750.0,383.0,2.0,3482.0,3,48,1
23005.0,539168.0,563.0,16.5,29447.0,3,24,1
13761.0,762898.0,631.0,17.7,26033.0,4,60,0
13535.0,500488.0,620.0,19.6,37110.0,4,48,1
20361.0,607695.0,521.0,7.7,25487.0,2,36,1
16949.0,429700.0,486.0,10.9,21122.0,2,12,1
18145.0,525578.0,370.0,25.3,19904.0,2,60,1
20303.0,103199.0,515.0,5.8,1322.0,3,12,1
22470.0,240794.0,389.0,24.8,16778.0,4,12,1
9774.0,321390.0,704.0,16.9,48801.0,3,24,0
10638.0,404370.0,415.0,22.9,43678.0,2,60,0
4162.0,84237.0,332.0,21.4,16469.0,4,12,0
15300.0,155018.0,604.0,6.2,29390.0,1,36,1
2827.0,257611.0,627.0,17.1,42365.0,0,48,0
12709.0,778650.0,780.0,26.0,22064.0,0,60,0
14481.0,298510.0,617.0,13.0,898.0,2,24,1
8590.0,411531.0,490.0,29.0,3726.0,3,60,0
15589.0,197073.0,742.0,13.6,25520.0,1,24,1
2702.0,508085.0,597.0,4.3,48472.0,4,48,0
2859.0,260512.0,344.0,11.7,34660.0,3,36,0
20920.0,205244.0,611.0,28.6,3546.0,2,12,1
10284.0,437429.0,799.0,9.6,9468.0,3,60,1
4922.0,54129.0,518.0,26.0,38566.0,2,24,0
14012.0,55748.0,463.0,26.4,42072.0,0,48,1
19710.0,214302.0,379.0,10.5,30885.0,0,12,1
6964.0,77541.0,383.0,2.5,32221.0,3,48,0
16326.0,131019.0,538.0,21.7,1417.0,1,36,1
3963.0,304145.0,628.0,9.3,41427.0,4,12,0
3189.0,651939.0,344.0,23.5,39414.0,2,12,0
14221.0,479036.0,817.0,13.3,12952.0,4,12,1
14435.0,434501.0,715.0,14.6,35434.0,0,24,1
16661.0,270117.0,623.0,23.3,10743.0,1,12,1
18700.0,748815.0,756.0,11.5,2017.0,1,48,1
24445.0,347761.0,344.0,13.3,10057.0,4,24,1
13875.0,115320.0,562.0,11.3,8931.0,0,12,1
9428.0,512800.0,647.0,11.0,16887.0,4,48,0
20289.0,135379.0,756.0,15.8,20922.0,3,48,1
8229.0,308917.0,731.0,24.3,25427.0,1,60,0
12096.0,430559.0,452.0,10.9,23838.0,1,48,0
3804.0,705667.0,817.0,15.7,13534.0,3,36,0
2583.0,420160.0,368.0,20.1,1459.0,0,12,0
24141.0,576694.0,781.0,8.1,30255.0,1,12,1
21228.0,794613.0,834.0,8.3,19787.0,2,12,1
18007.0,148617.0,397.0,28.0,14934.0,2,48,1
11406.0,256049.0,697.0,21.7,43347.0,0,48,1
5986.0,345932.0,322.0,17.3,37337.0,3,12,0
5598.0,366371.0,523.0,19.4,42888.0,4,24,0
7756.0,358266.0,584.0,0.9,24749.0,0,24,0
14632.0,730708.0,619.0,18.5,6547.0,4,36,1
18436.0,585524.0,815.0,15.3,34811.0,0,60,1
17185.0,505929.0,670.0,16.4,10304.0,2,36,1
8438.0,282030.0,565.0,10.8,22061.0,3,12,0
23962.0,667843.0,745.0,2.4,3250.0,2,12,1
18972.0,766295.0,823.0,5.8,41265.0,3,12,1
14750.0,665899.0,312.0,28.5,6297.0,4,60,1
16070.0,51174.0,840.0,12.3,45155.0,0,48,1
11651.0,527301.0,347.0,14.0,43212.0,1,60,0
7698.0,88352.0,748.0,1.6,23229.0,1,36,1
10187.0,243205.0,454.0,1.1,37218.0,3,48,0
19430.0,94644.0,373.0,21.5,30972.0,3,48,1
2331.0,502847.0,542.0,16.1,40154.0,2,36,0
4670.0,564942.0,654.0,15.3,21590.0,1,48,0
3058.0,135866.0,510.0,7.3,39290.0,2,24,0
2937.0,337879.0,330.0,22.3,23123.0,4,36,0
21676.0,392177.0,630.0,5.0,47048.0,1,36,1
18184.0,326790.0,796.0,5.7,24319.0,4,24,1
12906.0,140769.0,511.0,13.8,23131.0,0,60,1
4250.0,364211.0,419.0,8.6,39254.0,2,60,0
13307.0,613384.0,543.0,7.4,41079.0,3,60,0
12890.0,103256.0,327.0,19.4,27724.0,1,48,1
5984.0,110135.0,751.0,19.5,8990.0,2,24,1
11979.0,316078.0,754.0,24.7,23388.0,3,36,1
11166.0,756294.0,623.0,12.5,48404.0,0,36,0
16165.0,551429.0,494.0,2.2,37649.0,1,36,1
16607.0,559002.0,740.0,8.2,40558.0,4,48,1
3042.0,321440.0,605.0,29.4,1641.0,0,48,0
10616.0,495246.0,754.0,17.9,23393.0,3,60,0
16395.0,57598.0,647.0,21.3,32331.0,1,48,1
13572.0,527072.0,731.0,0.2,41502.0,1,60,1
21699.0,734965.0,629.0,15.5,2464.0,0,60,1
17150.0,509430.0,528.0,1.1,42622.0,1,36,1
5747.0,705274.0,827.0,17.1,27420.0,3,48,0
3623.0,592980.0,598.0,27.6,9866.0,0,60,0
16776.0,140419.0,633.0,29.1,15863.0,4,24,1
2610.0,726840.0,421.0,16.2,14096.0,0,24,0
15473.0,99833.0,644.0,13.7,26543.0,0,48,1
23625.0,450476.0,614.0,28.4,2584.0,4,36,1
15236.0,156603.0,402.0,20.2,7927.0,3,36,1
10928.0,58780.0,333.0,1.9,40635.0,2,60,0
16796.0,366526.0,632.0,14.0,6630.0,2,48,1
12540.0,271281.0,720.0,7.2,11670.0,4,24,1
14549.0,414500.0,588.0,14.1,22669.0,3,60,1
23654.0,482900.0,425.0,13.7,25856.0,1,60,1
10880.0,82804.0,667.0,17.5,38181.0,4,12,1
24107.0,142252.0,344.0,10.7,22367.0,2,48,1
22823.0,468982.0,543.0,4.9,39493.0,3,60,1
6503.0,307376.0,390.0,15.1,30917.0,0,24,0
3595.0,596880.0,401.0,24.9,5655.0,3,12,0
4318.0,539219.0,411.0,19.9,7817.0,3,24,0
2419.0,684203.0,513.0,10.2,21852.0,2,36,0
4172.0,569370.0,328.0,28.1,19844.0,2,12,0
17709.0,372448.0,519.0,27.4,37177.0,1,12,1
3637.0,554725.0,581.0,6.3,29037.0,1,60,0
9336.0,256536.0,566.0,1.2,19407.0,4,36,0
21432.0,279735.0,511.0,22.2,8538.0,0,60,1
2535.0,641739.0,762.0,24.8,11342.0,1,48,0
20733.0,384815.0,380.0,29.0,28775.0,2,24,1
8483.0,648785.0,578.0,26.7,21172.0,3,24,0
4718.0,666817.0,334.0,18.0,25746.0,4,60,0
18025.0,693172.0,339.0,15.9,8534.0,1,24,1
16466.0,737476.0,616.0,0.8,33145.0,3,24,1
22182.0,373239.0,611.0,7.4,42627.0,3,48,1
18907.0,289150.0,783.0,13.8,12897.0,1,36,1
20480.0,486649.0,607.0,18.9,24576.0,0,12,1
8487.0,328379.0,828.0,16.7,48776.0,0,60,0
6081.0,500806.0,327.0,22.3,16662.0,4,60,0
19264.0,579189.0,354.0,8.4,29752.0,0,48,1
20557.0,566304.0,324.0,16.9,4510.0,4,48,1
24782.0,330915.0,402.0,2.6,30301.0,2,12,1
11490.0,175145.0,598.0,12.4,4482.0,1,36,1
10556.0,372897.0,655.0,22.5,47962.0,3,60,0
19857.0,156946.0,325.0,20.8,35783.0,4,48,1
9838.0,717573.0,820.0,29.7,39408.0,0,60,0
23407.0,309408.0,763.0,8.3,35205.0,4,24,1
21743.0,165845.0,463.0,14.9,29486.0,4,60,1
11867.0,69086.0,342.0,9.9,22496.0,0,36,1
19270.0,534367.0,393.0,13.2,42919.0,0,36,1
19354.0,527677.0,370.0,25.7,47842.0,1,60,1
4372.0,305453.0,368.0,20.5,24952.0,3,24,0
22759.0,103784.0,585.0,26.5,46577.0,1,36,1
13621.0,357222.0,435.0,6.1,29167.0,1,48,1
21009.0,283413.0,497.0,26.2,26919.0,0,60,1
9361.0,557840.0,844.0,1.8,22724.0,0,24,0
22597.0,504334.0,676.0,26.7,10464.0,3,48,1
10952.0,323445.0,822.0,9.9,186.0,4,60,1
2249.0,213419.0,378.0,9.4,12075.0,1,24,0
22824.0,791027.0,510.0,15.4,25486.0,3,48,1
4100.0,390501.0,605.0,28.2,18998.0,1,36,0
9344.0,566206.0,342.0,1.4,22424.0,4,60,0
23851.0,155415.0,302.0,10.6,49032.0,1,60,1
23864.0,414192.0,669.0,25.7,17514.0,2,36,1
15189.0,70653.0,653.0,11.9,22609.0,3,12,1
16532.0,429091.0,526.0,6.0,6676.0,0,48,1
12314.0,773013.0,569.0,12.7,2398.0,1,36,0
8744.0,338155.0,528.0,11.6,38770.0,3,60,0
9559.0,79247.0,313.0,27.5,28534.0,3,48,1
17468.0,73217.0,484.0,22.9,38035.0,1,48,1
19305.0,340990.0,397.0,15.2,7493.0,0,12,1
20206.0,170019.0,354.0,29.7,28591.0,0,60,1
20161.0,67514.0,826.0,14.0,12682.0,1,24,1
4098.0,617160.0,630.0,1.7,11403.0,3,12,0
13372.0,393892.0,701.0,7.9,576.0,0,12,1
3324.0,266934.0,473.0,13.1,6517.0,1,24,0
14639.0,725062.0,516.0,4.7,15463.0,1,24,1
12155.0,137104.0,430.0,28.4,5844.0,1,12,1
22417.0,766939.0,353.0,23.0,49293.0,3,48,1
10071.0,285475.0,398.0,8.0,15432.0,0,36,0
4693.0,716303.0,739.0,17.7,6516.0,3,36,0
5289.0,502207.0,673.0,21.6,9954.0,2,12,0
19515.0,670031.0,601.0,28.2,29385.0,0,48,1
16219.0,788010.0,561.0,26.4,3202.0,3,24,1
4326.0,266304.0,807.0,15.5,43122.0,0,12,0
3934.0,770852.0,340.0,23.2,48075.0,2,60,0
18122.0,342111.0,454.0,16.9,12337.0,4,48,1
3674.0,339134.0,492.0,16.6,22505.0,1,60,0
20903.0,305290.0,730.0,3.4,1107.0,3,60,1
18244.0,456056.0,846.0,3.8,32036.0,2,12,1
3871.0,165609.0,432.0,15.9,20696.0,2,48,0
3951.0,465284.0,781.0,8.1,13503.0,0,60,0
24693.0,456279.0,757.0,0.6,10342.0,0,48,1
10608.0,621426.0,424.0,21.7,32701.0,1,36,0
10525.0,675237.0,520.0,1.0,20811.0,0,60,0
20694.0,380331.0,525.0,17.9,8983.0,3,60,1
23787.0,276750.0,838.0,16.2,34455.0,3,48,1
24678.0,244501.0,399.0,29.1,28254.0,3,36,1
19328.0,195968.0,740.0,14.5,42934.0,4,60,1
10654.0,93236.0,484.0,1.9,5874.0,3,12,1
3921.0,306836.0,702.0,16.6,39283.0,0,48,0
19874.0,252686.0,531.0,25.2,33676.0,0,48,1
14843.0,774813.0,618.0,29.9,5751.0,3,60,1
11757.0,468282.0,758.0,12.9,34741.0,2,36,1
22846.0,310458.0,742.0,9.6,22077.0,2,60,1
4558.0,485351.0,777.0,27.2,47249.0,2,24,0
13330.0,154398.0,333.0,5.7,7081.0,1,60,1
2261.0,383033.0,681.0,18.5,32142.0,4,24,0
12779.0,519676.0,377.0,12.2,19099.0,3,12,0
3295.0,416673.0,529.0,1.2,47841.0,1,48,0
4733.0,351334.0,602.0,10.4,16499.0,2,48,0
4703.0,795386.0,522.0,8.0,48109.0,3,36,0
16932.0,710236.0,586.0,20.6,45074.0,1,60,1
19159.0,517554.0,848.0,28.5,13519.0,0,12,1
15417.0,477033.0,374.0,8.0,40177.0,2,24,0
24130.0,515495.0,672.0,24.3,49780.0,1,36,1
10622.0,200984.0,518.0,1.7,12633.0,0,12,1
8571.0,346353.0,373.0,16.1,21839.0,2,12,0
21978.0,79595.0,387.0,2.1,26009.0,4,24,1
7143.0,406660.0,822.0,28.0,14747.0,2,24,0
24154.0,457268.0,784.0,23.0,763.0,4,48,1
2280.0,220812.0,799.0,19.7,11006.0,4,60,0
24307.0,773022.0,845.0,24.7,14097.0,4,36,1
2993.0,732091.0,415.0,19.4,22180.0,3,60,0
22496.0,591607.0,495.0,29.1,8555.0,3,36,1
14137.0,450040.0,668.0,21.4,43663.0,4,12,1
24838.0,702477.0,566.0,27.7,35246.0,0,24,1
3697.0,147989.0,530.0,15.5,4260.0,4,24,0
14739.0,642882.0,497.0,3.5,32505.0,1,12,0
24294.0,143616.0,627.0,15.8,32683.0,4,12,1
14031.0,645658.0,617.0,3.8,47811.0,3,36,0
16476.0,256826.0,389.0,17.8,151.0,3,12,1
18002.0,707818.0,559.0,14.5,12397.0,1,36,1
12454.0,758032.0,604.0,18.7,46390.0,1,60,0
16434.0,161597.0,614.0,0.3,46607.0,2,24,1
15439.0,397007.0,416.0,5.8,36029.0,0,24,1
22727.0,785741.0,708.0,14.7,38288.0,0,24,1
3045.0,412556.0,314.0,28.5,4574.0,0,60,0
8462.0,697661.0,495.0,11.5,25694.0,3,60,0
23859.0,491549.0,729.0,12.7,11579.0,0,48,1
22476.0,331497.0,610.0,21.4,9061.0,2,36,1
12480.0,264338.0,444.0,18.1,40515.0,2,36,1
16263.0,202417.0,682.0,9.0,6752.0,0,48,1
8380.0,621349.0,612.0,12.3,23433.0,1,24,0
6327.0,339905.0,738.0,6.5,46929.0,2,36,0
12665.0,433457.0,704.0,29.0,9292.0,1,36,1
10127.0,419244.0,636.0,3.9,48900.0,3,24,0
15424.0,482959.0,568.0,11.2,49714.0,2,12,1
3788.0,699183.0,373.0,0.8,27781.0,1,12,0
24411.0,785555.0,444.0,6.7,8507.0,0,48,1
24683.0,355688.0,531.0,23.4,15805.0,3,60,1
18058.0,670639.0,630.0,6.0,21225.0,4,36,1
14330.0,623396.0,583.0,2.4,15466.0,4,36,1
9119.0,480147.0,459.0,14.2,14032.0,0,48,0
20717.0,767035.0,304.0,0.3,48611.0,3,48,0
17749.0,200356.0,573.0,2.5,7668.0,3,36,1
5740.0,131948.0,457.0,24.2,36666.0,3,24,0
22951.0,690471.0,704.0,23.1,21.0,3,24,1
20918.0,379362.0,313.0,27.5,29809.0,4,60,1
23845.0,685227.0,622.0,25.6,45797.0,1,36,1
18692.0,719818.0,818.0,20.5,14397.0,3,36,1
16109.0,96843.0,396.0,1.6,9276.0,1,36,1
11620.0,712599.0,559.0,23.5,32584.0,3,36,0
23453.0,386239.0,350.0,25.4,35630.0,2,48,1
21919.0,432824.0,644.0,24.0,34402.0,2,12,1
3040.0,519944.0,603.0,15.3,15966.0,2,36,0
2606.0,744787.0,524.0,7.0,12610.0,3,12,0
10659.0,64337.0,587.0,25.4,47796.0,1,24,1
20643.0,407633.0,793.0,21.8,46165.0,4,60,1
24707.0,565792.0,408.0,29.4,22866.0,0,24,1
5460.0,592030.0,312.0,4.7,42310.0,4,36,0
15665.0,569399.0,774.0,6.8,22616.0,3,24,1
10760.0,150826.0,617.0,6.4,21219.0,2,48,1
24308.0,274547.0,790.0,23.8,7838.0,2,12,1
21369.0,319037.0,628.0,5.6,21320.0,1,36,1
21282.0,653328.0,746.0,2.0,26871.0,3,48,1
12780.0,259070.0,536.0,30.0,1125.0,4,12,1
11541.0,208029.0,712.0,0.7,22206.0,3,48,1
8288.0,768086.0,802.0,25.1,39068.0,3,24,0
3297.0,56647.0,615.0,11.0,34002.0,2,36,0
21889.0,798366.0,399.0,25.2,31758.0,4,24,1
20697.0,557616.0,448.0,16.6,45478.0,0,60,1
24994.0,671352.0,409.0,27.0,902.0,2,36,1
24923.0,270965.0,436.0,27.8,27852.0,4,24,1
14775.0,60736.0,469.0,0.3,39367.0,1,36,1
19687.0,603402.0,605.0,2.3,27067.0,2,12,1
23730.0,675608.0,623.0,7.5,16195.0,1,36,1
21542.0,605357.0,535.0,20.1,6813.0,2,36,1
7689.0,157138.0,638.0,26.6,44378.0,3,12,0
12363.0,615071.0,345.0,13.8,23538.0,4,24,0
4971.0,626692.0,348.0,18.2,43906.0,1,36,0
23943.0,543905.0,395.0,5.7,29293.0,2,48,1
15942.0,624587.0,585.0,24.1,33710.0,1,36,1
7259.0,684441.0,418.0,29.0,40213.0,2,24,0
17449.0,510203.0,456.0,8.1,32958.0,2,12,1
16217.0,116454.0,520.0,14.8,19903.0,0,24,1
10238.0,415721.0,747.0,2.6,25682.0,0,60,1
4612.0,108237.0,308.0,16.8,40152.0,0,36,0
17446.0,355657.0,657.0,15.1,18683.0,1,36,1
13967.0,355330.0,668.0,4.3,19406.0,3,12,1
19763.0,99507.0,739.0,13.3,4785.0,2,36,1
13964.0,311615.0,813.0,10.0,45729.0,4,48,1
21600.0,133249.0,311.0,15.7,4552.0,0,48,1
14694.0,656176.0,385.0,17.6,32410.0,1,24,0
14902.0,760766.0,787.0,0.3,20660.0,1,12,1
22163.0,104237.0,552.0,22.8,20281.0,1,60,1
11280.0,766336.0,611.0,21.4,33978.0,4,24,0
5082.0,441932.0,665.0,11.0,3355.0,4,12,0
2662.0,274674.0,673.0,1.6,29685.0,0,12,0
19368.0,107647.0,812.0,22.6,38602.0,4,24,1
16267.0,425468.0,848.0,28.7,41411.0,0,24,1
18194.0,645887.0,696.0,7.2,8527.0,4,36,1
6898.0,580315.0,458.0,9.7,44871.0,4,60,0
5137.0,87670.0,784.0,5.5,32807.0,4,48,0
2335.0,104676.0,327.0,17.3,44093.0,0,36,0
10064.0,352155.0,427.0,4.6,24264.0,2,12,0
15568.0,271468.0,794.0,10.7,27102.0,0,60,1
11022.0,224288.0,441.0,20.9,45952.0,2,60,0
12062.0,260753.0,421.0,16.8,44995.0,1,24,1
22796.0,652612.0,376.0,11.6,22408.0,1,60,1
10010.0,746921.0,773.0,12.6,13721.0,0,60,0
13822.0,353827.0,575.0,16.9,19659.0,2,12,1
20024.0,729583.0,671.0,0.2,19388.0,2,36,1
11120.0,291122.0,431.0,2.4,14343.0,2,60,1
16308.0,407328.0,717.0,26.4,13429.0,1,24,1
21834.0,219522.0,718.0,2.3,43053.0,0,36,1
23839.0,530357.0,472.0,21.2,3493.0,3,24,1
5383.0,784236.0,526.0,27.6,33881.0,2,60,0
23312.0,502620.0,415.0,8.1,8641.0,2,36,1
13319.0,318361.0,837.0,11.1,17225.0,3,60,1
7940.0,535863.0,655.0,17.1,3077.0,0,12,1
12560.0,142191.0,814.0,26.5,13499.0,2,36,1
24541.0,716494.0,467.0,28.3,38421.0,0,24,1
13330.0,427313.0,730.0,22.2,44251.0,2,12,1
9561.0,387012.0,721.0,2.6,11076.0,4,48,1
16568.0,489399.0,680.0,20.1,23177.0,2,24,1
7523.0,518588.0,831.0,12.3,23516.0,4,60,0
3745.0,103832.0,516.0,14.1,43679.0,0,24,0
4964.0,561963.0,372.0,1.5,38140.0,2,48,0
4945.0,231449.0,669.0,5.7,25654.0,1,24,0
5494.0,585464.0,701.0,23.7,33537.0,1,12,0
5193.0,666901.0,616.0,13.6,42368.0,3,24,0
16740.0,652969.0,414.0,9.0,477.0,1,36,1
6183.0,464376.0,577.0,11.5,20145.0,4,48,0
9950.0,440127.0,472.0,25.6,45362.0,1,24,0
22626.0,157157.0,535.0,22.5,37016.0,1,48,1
12901.0,631510.0,655.0,8.2,27142.0,1,12,1
17354.0,253557.0,710.0,3.5,26482.0,2,36,1
5963.0,422522.0,428.0,7.6,17389.0,3,60,0
6423.0,263206.0,523.0,27.6,26026.0,0,24,0
2940.0,150371.0,448.0,17.4,32769.0,3,12,0
5886.0,522168.0,409.0,16.0,20918.0,4,48,0
8408.0,90749.0,731.0,17.9,35708.0,2,48,1
6071.0,611484.0,800.0,11.0,43062.0,2,12,0
4040.0,288190.0,504.0,24.2,7734.0,1,24,0
4775.0,50101.0,713.0,15.7,22577.0,1,60,1
12598.0,433347.0,793.0,3.5,20401.0,4,24,1
6746.0,85139.0,765.0,3.9,34373.0,2,36,0
10378.0,257127.0,401.0,16.1,12493.0,0,24,1
13579.0,580232.0,826.0,28.1,32013.0,3,36,1
17879.0,97017.0,507.0,9.3,43874.0,2,48,1
2904.0,679504.0,487.0,26.1,20907.0,0,36,0
20386.0,52865.0,334.0,22.9,45551.0,0,60,1
16442.0,235118.0,567.0,7.4,49658.0,3,12,1
3880.0,605678.0,360.0,1.1,5305.0,0,36,0
22092.0,287203.0,437.0,3.1,11653.0,4,24,1
23180.0,126419.0,474.0,21.9,47519.0,0,36,1
3405.0,320175.0,745.0,6.0,47916.0,4,48,0
8368.0,252795.0,782.0,11.1,4885.0,0,36,1
20543.0,682034.0,466.0,15.1,750.0,1,60,1
19210.0,285011.0,772.0,21.8,8055.0,0,36,1
6244.0,641699.0,771.0,3.4,49801.0,4,60,0
6815.0,718904.0,721.0,12.2,9000.0,0,24,0
10521.0,375363.0,381.0,14.6,25127.0,0,48,0
13144.0,732457.0,680.0,16.2,42421.0,0,12,0
16220.0,332989.0,820.0,24.6,1020.0,4,24,1
10485.0,773059.0,675.0,5.2,30224.0,0,24,0
12638.0,116967.0,482.0,24.2,13851.0,3,12,1
19192.0,565264.0,575.0,20.8,43117.0,3,36,1
2844.0,420361.0,655.0,16.7,14173.0,4,36,0
7806.0,340737.0,581.0,21.0,34338.0,1,36,0
18407.0,524534.0,366.0,12.4,33711.0,3,48,1
22590.0,577893.0,472.0,4.2,11075.0,2,24,1
13769.0,53272.0,741.0,20.0,1740.0,3,60,1
14239.0,175215.0,774.0,15.7,20462.0,2,12,1
4465.0,584785.0,376.0,19.2,14460.0,4,24,0
12290.0,549789.0,824.0,10.1,40449.0,1,36,1
14250.0,774536.0,481.0,27.2,40018.0,2,12,0
7577.0,620778.0,664.0,17.6,22851.0,2,60,0
8193.0,763080.0,714.0,2.6,30326.0,3,24,0
10678.0,576905.0,747.0,13.5,30213.0,2,24,0
2462.0,273539.0,820.0,22.7,41358.0,4,48,0
9408.0,129024.0,472.0,23.8,21250.0,4,24,1
6863.0,636368.0,772.0,14.8,13772.0,4,24,0
9532.0,533112.0,372.0,26.8,13252.0,3,60,0
4755.0,86140.0,688.0,8.0,26810.0,1,60,0
22482.0,320038.0,708.0,12.3,22457.0,3,12,1
15653.0,767600.0,673.0,27.0,22006.0,4,36,1
17619.0,425301.0,439.0,26.9,4557.0,3,60,1
20151.0,374547.0,780.0,20.6,35930.0,4,12,1
13464.0,393275.0,393.0,25.8,10687.0,0,24,1
3999.0,206662.0,329.0,2.7,9848.0,0,12,0
14353.0,326530.0,695.0,25.9,20638.0,2,12,1
15497.0,327360.0,562.0,9.6,11389.0,1,12,1
19145.0,89266.0,767.0,5.3,29193.0,0,12,1
11928.0,625676.0,511.0,7.2,18573.0,4,60,0
4934.0,362378.0,393.0,12.5,22446.0,3,36,0
8527.0,666635.0,760.0,7.5,26858.0,3,12,0
10351.0,687761.0,602.0,9.6,10177.0,2,48,0
16856.0,208996.0,404.0,4.0,7788.0,3,24,1
15128.0,543015.0,696.0,8.9,44021.0,0,24,1
10190.0,404211.0,581.0,17.2,21686.0,3,24,0
24690.0,710118.0,632.0,13.3,20605.0,0,24,1
15933.0,211806.0,553.0,10.4,1781.0,0,24,1
7456.0,558360.0,756.0,22.4,24899.0,1,12,0
4341.0,505814.0,756.0,26.8,27708.0,2,36,0
5516.0,271476.0,690.0,22.7,27942.0,4,48,0
7657.0,152451.0,358.0,10.0,35352.0,0,60,0
5696.0,538730.0,761.0,22.3,8874.0,2,48,0
6291.0,603948.0,669.0,4.6,12611.0,4,60,0
8557.0,286721.0,683.0,3.9,40537.0,3,60,0
5988.0,533624.0,500.0,10.4,47359.0,2,48,0
22626.0,346348.0,784.0,24.2,6797.0,2,12,1
3845.0,584905.0,699.0,7.4,24882.0,2,24,0
14064.0,199411.0,362.0,1.9,10709.0,3,12,1
11439.0,717661.0,524.0,4.0,3004.0,3,24,0
24595.0,265557.0,788.0,25.8,16275.0,2,36,1
4577.0,325839.0,326.0,19.0,7184.0,1,60,0
11151.0,93569.0,829.0,7.6,35497.0,0,48,1
24298.0,133634.0,674.0,16.7,26686.0,3,36,1
21907.0,436896.0,647.0,15.8,7192.0,1,24,1
20793.0,250695.0,449.0,19.7,462.0,3,12,1
7932.0,676610.0,437.0,7.0,40408.0,2,48,0
5930.0,61020.0,818.0,25.9,8810.0,1,60,1
17379.0,334321.0,464.0,9.3,30311.0,4,36,1
23376.0,303009.0,727.0,20.8,16846.0,0,60,1
14806.0,64496.0,516.0,0.5,29274.0,0,24,1
15147.0,143276.0,377.0,11.2,15783.0,3,60,1
8440.0,360232.0,306.0,10.6,4347.0,0,12,0
19698.0,419648.0,599.0,16.3,11148.0,4,36,1
6302.0,353217.0,837.0,2.2,9403.0,1,36,0
9445.0,448203.0,503.0,23.7,21401.0,1,12,0
11785.0,496349.0,496.0,6.5,32914.0,2,60,0
13675.0,57443.0,489.0,20.3,13190.0,1,12,1
7575.0,398071.0,586.0,24.1,603.0,3,48,0
4641.0,772624.0,542.0,16.9,25947.0,4,12,0
16044.0,439274.0,784.0,22.2,30288.0,2,60,1
8639.0,558157.0,578.0,19.9,48144.0,3,12,0
15368.0,283898.0,579.0,10.7,29474.0,3,24,1
5550.0,630494.0,376.0,24.3,23559.0,3,12,0
13066.0,629691.0,841.0,8.8,28670.0,0,12,1
14250.0,440972.0,437.0,17.1,46395.0,3,60,1
3192.0,782010.0,340.0,22.4,41419.0,0,48,0
9742.0,144163.0,665.0,11.4,16149.0,1,48,1
5092.0,62711.0,627.0,9.1,11863.0,0,60,1
3458.0,627619.0,528.0,13.8,13132.0,3,60,0
24769.0,655367.0,532.0,24.5,25221.0,4,60,1
9414.0,140155.0,732.0,27.9,37202.0,4,24,1
20627.0,249187.0,408.0,16.4,25161.0,1,36,1
7857.0,63164.0,751.0,19.8,3390.0,3,12,1
17675.0,269981.0,657.0,27.1,36179.0,0,60,1
19485.0,629856.0,530.0,3.0,40299.0,4,60,1
15700.0,438470.0,552.0,7.0,14475.0,2,60,1
12846.0,311072.0,441.0,21.3,33206.0,3,48,1
11472.0,328804.0,714.0,24.7,21330.0,3,60,1
10024.0,51015.0,582.0,25.7,44456.0,2,12,1
23379.0,274850.0,476.0,12.5,42261.0,4,60,1
21104.0,534844.0,628.0,2.7,26272.0,2,12,1
24196.0,780646.0,848.0,13.1,34575.0,1,24,1
4859.0,685296.0,539.0,6.9,44167.0,0,36,0
18810.0,67696.0,806.0,8.7,24786.0,0,48,1
23582.0,723920.0,490.0,23.2,15663.0,4,12,1
6168.0,637399.0,330.0,2.3,37683.0,2,24,0
3529.0,635282.0,412.0,24.8,11003.0,3,36,0
19046.0,393497.0,530.0,12.8,19427.0,3,36,1
15213.0,348504.0,421.0,17.9,43286.0,3,36,1
21362.0,277187.0,300.0,2.7,36221.0,1,12,1
5215.0,99271.0,803.0,10.1,20191.0,1,24,1
20291.0,221177.0,764.0,2.7,10737.0,3,60,1
6637.0,234953.0,708.0,28.8,17798.0,4,24,0
5764.0,413058.0,392.0,24.2,14205.0,1,24,0
5778.0,610583.0,366.0,13.8,8804.0,1,24,0
20735.0,405357.0,337.0,6.7,37167.0,0,12,1
17300.0,93383.0,698.0,28.0,12603.0,0,12,1
14031.0,768342.0,811.0,10.3,22708.0,4,12,1
10253.0,757043.0,537.0,4.8,19293.0,1,24,0
22176.0,638892.0,366.0,16.9,49104.0,1,12,1
11026.0,793496.0,582.0,28.3,19555.0,2,36,0
20782.0,458362.0,492.0,0.1,3999.0,4,12,1
12100.0,772076.0,506.0,7.1,4491.0,4,48,0
10670.0,106704.0,642.0,28.2,29538.0,2,12,1
12642.0,324261.0,695.0,5.1,29968.0,2,12,1
8932.0,219036.0,361.0,3.4,20938.0,0,12,0
19195.0,196875.0,320.0,17.1,21592.0,4,12,1
13563.0,155602.0,847.0,25.9,2697.0,4,48,1
7341.0,516810.0,428.0,14.3,25827.0,2,60,0
22690.0,635991.0,330.0,29.8,25237.0,3,12,1
10829.0,483724.0,404.0,20.4,7477.0,3,36,0
14502.0,160222.0,321.0,2.2,5192.0,0,48,1
22849.0,658343.0,515.0,29.8,6179.0,3,60,1
16357.0,526966.0,741.0,12.2,5051.0,3,12,1
4689.0,341124.0,488.0,8.6,30485.0,3,60,0
23616.0,555598.0,544.0,16.7,9824.0,1,36,1
16437.0,244929.0,672.0,9.1,12572.0,0,48,1
9703.0,308894.0,580.0,2.6,8679.0,2,48,1
5203.0,738114.0,774.0,0.0,47892.0,3,60,0
20263.0,267878.0,776.0,13.5,42731.0,1,12,1
16262.0,402491.0,305.0,25.1,11525.0,3,24,1
14270.0,717606.0,728.0,17.2,16378.0,1,48,1
22560.0,580791.0,553.0,30.0,10495.0,0,24,1
20138.0,96652.0,844.0,8.6,24594.0,3,48,1
5489.0,160477.0,566.0,8.4,981.0,1,12,1
9170.0,55881.0,843.0,4.8,33568.0,4,12,1
7715.0,523191.0,715.0,4.9,26158.0,4,48,0
19111.0,385755.0,437.0,8.6,44932.0,1,60,1
2771.0,150706.0,596.0,23.8,8220.0,3,12,0
15107.0,768451.0,846.0,27.2,40205.0,3,12,1
19537.0,447245.0,772.0,29.3,39598.0,0,36,1
22166.0,231420.0,354.0,7.0,6359.0,0,12,1
9868.0,425453.0,689.0,26.4,19928.0,2,36,1
20889.0,559715.0,490.0,9.8,8508.0,0,12,1
4545.0,107179.0,304.0,3.4,12736.0,3,12,0
21468.0,256028.0,522.0,26.1,13162.0,2,60,1
4932.0,655224.0,429.0,19.1,27812.0,0,60,0
11138.0,394749.0,750.0,4.9,20571.0,1,12,1
20338.0,459933.0,486.0,12.9,47387.0,4,48,1
5448.0,374612.0,755.0,8.6,6319.0,0,48,0
7273.0,82925.0,300.0,22.1,48685.0,0,12,0
18612.0,174312.0,469.0,13.6,11532.0,1,48,1
18561.0,384156.0,433.0,29.7,38644.0,3,12,1
16746.0,206889.0,428.0,1.6,16948.0,1,60,1
17961.0,87484.0,338.0,10.7,7154.0,0,24,1
14483.0,682737.0,403.0,14.5,42894.0,3,36,0
7791.0,785894.0,606.0,15.1,15443.0,2,48,0
9951.0,644857.0,460.0,9.5,32943.0,0,48,0
6177.0,690339.0,530.0,21.9,28322.0,1,60,0
22894.0,231483.0,507.0,26.2,23588.0,2,48,1
15418.0,770470.0,782.0,28.2,24791.0,4,12,1
11220.0,197694.0,798.0,24.2,36612.0,2,12,1
12626.0,763572.0,571.0,25.5,4389.0,1,24,1
23788.0,796114.0,482.0,16.5,33409.0,2,24,1
5527.0,583792.0,359.0,24.8,44791.0,1,24,0
15483.0,785858.0,824.0,9.1,2889.0,0,12,1
13635.0,477155.0,333.0,12.0,7033.0,3,24,1
16063.0,244656.0,464.0,9.5,35832.0,4,24,1
2417.0,377747.0,464.0,14.0,21864.0,3,12,0
22059.0,495171.0,476.0,8.6,20177.0,3,60,1
23439.0,104811.0,390.0,28.8,6848.0,3,48,1
14998.0,516757.0,731.0,9.4,25339.0,1,36,1
18023.0,785883.0,367.0,2.9,6327.0,1,12,1
23217.0,192581.0,649.0,15.8,23831.0,4,12,1
18266.0,644446.0,368.0,1.7,38181.0,1,36,1
5508.0,730924.0,339.0,3.3,12913.0,1,36,0
15255.0,757776.0,800.0,6.6,24039.0,1,24,1
15954.0,770102.0,405.0,13.9,49601.0,1,36,0
11755.0,441095.0,752.0,13.0,34333.0,0,48,1
18938.0,782981.0,600.0,24.0,42068.0,4,48,1
23490.0,617983.0,343.0,22.2,20742.0,1,48,1
23288.0,171254.0,825.0,12.8,38393.0,4,48,1
12369.0,407675.0,436.0,10.0,2025.0,2,48,1
4604.0,588748.0,773.0,9.5,6146.0,0,24,0
24651.0,235505.0,393.0,23.2,10154.0,1,12,1
21295.0,530461.0,770.0,1.6,20098.0,0,36,1
4867.0,549950.0,307.0,0.4,42287.0,0,12,0
23179.0,172025.0,581.0,23.9,17313.0,2,36,1
22008.0,473814.0,723.0,14.3,32731.0,4,24,1
13933.0,628720.0,814.0,3.9,35466.0,0,24,1
15599.0,424172.0,800.0,7.1,29309.0,3,60,1
11177.0,59077.0,751.0,28.0,17862.0,2,60,1
3260.0,56779.0,789.0,25.8,28853.0,3,24,0
9710.0,317772.0,410.0,21.3,17113.0,2,24,0
20466.0,744646.0,456.0,14.5,4194.0,3,36,1
2107.0,221508.0,459.0,15.6,49640.0,3,24,0
9670.0,525773.0,507.0,29.3,6359.0,0,12,0
11158.0,216557.0,516.0,29.0,3617.0,0,36,1
14360.0,291252.0,600.0,6.5,43927.0,2,24,1
23157.0,686032.0,388.0,24.3,15092.0,4,36,1
9966.0,596646.0,680.0,5.9,32515.0,0,36,0
9980.0,121549.0,392.0,6.4,16450.0,0,48,1
18963.0,371527.0,471.0,20.3,19573.0,1,60,1
12401.0,71877.0,577.0,12.2,13106.0,0,36,1
7166.0,410668.0,738.0,27.9,17152.0,4,36,0
12406.0,546826.0,707.0,2.7,20535.0,1,48,1
5240.0,138877.0,655.0,15.3,36021.0,3,24,0
6057.0,266664.0,386.0,27.6,25577.0,3,36,0
13462.0,348377.0,601.0,27.1,47178.0,1,48,1
11635.0,739648.0,348.0,4.7,2094.0,1,12,0
23041.0,794941.0,508.0,11.0,25153.0,1,48,1
10335.0,83683.0,527.0,18.6,29211.0,2,60,1
15354.0,620756.0,322.0,4.8,46010.0,4,60,0
16542.0,328793.0,451.0,29.0,2458.0,4,24,1
2301.0,344344.0,826.0,27.4,28675.0,3,24,0
17261.0,615699.0,824.0,5.0,42681.0,3,60,1
6095.0,738820.0,494.0,3.6,12096.0,3,60,0
24105.0,763196.0,324.0,2.6,43815.0,0,36,1
5419.0,482842.0,399.0,27.3,952.0,3,60,0
11536.0,317841.0,516.0,5.8,36623.0,1,24,0
3963.0,640662.0,821.0,12.5,46656.0,3,60,0
24928.0,238251.0,378.0,13.5,32860.0,1,24,1
13550.0,473056.0,720.0,18.0,21951.0,2,12,1
15694.0,318934.0,360.0,2.2,2244.0,0,60,1
3543.0,542473.0,840.0,6.8,46006.0,0,24,0
19249.0,230299.0,510.0,27.9,23515.0,4,48,1
6828.0,193695.0,726.0,27.3,1450.0,2,36,1
22655.0,738679.0,488.0,23.4,34491.0,1,24,1
6718.0,126353.0,645.0,0.6,24092.0,2,60,1
6386.0,429468.0,406.0,9.8,6217.0,0,60,0
2841.0,215640.0,380.0,18.8,10714.0,1,12,0
12858.0,79197.0,816.0,8.3,3225.0,2,48,1
14991.0,77014.0,805.0,27.3,28715.0,0,24,1
3511.0,181416.0,788.0,19.0,31101.0,1,48,0
19837.0,700078.0,644.0,2.2,25287.0,1,12,1
12426.0,261859.0,745.0,27.3,40855.0,0,36,1
14061.0,762844.0,338.0,28.7,43050.0,1,48,0
12138.0,486217.0,484.0,2.3,30781.0,0,12,0
11218.0,377461.0,473.0,16.0,638.0,3,24,1
14872.0,485067.0,650.0,9.1,34761.0,3,36,1
5571.0,437524.0,496.0,11.8,20900.0,1,60,0
6184.0,619082.0,382.0,5.4,28278.0,1,12,0
21821.0,261872.0,628.0,17.3,32454.0,0,60,1
23761.0,314788.0,748.0,28.7,17512.0,1,36,1
10586.0,720571.0,510.0,15.1,45855.0,4,12,0
8227.0,759842.0,373.0,2.5,6699.0,3,12,0
16812.0,719419.0,408.0,18.6,33576.0,1,36,1
11401.0,364586.0,431.0,10.2,218.0,1,24,1
2584.0,635274.0,465.0,25.7,46233.0,2,12,0
5592.0,407252.0,654.0,13.0,5625.0,1,36,0
18467.0,423155.0,631.0,5.8,4744.0,4,48,1
17155.0,203510.0,683.0,5.7,16650.0,3,60,1
2623.0,493348.0,499.0,23.1,18678.0,2,12,0
7105.0,189602.0,753.0,8.0,10715.0,0,48,1
7315.0,298674.0,412.0,23.0,29256.0,0,12,0
17454.0,691273.0,558.0,6.2,22146.0,3,24,1
2453.0,205307.0,741.0,9.7,1709.0,0,36,0
4394.0,103369.0,399.0,14.0,15983.0,4,12,0
20398.0,101756.0,360.0,28.3,40522.0,1,36,1
6107.0,755588.0,786.0,28.0,34485.0,3,12,0
17013.0,430190.0,489.0,6.2,36244.0,2,24,1
7478.0,357059.0,676.0,10.7,34906.0,1,24,0
4287.0,658159.0,314.0,4.5,15549.0,0,48,0
7593.0,676869.0,680.0,15.3,4983.0,0,24,0
18612.0,299143.0,474.0,13.8,13623.0,2,36,1
21681.0,570214.0,331.0,27.0,41589.0,4,24,1
21095.0,628342.0,635.0,27.9,49024.0,2,12,1
11135.0,540988.0,432.0,11.5,24692.0,3,24,0
17366.0,163696.0,513.0,14.8,485.0,2,36,1
6715.0,706912.0,344.0,26.9,7002.0,0,12,0
8742.0,454321.0,381.0,24.2,16104.0,4,48,0
22616.0,261854.0,464.0,0.1,28929.0,4,48,1
2299.0,368921.0,349.0,9.6,3755.0,2,48,0
3967.0,78178.0,801.0,12.7,47168.0,3,12,0
6781.0,145900.0,303.0,6.9,18254.0,0,48,0
2610.0,624160.0,566.0,6.0,45629.0,1,24,0
6173.0,50009.0,368.0,1.1,39026.0,4,12,0
15410.0,362424.0,469.0,19.3,37772.0,2,12,1
11693.0,441883.0,809.0,7.9,30336.0,3,12,1
22531.0,90976.0,389.0,1.6,31339.0,3,60,1
20801.0,779809.0,831.0,6.9,31900.0,0,36,1
9862.0,219594.0,413.0,24.1,31436.0,4,60,0
7967.0,278149.0,708.0,25.5,27686.0,0,60,0
10733.0,277957.0,601.0,14.5,49321.0,1,60,0
15577.0,222812.0,786.0,12.5,36615.0,1,36,1
8165.0,51105.0,605.0,29.3,38847.0,1,60,1
16355.0,597009.0,594.0,6.0,43623.0,3,48,1
11416.0,775134.0,408.0,6.5,10782.0,4,12,0
14697.0,218220.0,391.0,8.8,4190.0,0,12,1
12031.0,547285.0,804.0,5.2,24145.0,0,24,1
8773.0,606422.0,480.0,11.4,25704.0,1,48,0
23814.0,686319.0,505.0,27.3,41459.0,4,36,1
19563.0,366972.0,718.0,18.5,22189.0,4,12,1
5223.0,277198.0,486.0,12.4,28543.0,2,60,0
21975.0,293971.0,824.0,28.0,26354.0,4,24,1
13211.0,584466.0,706.0,1.5,1910.0,4,24,1
22575.0,662585.0,629.0,6.3,30761.0,0,12,1
20397.0,186210.0,784.0,17.0,41402.0,4,48,1
11780.0,328206.0,327.0,18.5,7875.0,4,24,1
2517.0,726455.0,441.0,1.2,29717.0,0,12,0
8180.0,655020.0,556.0,12.1,29681.0,4,48,0
14458.0,788644.0,425.0,19.5,8209.0,0,12,0
16570.0,615686.0,709.0,20.9,6173.0,2,12,1
7931.0,344896.0,806.0,19.1,49003.0,3,48,0
5205.0,492978.0,533.0,9.6,19686.0,0,48,0
21203.0,545761.0,488.0,2.8,11371.0,0,48,1
24641.0,108842.0,829.0,12.8,8566.0,4,12,1
14091.0,458373.0,545.0,3.9,33380.0,0,24,1
5949.0,581991.0,569.0,28.4,30472.0,1,36,0
8263.0,175491.0,493.0,14.3,32178.0,1,36,0
2423.0,635474.0,800.0,9.5,4400.0,2,12,0
23029.0,487830.0,613.0,23.0,44677.0,0,12,1
4708.0,764166.0,719.0,14.9,19463.0,4,24,0
15260.0,81817.0,746.0,9.3,15668.0,4,48,1
8303.0,248995.0,488.0,24.4,23118.0,3,12,0
14746.0,501165.0,539.0,26.0,19503.0,2,60,1
16983.0,272420.0,767.0,20.2,43179.0,4,48,1
21084.0,585818.0,500.0,1.4,46463.0,3,12,1
6748.0,619254.0,737.0,17.0,15173.0,4,60,0
2253.0,126887.0,818.0,22.9,43197.0,3,24,0
5148.0,435391.0,643.0,4.1,39076.0,1,60,0
22700.0,431668.0,708.0,6.9,46540.0,1,12,1
22099.0,326961.0,743.0,26.5,12288.0,4,36,1
15741.0,749694.0,765.0,0.6,28848.0,2,12,1
15812.0,670630.0,517.0,22.6,13727.0,0,36,1
17296.0,572907.0,328.0,14.2,41205.0,2,24,0
6034.0,585745.0,521.0,13.4,266.0,2,24,0
23031.0,396287.0,671.0,0.2,28241.0,0,48,1
11632.0,740746.0,548.0,24.6,16960.0,1,48,0
10812.0,570947.0,712.0,10.8,16134.0,1,36,0
13935.0,596736.0,496.0,16.2,32245.0,0,36,0
3080.0,696268.0,649.0,20.3,42574.0,3,24,0
5825.0,255554.0,403.0,21.1,30460.0,2,60,0
18975.0,655303.0,712.0,28.7,42659.0,4,36,1
3904.0,196430.0,600.0,15.9,13230.0,1,36,0
15872.0,309006.0,412.0,12.0,25975.0,4,60,1
7643.0,301708.0,461.0,28.6,22527.0,0,48,0
10954.0,783894.0,712.0,19.3,582.0,4,48,0
8640.0,692403.0,565.0,8.9,27841.0,4,36,0
10180.0,575877.0,419.0,3.8,33076.0,2,48,0
18538.0,595293.0,832.0,25.3,29596.0,0,48,1
8834.0,471555.0,693.0,10.9,36814.0,4,48,0
15027.0,760318.0,826.0,19.8,28567.0,1,24,1
12949.0,422194.0,535.0,14.1,3338.0,0,12,1
17264.0,335388.0,561.0,6.0,5822.0,1,36,1
23547.0,172277.0,794.0,18.1,29824.0,3,36,1
18849.0,639654.0,589.0,1.8,13749.0,4,24,1
6944.0,600833.0,689.0,12.4,3982.0,0,12,0
2717.0,338266.0,439.0,16.4,21480.0,1,12,0
8032.0,68895.0,546.0,13.1,27716.0,4,24,1
15687.0,679248.0,368.0,22.5,16437.0,2,60,1
3183.0,58563.0,413.0,24.8,36022.0,1,60,0
13416.0,577775.0,301.0,23.1,32189.0,1,12,0
15727.0,777693.0,322.0,1.2,16641.0,3,60,0
9688.0,378246.0,838.0,5.8,37744.0,2,60,1
19731.0,226230.0,433.0,16.1,32435.0,3,60,1
4452.0,578653.0,665.0,28.0,31872.0,2,12,0
3728.0,662846.0,762.0,25.0,27671.0,1,60,0
18748.0,459823.0,603.0,25.3,569.0,3,36,1
13396.0,775276.0,384.0,9.1,34825.0,4,12,0
17833.0,88752.0,700.0,12.9,18802.0,2,24,1
12001.0,428597.0,630.0,14.1,47130.0,1,60,0
7667.0,588840.0,702.0,4.7,40899.0,0,48,0
20839.0,696980.0,723.0,0.9,29385.0,2,12,1
20387.0,184442.0,836.0,28.4,12609.0,2,24,1
17978.0,650003.0,615.0,7.2,10186.0,4,36,1
8259.0,464530.0,488.0,7.2,17019.0,2,24,0
15575.0,347415.0,657.0,2.5,23828.0,2,60,1
10302.0,148786.0,338.0,27.9,14803.0,4,48,1
4106.0,698972.0,794.0,17.4,25746.0,4,60,0
23098.0,167955.0,366.0,20.0,8269.0,3,24,1
5147.0,282341.0,480.0,27.3,48886.0,1,12,0
23855.0,267534.0,749.0,10.4,5396.0,1,48,1
12258.0,703561.0,629.0,18.6,46597.0,3,48,0
6258.0,554527.0,516.0,1.2,45679.0,1,24,0
14464.0,647511.0,560.0,5.6,26268.0,2,60,0
22078.0,237851.0,770.0,24.9,36246.0,3,24,1
18841.0,518656.0,487.0,23.0,21802.0,3,48,1
20551.0,478809.0,778.0,10.5,31502.0,1,24,1
17152.0,674623.0,348.0,11.3,17029.0,0,48,1
17922.0,729565.0,727.0,16.0,15058.0,1,60,1
21531.0,59118.0,766.0,0.0,28911.0,0,12,1
7742.0,555515.0,400.0,7.2,24906.0,3,12,0
13257.0,88877.0,537.0,6.2,28977.0,0,24,1
7088.0,461644.0,391.0,7.5,14333.0,2,48,0
24716.0,265725.0,689.0,24.2,18348.0,4,12,1
23713.0,280082.0,594.0,8.4,4195.0,0,48,1
2907.0,314719.0,649.0,5.7,2614.0,4,60,0
18228.0,515969.0,408.0,15.1,12673.0,2,24,1
23281.0,300537.0,416.0,26.0,3712.0,4,48,1
6153.0,599524.0,323.0,7.2,5189.0,2,24,0
15063.0,353396.0,477.0,2.4,40646.0,4,48,1
23056.0,101265.0,608.0,10.7,1944.0,4,48,1
2781.0,637820.0,772.0,22.4,32947.0,1,60,0
18041.0,264319.0,667.0,16.5,13628.0,0,24,1
8839.0,374575.0,539.0,24.5,43577.0,4,36,0
23261.0,564083.0,824.0,28.8,24250.0,3,48,1
24334.0,299342.0,696.0,23.8,15279.0,1,48,1
23718.0,92439.0,812.0,18.1,25882.0,0,12,1
12907.0,330441.0,590.0,14.8,19098.0,1,24,1
21827.0,758336.0,442.0,1.2,28215.0,0,36,1
21425.0,531301.0,329.0,29.5,5727.0,2,60,1
9339.0,553609.0,699.0,11.5,49850.0,4,36,0
21065.0,524212.0,367.0,4.6,21278.0,3,60,1
2851.0,199244.0,467.0,20.0,17412.0,1,36,0
15714.0,363750.0,593.0,8.5,35510.0,1,36,1
7290.0,613205.0,610.0,17.6,18195.0,1,24,0
4773.0,126030.0,630.0,17.6,41664.0,1,12,0
3770.0,258390.0,391.0,13.4,22714.0,4,36,0
18015.0,257239.0,509.0,25.1,35978.0,0,48,1
9817.0,374014.0,639.0,7.9,5373.0,4,48,1
18670.0,785277.0,833.0,13.5,42306.0,2,48,1
3503.0,100627.0,700.0,16.1,36786.0,4,12,0
9252.0,439026.0,807.0,19.9,10586.0,4,36,1
14408.0,184524.0,719.0,23.5,7264.0,2,60,1
20187.0,778007.0,625.0,11.8,15815.0,4,60,1
9331.0,134978.0,406.0,19.4,48804.0,0,24,0
16396.0,352701.0,667.0,4.5,12842.0,3,12,1
22377.0,603414.0,643.0,28.0,22806.0,2,36,1
16165.0,578416.0,631.0,11.5,1501.0,1,48,1
7358.0,367046.0,569.0,21.9,19861.0,0,12,0
2561.0,309893.0,591.0,0.6,28566.0,3,12,0
22012.0,348209.0,484.0,6.2,47656.0,0,36,1
2489.0,248207.0,586.0,14.6,25837.0,0,24,0
22118.0,204000.0,409.0,26.3,40955.0,1,24,1
14166.0,412280.0,743.0,15.8,27356.0,3,24,1
23599.0,251400.0,402.0,27.9,2039.0,0,48,1
20372.0,265596.0,347.0,14.5,15750.0,1,48,1
24952.0,542567.0,540.0,14.7,28777.0,2,36,1
10066.0,776403.0,662.0,3.6,47530.0,1,24,0
19645.0,502728.0,541.0,24.1,42957.0,4,36,1
11244.0,107735.0,452.0,7.4,11418.0,1,24,1
13037.0,106688.0,607.0,27.0,11005.0,1,12,1
16433.0,763567.0,491.0,27.3,10059.0,1,60,1
22095.0,272968.0,813.0,28.3,46125.0,0,60,1
24634.0,119050.0,807.0,15.6,42633.0,3,24,1
19670.0,499283.0,576.0,20.3,38744.0,1,36,1
11609.0,517737.0,480.0,23.4,19637.0,1,48,1
11691.0,536379.0,705.0,3.9,25219.0,4,24,0
18964.0,250552.0,320.0,18.0,23217.0,4,24,1
7492.0,61333.0,561.0,1.0,12670.0,2,48,1
4541.0,773762.0,485.0,14.9,25251.0,2,24,0
10156.0,238170.0,806.0,4.6,1525.0,4,12,1
8606.0,557020.0,307.0,5.5,6591.0,3,48,0
8815.0,579972.0,604.0,11.0,44329.0,2,12,0
7373.0,507506.0,707.0,13.0,37584.0,3,60,0
2968.0,284681.0,567.0,18.7,21143.0,4,48,0
2411.0,253322.0,347.0,2.2,25858.0,2,48,0
24718.0,498251.0,835.0,15.1,18500.0,1,36,1
11839.0,699572.0,585.0,5.5,37039.0,4,36,0
10840.0,760050.0,638.0,17.2,39209.0,2,48,0
17632.0,129429.0,430.0,19.1,38164.0,3,60,1
7020.0,166121.0,566.0,16.7,36131.0,3,24,0
23849.0,758552.0,536.0,22.1,10225.0,2,36,1
20086.0,602401.0,341.0,10.1,16898.0,3,60,1
4056.0,712245.0,358.0,23.0,23492.0,2,60,0
11604.0,201974.0,761.0,13.0,16540.0,2,36,1
22220.0,490689.0,432.0,14.5,37747.0,3,24,1
23729.0,575855.0,407.0,19.4,16468.0,0,36,1
12750.0,560084.0,578.0,0.6,6912.0,1,60,1
16108.0,356114.0,723.0,19.6,19952.0,4,12,1
5842.0,61546.0,334.0,18.6,48996.0,1,36,0
24797.0,487195.0,617.0,9.3,11294.0,4,60,1
7328.0,239826.0,366.0,2.6,30608.0,4,36,0
23683.0,387691.0,320.0,2.7,21649.0,1,60,1
16942.0,768186.0,329.0,27.7,3551.0,2,24,1
15978.0,349276.0,759.0,20.7,24394.0,3,60,1
13792.0,679851.0,365.0,3.8,35108.0,0,48,0
7305.0,191405.0,325.0,10.7,25661.0,0,12,0
6060.0,554345.0,541.0,17.8,43605.0,0,60,0
7071.0,782755.0,764.0,25.1,14447.0,1,36,0
6288.0,126420.0,444.0,1.3,4312.0,1,36,1
19930.0,56240.0,532.0,7.1,46828.0,2,60,1
10053.0,375187.0,322.0,26.7,18910.0,0,48,0
3330.0,119469.0,547.0,0.3,28820.0,2,60,0
24289.0,611288.0,618.0,6.0,39600.0,0,24,1
22327.0,735911.0,614.0,28.8,16216.0,1,48,1
23338.0,375516.0,483.0,18.4,35808.0,3,60,1
24883.0,244034.0,474.0,7.9,6771.0,3,12,1
6000.0,375802.0,359.0,2.0,14565.0,3,48,0
11114.0,592586.0,502.0,0.8,7236.0,3,60,0
19439.0,56791.0,355.0,7.3,40562.0,4,12,1
18008.0,492090.0,722.0,26.4,11132.0,0,60,1
5540.0,509969.0,831.0,12.5,35870.0,3,24,0
20764.0,528266.0,834.0,21.6,47165.0,4,36,1
7162.0,231517.0,776.0,27.5,26389.0,4,60,0
7148.0,585540.0,630.0,12.2,27001.0,4,48,0
14350.0,118544.0,685.0,5.7,23052.0,2,60,1
15638.0,199453.0,457.0,15.5,16295.0,2,60,1
15342.0,708103.0,647.0,27.2,23783.0,4,60,1
4104.0,604042.0,551.0,24.1,30140.0,3,60,0
22182.0,60309.0,565.0,2.0,49300.0,0,48,1
8109.0,236282.0,717.0,20.8,46888.0,1,48,0
4979.0,210805.0,455.0,17.2,43108.0,2,60,0
22441.0,253105.0,475.0,27.2,44457.0,3,36,1
23980.0,235670.0,809.0,3.7,23392.0,3,60,1
21829.0,96895.0,331.0,16.0,32872.0,1,48,1
20619.0,394205.0,567.0,26.4,44753.0,1,24,1
17071.0,599550.0,802.0,12.3,19648.0,3,60,1
14670.0,505049.0,636.0,14.5,48088.0,1,60,1
4001.0,554654.0,601.0,2.1,20789.0,3,60,0
11394.0,110862.0,437.0,8.3,30054.0,1,60,1
10572.0,763618.0,489.0,9.7,35490.0,1,12,0
7974.0,678869.0,769.0,28.4,47530.0,3,60,0
18639.0,653818.0,608.0,8.5,12231.0,4,48,1
13405.0,667238.0,583.0,13.8,37307.0,3,48,0
3864.0,749533.0,355.0,20.1,26041.0,0,12,0
7064.0,458190.0,309.0,4.9,13428.0,1,60,0
17715.0,200212.0,830.0,14.6,38830.0,2,36,1
3751.0,512588.0,507.0,22.2,27611.0,1,60,0
21578.0,607161.0,632.0,26.0,33049.0,0,48,1
13388.0,603438.0,344.0,18.8,16145.0,2,24,1
13053.0,441087.0,676.0,20.1,24064.0,2,24,1
15625.0,101344.0,813.0,3.8,30868.0,3,36,1
20968.0,328335.0,617.0,28.4,20246.0,4,60,1
10000.0,740575.0,369.0,4.0,9919.0,3,12,0
17594.0,488337.0,620.0,23.2,48082.0,2,60,1
15012.0,453749.0,721.0,7.9,25573.0,2,36,1
8142.0,251640.0,524.0,28.0,36696.0,4,36,0
22208.0,326337.0,784.0,21.6,20552.0,1,36,1
20341.0,721510.0,657.0,22.6,17757.0,4,24,1
17144.0,549847.0,795.0,6.6,20358.0,3,60,1
21563.0,640540.0,643.0,13.3,20460.0,1,60,1
21948.0,390759.0,372.0,18.5,27209.0,3,12,1
18292.0,522685.0,470.0,23.1,27173.0,4,36,1
21251.0,236288.0,411.0,3.1,24858.0,1,36,1
18042.0,579096.0,800.0,28.9,6739.0,4,48,1
17643.0,370701.0,718.0,26.7,24804.0,0,48,1
16228.0,381909.0,672.0,8.1,8455.0,2,24,1
19312.0,536992.0,466.0,24.7,6307.0,1,60,1
5648.0,752210.0,401.0,15.5,46632.0,2,12,0
22260.0,98005.0,716.0,13.9,30248.0,0,12,1
22052.0,668557.0,561.0,9.4,32975.0,1,36,1
2673.0,269287.0,424.0,17.4,20090.0,2,12,0
20994.0,382940.0,639.0,21.9,45449.0,2,36,1
4964.0,66435.0,322.0,12.3,31897.0,1,60,0
9708.0,275785.0,479.0,18.9,38458.0,2,12,0
19101.0,426973.0,558.0,21.0,18428.0,2,36,1
5697.0,92132.0,381.0,21.3,48001.0,1,60,0
20813.0,418322.0,842.0,1.6,41023.0,2,60,1
21139.0,745333.0,415.0,25.8,42697.0,2,36,1
13672.0,129045.0,372.0,13.7,8610.0,3,36,1
2147.0,623331.0,412.0,7.9,13548.0,3,24,0
8602.0,357253.0,723.0,7.3,14281.0,0,60,1
16189.0,541380.0,534.0,14.5,13545.0,3,36,1
24567.0,245177.0,611.0,26.6,42770.0,3,60,1
16532.0,169619.0,312.0,11.4,1594.0,0,12,1
7975.0,170347.0,319.0,22.5,3805.0,2,48,1
16582.0,102869.0,545.0,2.9,13696.0,2,48,1
14420.0,189235.0,749.0,14.3,9994.0,3,36,1
19936.0,548165.0,787.0,29.8,11593.0,0,36,1
4461.0,711268.0,348.0,23.1,39897.0,2,60,0
19504.0,660594.0,596.0,6.3,28156.0,4,36,1
14449.0,563851.0,802.0,15.0,289.0,1,60,1
24149.0,132824.0,513.0,7.0,21466.0,1,36,1
9863.0,266891.0,756.0,12.3,20394.0,1,60,1
16550.0,282355.0,374.0,23.4,5697.0,3,36,1
23437.0,237468.0,814.0,23.1,33807.0,1,24,1
4358.0,436254.0,713.0,6.8,35105.0,1,60,0
23556.0,451665.0,818.0,27.7,36045.0,4,24,1
17821.0,317664.0,672.0,17.8,36424.0,2,24,1
3560.0,315342.0,500.0,11.4,3.0,4,24,0
8922.0,671417.0,816.0,15.1,47696.0,3,24,0
18288.0,641970.0,452.0,18.2,40710.0,1,12,1
3549.0,280847.0,483.0,16.8,45199.0,2,48,0
15390.0,735341.0,685.0,14.6,782.0,1,12,1
9955.0,764611.0,721.0,15.1,46693.0,1,36,0
16281.0,295057.0,811.0,5.3,40489.0,3,36,1
3052.0,315819.0,413.0,24.4,41861.0,1,48,0
22045.0,429226.0,739.0,16.3,4664.0,0,48,1
24390.0,755841.0,706.0,3.9,36939.0,2,48,1
24284.0,707240.0,335.0,23.0,47996.0,2,24,1
19242.0,126926.0,513.0,28.0,33927.0,0,12,1
4992.0,344548.0,456.0,28.4,28528.0,3,36,0
19440.0,465028.0,467.0,11.1,47281.0,1,12,1
2565.0,427349.0,841.0,4.1,22147.0,1,12,0
2509.0,195397.0,654.0,15.6,29965.0,2,12,0
9443.0,694113.0,695.0,3.4,23817.0,3,48,0
13239.0,557706.0,837.0,28.0,46642.0,3,48,1
19719.0,678431.0,507.0,5.5,3804.0,3,36,1
17716.0,694073.0,741.0,7.6,25056.0,1,36,1
12256.0,611267.0,539.0,12.2,34348.0,3,36,0
8293.0,379408.0,778.0,11.5,39595.0,0,12,0
24934.0,507910.0,399.0,23.8,29151.0,4,48,1
11802.0,170274.0,821.0,13.7,45446.0,3,24,1
12382.0,555234.0,420.0,5.1,47100.0,4,12,0
5763.0,184440.0,479.0,8.0,3216.0,1,60,1
20281.0,570462.0,716.0,15.3,20119.0,3,12,1
17955.0,222199.0,517.0,4.4,1173.0,2,48,1
7078.0,138163.0,635.0,18.3,16471.0,1,60,1
3895.0,173963.0,545.0,17.0,26843.0,0,12,0
17651.0,51494.0,708.0,21.4,45540.0,0,48,1
17054.0,589055.0,426.0,28.1,42328.0,4,48,1
8285.0,599301.0,332.0,27.4,6375.0,4,24,0
23870.0,436200.0,465.0,28.4,4652.0,2,12,1
5474.0,171022.0,561.0,7.3,29463.0,2,48,0
11944.0,112666.0,392.0,3.9,26606.0,0,36,1
23703.0,64347.0,495.0,9.1,13319.0,3,48,1
11654.0,174311.0,520.0,26.9,44973.0,0,24,1
16686.0,718142.0,332.0,29.2,46368.0,0,48,0
11145.0,231153.0,621.0,25.8,20131.0,2,12,1
8307.0,315703.0,786.0,3.3,44515.0,4,12,0
24631.0,129009.0,383.0,28.4,19197.0,2,60,1
11415.0,216771.0,629.0,12.7,36841.0,2,12,1
22564.0,439418.0,666.0,0.3,23797.0,2,60,1
7289.0,505815.0,531.0,13.3,6129.0,0,36,0
6901.0,234014.0,686.0,1.4,46397.0,3,24,0
2716.0,93299.0,526.0,16.3,22705.0,0,36,0
16988.0,343275.0,578.0,10.2,36724.0,1,60,1
10476.0,225653.0,304.0,14.2,18359.0,2,48,1
21880.0,214665.0,680.0,18.4,944.0,2,48,1
12884.0,769897.0,664.0,26.1,5027.0,1,36,1
24268.0,512225.0,321.0,19.9,24811.0,2,48,1
6267.0,467659.0,503.0,13.0,34498.0,2,60,0
21978.0,361831.0,838.0,24.6,16737.0,2,24,1
19862.0,371708.0,531.0,27.2,34774.0,1,12,1
19731.0,455679.0,576.0,3.6,34932.0,0,60,1
21430.0,572322.0,800.0,16.0,35197.0,2,60,1
19504.0,576610.0,694.0,8.5,24626.0,3,12,1
16403.0,178770.0,620.0,1.4,45744.0,1,12,1
5019.0,425085.0,739.0,20.1,24460.0,4,24,0
2748.0,358969.0,775.0,25.9,22513.0,1,24,0
23180.0,702895.0,551.0,4.9,9969.0,0,24,1
16183.0,523564.0,561.0,24.4,15383.0,1,48,1
20320.0,449378.0,512.0,25.6,2117.0,4,60,1
13075.0,136546.0,832.0,27.4,31677.0,3,12,1
4698.0,504228.0,683.0,8.0,12427.0,4,60,0
4879.0,137903.0,346.0,27.1,15208.0,1,60,0
17768.0,302905.0,775.0,9.6,38541.0,4,24,1
11897.0,157131.0,564.0,16.6,16361.0,1,24,1
6612.0,569055.0,338.0,1.5,12110.0,3,60,0
13307.0,204689.0,602.0,1.3,8453.0,3,24,1
3477.0,343895.0,529.0,21.6,38743.0,0,48,0
15385.0,721756.0,783.0,13.3,6485.0,3,12,1
8187.0,203237.0,412.0,7.7,22688.0,2,60,0
20344.0,430854.0,755.0,5.7,25347.0,4,12,1
9138.0,364454.0,607.0,20.1,34369.0,4,48,0
12470.0,63593.0,330.0,0.0,31664.0,1,24,1
2267.0,644569.0,835.0,24.2,40536.0,3,36,0
3666.0,101784.0,582.0,2.4,2238.0,0,48,1
11027.0,405691.0,460.0,5.7,14822.0,0,36,0
13039.0,470509.0,558.0,11.6,14007.0,0,12,1
15800.0,521320.0,772.0,14.5,7301.0,2,60,1
8708.0,566474.0,468.0,10.6,14459.0,3,24,0
17985.0,239954.0,406.0,9.6,15488.0,0,48,1
21783.0,57484.0,371.0,28.9,26094.0,2,24,1
19937.0,592583.0,464.0,19.2,33185.0,4,36,1
2911.0,451742.0,729.0,0.7,19055.0,1,36,0
13052.0,677088.0,559.0,12.9,35974.0,3,60,0
4413.0,666041.0,425.0,26.3,16808.0,3,36,0
7567.0,682495.0,391.0,9.0,14514.0,4,60,0
24693.0,413821.0,483.0,2.8,27059.0,3,48,1
5277.0,300221.0,817.0,22.8,1186.0,3,60,0
13474.0,643669.0,489.0,18.2,3989.0,3,36,1
16218.0,388471.0,843.0,17.1,20898.0,3,12,1
18157.0,187582.0,567.0,1.6,47146.0,2,60,1
14872.0,691231.0,399.0,4.2,36076.0,2,24,0
2225.0,711920.0,790.0,18.7,4406.0,1,12,0
9509.0,399732.0,553.0,6.2,42316.0,3,60,0
13907.0,106775.0,690.0,15.1,36615.0,4,24,1
4021.0,340870.0,841.0,16.3,30547.0,0,12,0
10064.0,652653.0,328.0,8.5,41015.0,1,60,0
2764.0,726331.0,353.0,28.5,20205.0,0,48,0
3807.0,202605.0,696.0,25.3,11075.0,0,24,0
11129.0,100230.0,455.0,21.7,25601.0,3,48,1
5052.0,708013.0,401.0,2.3,27442.0,4,36,0
15053.0,342054.0,322.0,3.2,26916.0,0,60,1
17858.0,456321.0,312.0,14.8,28254.0,0,60,1
20413.0,776049.0,726.0,4.8,47435.0,1,24,1
6603.0,99924.0,374.0,29.3,45112.0,4,60,0
5852.0,536239.0,557.0,4.8,43786.0,4,36,0
4405.0,105579.0,633.0,14.6,40071.0,0,60,0
16638.0,331602.0,536.0,10.9,47171.0,4,12,1
18249.0,652861.0,315.0,19.2,4925.0,1,48,1
2726.0,375104.0,731.0,3.9,13256.0,1,36,0
23533.0,797887.0,306.0,12.9,24753.0,1,36,1
3195.0,469294.0,719.0,8.2,42327.0,3,48,0
14450.0,290872.0,791.0,26.6,25258.0,0,48,1
18308.0,215083.0,538.0,1.2,37402.0,4,36,1
22032.0,312890.0,595.0,27.4,6948.0,1,48,1
18424.0,329400.0,562.0,25.0,12621.0,0,24,1
20440.0,101535.0,514.0,8.9,36589.0,0,48,1
9807.0,327181.0,788.0,23.7,8237.0,3,12,1
20741.0,398179.0,792.0,0.9,17568.0,4,12,1
3843.0,592053.0,485.0,29.0,13243.0,4,24,0
22581.0,542547.0,638.0,15.8,17493.0,1,48,1
14595.0,581574.0,810.0,9.1,35416.0,1,12,1
20798.0,56273.0,829.0,10.9,18392.0,0,60,1
12403.0,213251.0,580.0,2.0,27763.0,4,48,1
16802.0,546263.0,549.0,29.7,4997.0,4,24,1
14107.0,412992.0,453.0,1.2,40251.0,1,48,0
18827.0,53985.0,827.0,19.6,18494.0,2,36,1
3877.0,653371.0,379.0,13.3,32427.0,0,36,0
3388.0,629607.0,619.0,28.5,36269.0,4,12,0
7683.0,461314.0,455.0,7.4,10483.0,3,36,0
5670.0,99847.0,453.0,16.0,44234.0,3,24,0
22051.0,624886.0,523.0,14.5,30811.0,2,12,1
7042.0,487785.0,849.0,21.1,21436.0,1,24,0
24445.0,636470.0,330.0,2.0,9117.0,1,24,1
9749.0,613810.0,618.0,5.8,47115.0,1,36,0
6189.0,652252.0,345.0,6.4,37753.0,3,36,0
20163.0,438506.0,385.0,22.1,10401.0,1,24,1
17150.0,155243.0,542.0,5.7,16886.0,3,36,1
13459.0,553368.0,581.0,17.2,40484.0,2,36,0
14773.0,515355.0,442.0,6.5,34784.0,0,36,1
18542.0,606690.0,474.0,25.8,38289.0,4,48,1
7254.0,177411.0,348.0,28.3,22060.0,2,24,0
24916.0,196231.0,467.0,15.6,35824.0,3,60,1
24420.0,717807.0,832.0,10.6,19325.0,2,24,1
16957.0,612483.0,820.0,7.0,10563.0,4,12,1
6589.0,731171.0,484.0,1.5,31634.0,0,36,0
17645.0,619036.0,614.0,8.1,48801.0,4,36,1
3661.0,497866.0,800.0,19.6,15530.0,3,60,0
2705.0,540600.0,303.0,16.0,23048.0,4,12,0
7927.0,716846.0,746.0,28.3,33700.0,2,48,0
12640.0,484105.0,822.0,11.9,27075.0,1,24,1
21970.0,524293.0,350.0,20.8,42171.0,2,48,1
18725.0,167358.0,389.0,14.7,38087.0,3,12,1
19082.0,405441.0,828.0,15.4,2915.0,0,60,1
11786.0,587298.0,596.0,8.0,49921.0,4,12,0
9957.0,253207.0,308.0,13.6,37620.0,0,60,0
10534.0,201691.0,442.0,14.1,43195.0,3,48,0
24716.0,285370.0,547.0,21.2,32560.0,4,48,1
2923.0,231125.0,681.0,28.2,42814.0,2,12,0
21942.0,211184.0,703.0,9.9,5619.0,2,12,1
15310.0,368638.0,847.0,1.3,17387.0,3,36,1
12088.0,730879.0,458.0,14.9,43821.0,4,60,0
18681.0,430295.0,596.0,16.3,10083.0,2,36,1
13193.0,190940.0,593.0,5.1,3912.0,3,24,1
22089.0,107729.0,523.0,22.8,39406.0,3,24,1
22716.0,572117.0,393.0,29.5,41774.0,0,12,1
11700.0,337099.0,838.0,28.4,8133.0,2,48,1
8367.0,666373.0,769.0,5.9,42717.0,4,24,0
15624.0,544633.0,574.0,26.3,34338.0,2,24,1
22984.0,647181.0,632.0,21.1,26004.0,2,36,1
6845.0,253960.0,425.0,13.6,41513.0,2,36,0
16328.0,569269.0,599.0,16.2,20962.0,3,24,1
16526.0,248046.0,682.0,25.5,9700.0,1,12,1
18862.0,754301.0,583.0,14.4,14243.0,1,36,1
5026.0,527281.0,845.0,11.2,25258.0,0,24,0
18464.0,293384.0,636.0,14.8,26567.0,2,48,1
22908.0,252134.0,504.0,17.4,40279.0,1,36,1
6133.0,193195.0,725.0,5.7,39568.0,0,24,0
7463.0,570981.0,394.0,27.0,29068.0,3,60,0
24342.0,214037.0,511.0,20.2,39039.0,2,36,1
6162.0,496477.0,491.0,19.0,9589.0,4,60,0
21651.0,248476.0,537.0,3.0,2503.0,3,36,1
13322.0,546477.0,730.0,18.1,43682.0,0,36,1
7686.0,661205.0,566.0,3.6,3778.0,3,60,0
22027.0,633519.0,737.0,2.4,12334.0,4,12,1
12242.0,620638.0,617.0,15.8,34766.0,3,24,0
13841.0,190792.0,488.0,12.1,20472.0,0,12,1
10262.0,116289.0,745.0,17.7,43816.0,4,12,1
15638.0,574212.0,431.0,2.7,14899.0,4,24,1
5761.0,326260.0,423.0,12.9,594.0,3,48,0
10995.0,374260.0,577.0,5.2,15033.0,4,12,1
24296.0,73362.0,443.0,29.6,28904.0,3,12,1
7937.0,244682.0,305.0,16.8,18797.0,2,12,0
17105.0,75257.0,657.0,20.6,26744.0,4,48,1
9479.0,709389.0,581.0,9.8,43830.0,3,36,0
19790.0,232548.0,545.0,2.8,45624.0,2,60,1
5010.0,468003.0,832.0,29.3,13299.0,4,60,0
24306.0,79234.0,614.0,8.6,23107.0,2,48,1
12437.0,550136.0,775.0,12.7,27457.0,4,12,1
7429.0,292271.0,377.0,19.5,47456.0,0,60,0
3690.0,723439.0,613.0,0.7,49931.0,0,48,0
5904.0,716089.0,777.0,24.3,11770.0,3,24,0
13955.0,293968.0,621.0,16.1,36349.0,1,60,1
9751.0,725721.0,695.0,8.3,18902.0,0,24,0
21064.0,797118.0,505.0,1.8,405.0,1,12,1
11910.0,669062.0,351.0,4.9,463.0,2,60,0
7720.0,683654.0,552.0,26.9,23028.0,2,48,0
16194.0,236757.0,517.0,20.6,24417.0,1,36,1
18256.0,482527.0,777.0,7.5,1128.0,3,60,1
5842.0,100442.0,434.0,2.0,34346.0,4,60,0
5855.0,121188.0,832.0,20.7,14700.0,1,60,1
2843.0,799169.0,827.0,17.2,27995.0,1,60,0
18937.0,294979.0,436.0,12.1,15046.0,1,48,1
17268.0,611138.0,491.0,10.9,8357.0,1,48,1
12917.0,654999.0,793.0,6.5,20359.0,1,36,1
21416.0,693517.0,832.0,20.1,11614.0,3,48,1
20530.0,798221.0,544.0,29.1,26740.0,0,48,1
15463.0,231122.0,477.0,5.3,9941.0,4,12,1
21970.0,80263.0,589.0,17.9,25420.0,0,12,1
6734.0,358394.0,678.0,12.7,7869.0,1,24,0
4574.0,147561.0,450.0,13.4,33549.0,0,36,0
8204.0,66819.0,705.0,7.6,37697.0,3,12,1
3313.0,320320.0,328.0,24.8,5520.0,2,36,0
14217.0,637804.0,327.0,14.6,23390.0,0,36,0
23542.0,474636.0,512.0,16.3,3544.0,4,60,1
2905.0,284583.0,494.0,9.1,29909.0,3,36,0
4809.0,540757.0,474.0,5.5,13220.0,2,60,0
12401.0,224014.0,570.0,2.6,26381.0,3,24,1
23479.0,60786.0,476.0,21.4,25873.0,1,24,1
9272.0,623265.0,406.0,5.9,46218.0,2,24,0
13666.0,517807.0,470.0,20.7,27454.0,4,60,0
2956.0,621727.0,836.0,11.7,29150.0,2,60,0
5412.0,79204.0,526.0,12.5,20083.0,4,24,0
24692.0,677840.0,545.0,14.1,47454.0,1,60,1
24198.0,514645.0,617.0,11.0,38859.0,4,48,1
2114.0,472547.0,841.0,3.0,14270.0,3,48,0
23892.0,518461.0,433.0,9.3,42210.0,0,60,1
16700.0,698325.0,675.0,19.9,21620.0,3,60,1
21962.0,490202.0,694.0,20.0,41433.0,3,12,1
12459.0,485713.0,634.0,8.6,41144.0,2,12,0
13859.0,793009.0,349.0,13.8,9444.0,1,36,0
13243.0,617548.0,672.0,5.8,35057.0,0,36,1
17338.0,381720.0,335.0,6.3,14532.0,4,36,1
5212.0,580548.0,628.0,0.7,14875.0,2,24,0
2689.0,341923.0,707.0,26.9,14817.0,1,48,0
9082.0,221657.0,416.0,6.3,36278.0,0,24,0
18208.0,497639.0,763.0,6.8,11491.0,3,60,1
6643.0,746137.0,317.0,8.4,45.0,1,12,0
17489.0,746855.0,764.0,3.8,35762.0,1,60,1
24308.0,306429.0,553.0,19.2,8559.0,1,60,1
4160.0,445758.0,420.0,2.3,5224.0,3,12,0
17470.0,208727.0,374.0,4.0,11876.0,4,60,1
12206.0,796723.0,824.0,19.3,18995.0,2,36,0
21967.0,785838.0,340.0,10.2,23795.0,4,12,1
6074.0,537132.0,410.0,21.2,2229.0,0,60,0
17930.0,653311.0,491.0,16.7,48529.0,2,36,0
21277.0,586325.0,641.0,7.7,35803.0,0,36,1
23726.0,494869.0,600.0,19.5,16160.0,3,48,1
17715.0,90011.0,369.0,3.5,15935.0,4,36,1
13435.0,391073.0,459.0,16.1,22427.0,1,24,1
16210.0,556090.0,431.0,13.1,31312.0,2,12,1
21985.0,558149.0,417.0,8.0,7319.0,1,12,1
15124.0,329842.0,526.0,18.1,9446.0,0,12,1
2699.0,756269.0,687.0,26.1,42972.0,1,60,0
23412.0,175518.0,420.0,30.0,12813.0,1,60,1
17859.0,425270.0,502.0,18.2,19010.0,3,24,1
17560.0,568163.0,515.0,12.1,43564.0,3,36,1
6961.0,572852.0,837.0,6.8,33157.0,4,60,0
17154.0,536479.0,825.0,7.7,17086.0,0,36,1
11059.0,256466.0,740.0,14.4,34185.0,3,36,1
16978.0,167155.0,433.0,11.0,984.0,3,60,1
4452.0,526955.0,337.0,27.4,36782.0,4,60,0
17130.0,499477.0,474.0,11.0,24351.0,2,24,1
24987.0,184517.0,447.0,11.2,40659.0,4,48,1
3109.0,578854.0,578.0,11.5,47732.0,1,12,0
24475.0,391379.0,728.0,25.1,46289.0,1,60,1
11359.0,550820.0,772.0,19.5,45463.0,3,60,0
22027.0,678025.0,765.0,18.4,25608.0,3,36,1
19995.0,177296.0,498.0,10.0,18007.0,4,48,1
15041.0,64359.0,678.0,24.5,23252.0,4,60,1
18984.0,634327.0,472.0,1.2,34495.0,0,48,1
22206.0,507273.0,333.0,26.1,44200.0,1,12,1
11295.0,574730.0,686.0,15.4,10349.0,4,36,0
9522.0,678616.0,305.0,11.9,45910.0,2,24,0
17355.0,652108.0,525.0,14.9,40759.0,0,12,1
20580.0,770690.0,481.0,20.0,48943.0,4,48,1
19533.0,451951.0,681.0,0.4,44013.0,3,48,1
20350.0,416372.0,721.0,26.1,13997.0,4,12,1
12018.0,351415.0,467.0,13.4,5298.0,3,48,1
20810.0,165268.0,746.0,10.3,5612.0,3,24,1
4765.0,479455.0,462.0,4.1,14561.0,1,24,0
14523.0,257759.0,545.0,13.2,30709.0,1,48,1
2132.0,740981.0,700.0,14.9,40216.0,4,48,0
9465.0,487393.0,681.0,12.1,44963.0,4,24,0
10429.0,494630.0,843.0,20.4,31188.0,2,48,0
11112.0,316193.0,424.0,12.6,282.0,0,60,1
17996.0,88992.0,664.0,28.8,9316.0,0,36,1
10937.0,73808.0,635.0,18.0,4986.0,4,60,1
12320.0,367501.0,803.0,24.2,18166.0,1,48,1
7464.0,113424.0,386.0,3.3,25068.0,2,48,0
10585.0,505135.0,713.0,11.9,2170.0,0,36,1
7227.0,710730.0,613.0,10.1,17424.0,4,48,0
3684.0,712186.0,451.0,17.1,8959.0,1,36,0
15879.0,544284.0,561.0,25.8,32354.0,1,24,1
17369.0,208424.0,484.0,2.4,23214.0,1,36,1
16248.0,697248.0,619.0,2.2,24766.0,3,36,1
12660.0,714570.0,789.0,25.5,21385.0,1,60,1
10735.0,197490.0,613.0,6.4,47801.0,4,48,0
21857.0,603070.0,647.0,20.1,10737.0,2,24,1
13939.0,264890.0,585.0,16.3,25833.0,4,12,1
13021.0,651980.0,328.0,25.0,36801.0,1,36,0
2590.0,797928.0,428.0,3.8,27842.0,2,12,0
9849.0,72520.0,571.0,3.9,46451.0,0,48,1
10744.0,723024.0,471.0,16.7,18898.0,0,36,0
11173.0,516973.0,400.0,28.4,23184.0,4,12,0
15344.0,780037.0,577.0,12.4,4426.0,2,60,1
14273.0,398757.0,478.0,9.8,30450.0,4,12,1
15982.0,685541.0,442.0,18.2,14411.0,2,60,1
19592.0,96796.0,555.0,27.9,8015.0,2,24,1
20699.0,301459.0,373.0,25.1,27227.0,4,48,1
18517.0,100262.0,810.0,29.9,26616.0,2,12,1
23977.0,781507.0,777.0,0.7,3794.0,1,36,1
2419.0,662730.0,689.0,3.4,34911.0,2,48,0
6503.0,689411.0,358.0,18.3,31189.0,2,12,0
2174.0,753474.0,727.0,24.6,9451.0,4,36,0
16892.0,113828.0,744.0,8.6,23472.0,0,36,1
22655.0,339198.0,722.0,7.2,36016.0,3,36,1
7600.0,103276.0,363.0,23.6,26472.0,2,36,0
23322.0,208095.0,654.0,1.7,19774.0,3,12,1
3386.0,222024.0,759.0,11.1,16117.0,2,24,0
23492.0,401830.0,618.0,15.2,30520.0,4,60,1
10087.0,251422.0,656.0,16.8,46955.0,4,60,0
4333.0,125734.0,552.0,21.9,33587.0,2,60,0
13175.0,175618.0,591.0,10.6,3737.0,4,24,1
7906.0,160457.0,319.0,18.4,23034.0,4,36,0
8552.0,779808.0,651.0,17.6,44541.0,2,36,0
9068.0,619469.0,345.0,16.4,4723.0,0,48,0
20470.0,775821.0,539.0,19.2,49444.0,2,60,1
14401.0,379805.0,461.0,7.8,47453.0,0,60,0
9160.0,258776.0,600.0,2.5,3914.0,4,36,1
16038.0,648720.0,373.0,3.6,46671.0,0,60,0
18471.0,294690.0,680.0,6.7,18157.0,4,36,1
8270.0,274538.0,737.0,15.0,42235.0,0,36,0
11512.0,224379.0,390.0,25.2,20919.0,0,36,1
4803.0,147259.0,357.0,21.0,22043.0,2,12,0
6166.0,242347.0,380.0,23.7,31712.0,0,12,0
17666.0,316490.0,782.0,10.5,38724.0,4,12,1
6173.0,555496.0,591.0,12.1,1689.0,2,12,0
14079.0,96924.0,557.0,11.8,29658.0,0,24,1
18308.0,207880.0,359.0,5.8,9337.0,2,48,1
4458.0,656768.0,657.0,1.8,17297.0,3,48,0
15048.0,160191.0,777.0,17.7,17398.0,2,36,1
7901.0,306984.0,756.0,29.7,23453.0,3,60,1
24147.0,698494.0,644.0,5.0,16707.0,3,12,1
13122.0,166194.0,341.0,1.4,5368.0,2,48,1
20538.0,112053.0,362.0,23.4,7281.0,4,48,1
14655.0,413403.0,327.0,7.6,1672.0,4,12,1
2998.0,276815.0,442.0,24.9,23512.0,4,24,0
16562.0,472556.0,375.0,21.1,47722.0,1,24,0
23882.0,652854.0,443.0,28.4,5784.0,3,48,1
15837.0,152861.0,512.0,12.3,47313.0,2,24,1
20841.0,485524.0,819.0,19.9,36668.0,4,12,1
22337.0,429132.0,636.0,13.9,31875.0,4,48,1
7246.0,158059.0,759.0,18.9,32264.0,2,12,0
6877.0,517999.0,691.0,13.5,41336.0,3,24,0
16053.0,255230.0,362.0,5.7,5346.0,2,12,1
11454.0,415876.0,705.0,15.2,25238.0,1,24,1
21317.0,111704.0,451.0,15.9,34855.0,1,24,1
22701.0,394688.0,652.0,24.3,29341.0,2,12,1
10129.0,279848.0,488.0,22.1,41639.0,3,24,0
7448.0,666786.0,849.0,19.9,3614.0,4,36,0
19952.0,92734.0,445.0,3.4,34535.0,1,12,1
8321.0,363955.0,454.0,21.6,26701.0,1,36,0
20920.0,393824.0,812.0,15.0,18958.0,3,12,1
11746.0,593755.0,314.0,26.8,17014.0,1,24,0
17354.0,480716.0,683.0,27.6,31042.0,1,24,1
4197.0,550409.0,699.0,1.7,44550.0,3,48,0
16349.0,632787.0,760.0,24.6,24809.0,2,48,1
12391.0,696652.0,836.0,1.1,41236.0,4,36,0
15492.0,285407.0,837.0,11.0,20108.0,4,24,1
5864.0,453517.0,336.0,16.3,5120.0,1,48,0
18948.0,680081.0,752.0,4.4,3075.0,4,24,1
21844.0,792088.0,655.0,22.4,2567.0,2,12,1
6985.0,717139.0,656.0,0.3,19008.0,1,48,0
4201.0,328600.0,371.0,5.1,16862.0,4,36,0
2544.0,196375.0,658.0,17.4,35897.0,0,48,0
16765.0,417044.0,840.0,21.4,37141.0,0,24,1
15963.0,606231.0,802.0,27.5,2543.0,0,60,1
14574.0,419427.0,542.0,21.2,11056.0,0,60,1
7335.0,412386.0,322.0,20.2,13713.0,0,24,0
10991.0,678673.0,499.0,11.8,27381.0,1,12,0
15673.0,321053.0,755.0,0.0,7226.0,3,48,1
13426.0,694846.0,686.0,3.6,6697.0,3,60,1
24719.0,355104.0,553.0,16.0,47189.0,1,12,1
5138.0,296175.0,330.0,20.3,40210.0,1,24,0
17988.0,390492.0,535.0,12.5,9033.0,2,12,1
11299.0,621835.0,558.0,21.9,20328.0,3,24,0
11849.0,144502.0,811.0,15.7,17781.0,0,48,1
18505.0,197314.0,653.0,2.2,39550.0,1,12,1
17926.0,763584.0,471.0,5.8,25511.0,0,48,1
24799.0,181619.0,589.0,25.2,6392.0,3,12,1
4953.0,475795.0,336.0,21.7,36950.0,4,24,0
4395.0,484486.0,835.0,26.8,19844.0,4,24,0
18660.0,417218.0,498.0,3.5,13146.0,1,12,1
15303.0,533559.0,563.0,29.7,18775.0,2,24,1
8306.0,222370.0,495.0,6.3,24888.0,0,36,0
3827.0,464497.0,675.0,0.4,17156.0,1,36,0
3970.0,329130.0,664.0,29.9,12095.0,2,48,0
22566.0,546250.0,693.0,8.4,19925.0,0,36,1
6413.0,155918.0,447.0,20.0,959.0,3,36,1
9438.0,478158.0,474.0,5.3,38625.0,4,60,0
7213.0,188953.0,369.0,17.4,8547.0,2,60,1
10165.0,258982.0,661.0,27.1,2195.0,0,60,1
3597.0,214032.0,322.0,9.6,32685.0,1,60,0
13938.0,187128.0,629.0,20.1,38697.0,0,24,1
3555.0,669283.0,778.0,5.6,40691.0,1,48,0
20408.0,264281.0,790.0,18.7,24675.0,4,48,1
7375.0,745343.0,547.0,10.1,10268.0,4,36,0
14420.0,777445.0,553.0,6.3,36861.0,0,48,0
22242.0,478445.0,342.0,9.4,34986.0,0,36,1
16970.0,157251.0,669.0,5.4,12314.0,1,48,1
14258.0,330911.0,752.0,27.1,45170.0,1,12,1
9460.0,648299.0,435.0,11.9,5219.0,2,12,0
9659.0,325543.0,532.0,7.4,49134.0,2,48,0
17398.0,115263.0,761.0,13.5,43012.0,2,24,1
24865.0,467589.0,782.0,9.6,34395.0,0,36,1
17222.0,683841.0,434.0,22.3,46937.0,2,48,0
14829.0,646945.0,603.0,29.1,36116.0,0,36,1
18805.0,181342.0,406.0,13.1,9523.0,4,60,1
12700.0,554573.0,356.0,25.8,22108.0,3,48,0
3383.0,215378.0,801.0,17.0,3575.0,4,24,0
14933.0,213656.0,751.0,4.7,19483.0,0,60,1
24025.0,705554.0,718.0,20.7,37080.0,0,48,1
6032.0,237252.0,327.0,15.4,19322.0,3,12,0
17870.0,247436.0,764.0,19.5,16515.0,1,48,1
6621.0,50490.0,541.0,26.7,29768.0,1,12,1
14324.0,703002.0,488.0,13.2,43610.0,1,12,0
4224.0,644446.0,601.0,27.0,2379.0,2,48,0
12359.0,520497.0,350.0,22.5,19274.0,1,48,0
19392.0,612699.0,716.0,14.7,7912.0,2,12,1
9994.0,164036.0,620.0,18.1,34768.0,2,36,1
17293.0,393743.0,403.0,9.8,5286.0,1,60,1
20295.0,313415.0,404.0,29.5,33240.0,1,24,1
23325.0,120332.0,401.0,20.0,14309.0,3,48,1
7397.0,414598.0,331.0,1.3,9946.0,3,60,0
11184.0,740555.0,623.0,9.8,46818.0,2,60,0
5506.0,80044.0,762.0,18.7,926.0,3,36,1
24827.0,268596.0,310.0,1.7,21889.0,2,60,1
23321.0,205656.0,327.0,0.7,1081.0,0,48,1
14419.0,228610.0,615.0,13.5,24180.0,2,60,1
21367.0,731326.0,751.0,10.0,25052.0,2,48,1
13982.0,401052.0,480.0,13.1,16083.0,3,48,1
16342.0,399725.0,492.0,7.9,6608.0,0,12,1
4050.0,620432.0,628.0,4.9,18819.0,4,36,0
19371.0,165869.0,451.0,20.7,33613.0,4,24,1
4937.0,415449.0,315.0,15.4,39120.0,4,12,0
21000.0,372489.0,704.0,6.0,26538.0,0,24,1
19987.0,497683.0,644.0,9.6,29492.0,1,48,1
18301.0,799668.0,619.0,17.8,10031.0,0,12,1
2832.0,627087.0,708.0,2.2,14367.0,3,60,0
8972.0,348399.0,671.0,4.4,8095.0,2,60,1
8052.0,670665.0,413.0,2.2,12465.0,2,24,0
10283.0,178031.0,494.0,24.4,11244.0,3,48,1
4016.0,72848.0,369.0,22.6,25972.0,3,24,0
23550.0,203336.0,371.0,22.6,28134.0,2,36,1
14737.0,305309.0,672.0,21.5,47247.0,1,60,1
9027.0,432936.0,772.0,20.1,9779.0,1,12,1
11131.0,511347.0,830.0,14.3,32084.0,1,12,0
12286.0,732954.0,646.0,19.3,40863.0,3,12,0
15814.0,432391.0,401.0,1.2,28012.0,2,60,1
13861.0,425957.0,358.0,18.6,12750.0,2,48,1
23146.0,87682.0,747.0,23.3,13128.0,2,60,1
13430.0,76184.0,618.0,15.0,1963.0,0,60,1
24820.0,463370.0,640.0,10.7,15272.0,0,12,1
21583.0,378634.0,730.0,8.3,37230.0,4,60,1
6796.0,679385.0,687.0,19.3,2376.0,0,12,0
23404.0,170510.0,759.0,20.8,10965.0,1,48,1
4676.0,68729.0,331.0,26.1,35312.0,1,36,0
20801.0,386779.0,711.0,10.3,39133.0,1,12,1
10754.0,228109.0,768.0,23.1,22766.0,1,24,1
22193.0,87211.0,457.0,16.8,34904.0,4,36,1
21965.0,593449.0,652.0,26.5,19398.0,1,48,1
20536.0,133695.0,473.0,15.8,7996.0,3,36,1
20171.0,506240.0,827.0,15.5,19907.0,3,12,1
9008.0,260787.0,318.0,17.3,28998.0,3,48,0
3861.0,180122.0,619.0,22.5,47403.0,0,24,0
11269.0,334814.0,392.0,28.9,3438.0,2,12,1
5991.0,651084.0,692.0,2.2,25370.0,4,12,0
17984.0,344070.0,397.0,1.6,16446.0,3,48,1
9960.0,613077.0,429.0,28.1,25416.0,3,48,0
24439.0,144115.0,572.0,15.9,1199.0,1,36,1
16742.0,629579.0,803.0,18.4,15651.0,3,24,1
20917.0,227700.0,416.0,14.5,40993.0,1,36,1
5048.0,558045.0,379.0,2.8,27697.0,1,36,0
21826.0,474336.0,717.0,23.0,22529.0,2,12,1
23223.0,746859.0,575.0,22.4,14276.0,0,48,1
13202.0,340492.0,801.0,9.4,14902.0,1,12,1
15944.0,99624.0,381.0,9.2,19155.0,1,24,1
19591.0,64367.0,655.0,25.1,41779.0,2,36,1
6021.0,670144.0,428.0,2.2,48361.0,1,24,0
13559.0,443552.0,386.0,26.4,21933.0,4,48,1
11169.0,631433.0,676.0,7.7,19668.0,0,48,0
5367.0,225819.0,627.0,17.8,42328.0,4,60,0
10453.0,308813.0,715.0,28.1,21345.0,3,24,1
3568.0,72578.0,470.0,20.3,27601.0,0,12,0
2594.0,771119.0,546.0,12.4,11547.0,3,24,0
5109.0,550901.0,523.0,20.7,37175.0,1,36,0
24152.0,749904.0,841.0,10.3,26599.0,2,48,1
14639.0,249122.0,461.0,8.3,40452.0,4,48,1
24214.0,508598.0,462.0,29.9,39037.0,3,24,1
11947.0,558875.0,495.0,22.5,10750.0,1,24,1
9172.0,288162.0,611.0,19.3,35782.0,4,24,0
13641.0,686082.0,439.0,10.7,40003.0,4,36,0
12109.0,760371.0,803.0,1.5,17305.0,3,36,0
4430.0,713641.0,446.0,0.9,8630.0,1,12,0
16739.0,604300.0,793.0,16.6,132.0,2,24,1
6969.0,258099.0,357.0,22.9,22545.0,3,12,0
16251.0,261212.0,661.0,16.1,17622.0,4,60,1
16955.0,772520.0,799.0,25.2,27745.0,4,36,1
5497.0,57713.0,393.0,1.0,9402.0,0,48,1
3411.0,587037.0,833.0,11.0,42983.0,1,60,0
19958.0,579685.0,549.0,7.1,12888.0,0,48,1
12575.0,517017.0,820.0,13.4,11321.0,2,60,1
3338.0,792582.0,672.0,2.2,24036.0,3,12,0
24882.0,283910.0,466.0,28.6,24943.0,4,12,1
3329.0,304979.0,404.0,6.7,10754.0,1,36,0
17986.0,109205.0,467.0,27.7,13593.0,4,48,1
24625.0,382099.0,351.0,12.8,8485.0,0,60,1
7501.0,245786.0,379.0,29.6,35923.0,0,24,0
5272.0,307540.0,358.0,16.6,38504.0,3,24,0
4792.0,675929.0,533.0,27.9,23116.0,1,36,0
8975.0,751613.0,738.0,0.2,35704.0,1,48,0
4324.0,189300.0,378.0,22.4,36797.0,3,24,0
17920.0,329382.0,372.0,27.1,6914.0,0,36,1
3433.0,746473.0,654.0,4.2,48309.0,0,36,0
13717.0,96356.0,408.0,2.9,41052.0,0,48,1
24924.0,119270.0,354.0,12.7,10224.0,4,24,1
20721.0,172093.0,392.0,28.0,9308.0,2,24,1
16150.0,496410.0,808.0,16.3,6283.0,0,24,1
9044.0,162854.0,752.0,15.8,6919.0,2,12,1
16350.0,776057.0,495.0,4.2,37408.0,2,24,0
14122.0,385036.0,661.0,0.0,23483.0,1,60,1
11800.0,426138.0,596.0,24.3,39147.0,3,12,0
5006.0,234994.0,672.0,2.6,37313.0,4,12,0
22392.0,403220.0,675.0,19.0,30231.0,2,12,1
12345.0,546435.0,646.0,27.4,34318.0,4,12,0
6476.0,613383.0,446.0,6.3,918.0,1,36,0
10458.0,615401.0,321.0,20.0,15589.0,0,60,0
11525.0,483418.0,551.0,2.4,31891.0,2,48,0
21033.0,728270.0,790.0,18.1,467.0,3,24,1
18873.0,663056.0,613.0,4.9,1649.0,1,12,1
19694.0,617786.0,758.0,22.1,42594.0,4,48,1
2254.0,91704.0,845.0,9.0,34201.0,0,36,0
11572.0,55158.0,390.0,13.9,13268.0,4,48,1
13071.0,209335.0,680.0,18.0,34398.0,3,12,1
2441.0,547643.0,671.0,5.1,39623.0,2,60,0
7976.0,358398.0,839.0,22.2,15340.0,3,48,1
19487.0,351805.0,842.0,9.1,1802.0,4,12,1
5154.0,713440.0,678.0,19.9,46639.0,4,12,0
14312.0,721672.0,434.0,4.7,17259.0,3,24,0
6950.0,731881.0,739.0,20.6,5324.0,3,24,0
2279.0,285409.0,359.0,3.8,24593.0,3,60,0
7548.0,568292.0,729.0,12.8,38423.0,0,24,0
24445.0,253725.0,801.0,7.4,11082.0,4,60,1
20435.0,192957.0,511.0,22.5,13475.0,1,36,1
24070.0,188474.0,647.0,7.9,12136.0,0,36,1
13221.0,306581.0,537.0,26.5,49584.0,0,24,1
4524.0,372468.0,541.0,26.8,9870.0,0,36,0
14603.0,673212.0,471.0,5.9,28776.0,1,48,0
12451.0,139918.0,719.0,18.4,46263.0,3,48,1
21420.0,601194.0,815.0,2.6,7345.0,4,48,1
4256.0,448591.0,817.0,11.7,48543.0,2,36,0
13230.0,265959.0,396.0,21.4,47374.0,2,48,1
5451.0,419615.0,781.0,19.8,44229.0,4,60,0
9468.0,274957.0,706.0,18.7,10728.0,1,12,1
18959.0,497061.0,439.0,8.5,31703.0,2,24,1
12948.0,375383.0,337.0,11.3,38045.0,0,60,0
10645.0,173304.0,447.0,3.1,49301.0,2,48,0
11073.0,137437.0,802.0,21.6,9021.0,4,12,1
12567.0,460022.0,648.0,15.1,38301.0,0,24,1
20055.0,726810.0,697.0,21.3,16940.0,2,60,1
22518.0,307968.0,441.0,7.5,8781.0,4,24,1
23973.0,599750.0,696.0,9.7,21069.0,1,36,1
20099.0,543996.0,315.0,10.0,39692.0,4,48,1
9254.0,748666.0,506.0,0.8,23242.0,1,60,0
17827.0,665736.0,645.0,10.2,26876.0,0,60,1
12065.0,474954.0,380.0,24.1,49758.0,4,12,0
7857.0,542773.0,753.0,26.9,19955.0,3,12,0
21340.0,723790.0,429.0,15.5,30770.0,3,12,1
2884.0,349639.0,659.0,13.7,18262.0,3,24,0
22741.0,295096.0,523.0,0.9,19639.0,3,48,1
12614.0,58108.0,628.0,26.4,34782.0,3,24,1
16656.0,669913.0,359.0,0.4,46894.0,1,48,0
17165.0,650736.0,309.0,28.3,27118.0,4,60,1
22588.0,128341.0,800.0,14.7,38420.0,0,24,1
16643.0,482643.0,448.0,10.3,4460.0,3,24,1
16120.0,397986.0,751.0,27.7,10558.0,3,24,1
3533.0,139032.0,850.0,0.7,25107.0,0,36,0
13923.0,785426.0,416.0,17.4,1001.0,0,48,0
5454.0,211022.0,446.0,16.5,12643.0,3,48,0
18961.0,100426.0,665.0,6.6,25870.0,1,24,1
13781.0,496136.0,831.0,12.9,748.0,0,36,1
17645.0,604150.0,804.0,19.6,13227.0,4,24,1
2958.0,74333.0,577.0,21.8,25702.0,4,48,0
3950.0,544038.0,737.0,0.0,28657.0,1,60,0
18475.0,449219.0,375.0,28.1,46288.0,2,36,1
3658.0,127449.0,838.0,4.9,32267.0,1,36,0
3639.0,179393.0,830.0,7.0,20737.0,3,24,0
2278.0,475981.0,390.0,7.9,46518.0,2,60,0
24000.0,272268.0,465.0,1.1,39244.0,3,48,1
18963.0,753737.0,355.0,3.7,10000.0,4,12,1
10125.0,664055.0,449.0,29.6,6542.0,0,48,0
8820.0,787675.0,749.0,9.5,33791.0,3,48,0
10043.0,244753.0,508.0,3.5,27994.0,4,60,0
19817.0,777293.0,349.0,3.2,39484.0,1,36,0
17212.0,373425.0,488.0,21.6,36940.0,3,48,1
6259.0,310639.0,840.0,25.6,31261.0,4,36,0
6005.0,87762.0,646.0,7.7,49319.0,0,60,0
4263.0,89574.0,529.0,0.6,26679.0,3,60,0
17187.0,569008.0,392.0,6.7,5655.0,4,24,1
19581.0,393447.0,842.0,1.7,41414.0,3,12,1
8096.0,219891.0,751.0,3.1,12593.0,0,60,1
2482.0,510478.0,455.0,12.9,38865.0,3,60,0
3890.0,239644.0,339.0,6.9,47855.0,3,36,0
24261.0,483224.0,331.0,15.5,34840.0,4,60,1
8795.0,319407.0,366.0,7.6,29802.0,2,48,0
19692.0,667664.0,619.0,28.2,23019.0,3,24,1
16367.0,665522.0,811.0,27.2,18220.0,2,24,1
10785.0,408013.0,573.0,17.0,17650.0,1,48,1
6731.0,313114.0,764.0,10.6,31819.0,3,60,0
4792.0,321920.0,545.0,11.4,37564.0,2,12,0
16145.0,654286.0,690.0,12.4,33926.0,1,60,1
19817.0,296135.0,703.0,21.8,9921.0,4,24,1
16810.0,206795.0,396.0,13.5,24699.0,3,12,1
14197.0,113516.0,499.0,25.7,39582.0,4,36,1
2965.0,400020.0,651.0,28.3,23785.0,1,36,0
24275.0,411599.0,339.0,10.1,26831.0,4,60,1
20370.0,680682.0,499.0,16.8,38557.0,4,60,1
8735.0,215929.0,594.0,2.9,33063.0,0,12,0
24539.0,335743.0,848.0,6.0,20467.0,1,12,1
15843.0,656304.0,561.0,12.4,44771.0,4,60,0
15396.0,667718.0,749.0,6.2,8128.0,2,24,1
19206.0,338458.0,538.0,26.3,49776.0,1,36,1
20671.0,394343.0,738.0,4.7,5943.0,0,12,1
17099.0,277464.0,627.0,13.7,747.0,3,24,1
4946.0,749416.0,788.0,18.2,44501.0,4,60,0
9780.0,138983.0,526.0,20.8,12248.0,2,48,1
23346.0,750312.0,632.0,11.5,36485.0,0,12,1
7166.0,562900.0,647.0,26.1,40551.0,1,48,0
10560.0,448679.0,530.0,17.0,42949.0,4,24,0
11938.0,74494.0,379.0,13.2,49580.0,0,36,1
12106.0,406697.0,351.0,2.0,14702.0,0,24,0
16098.0,355811.0,309.0,13.9,35512.0,2,36,1
23691.0,170914.0,780.0,24.6,5770.0,3,24,1
7536.0,542307.0,430.0,18.4,20340.0,3,12,0
4795.0,778363.0,416.0,25.0,42399.0,3,12,0
6542.0,471642.0,705.0,14.8,18383.0,1,48,0
22399.0,586065.0,476.0,3.6,29555.0,0,24,1
16854.0,101338.0,578.0,0.4,25189.0,1,24,1
8576.0,363250.0,389.0,9.1,32298.0,0,48,0
20767.0,137269.0,828.0,20.9,48645.0,2,60,1
21812.0,509597.0,768.0,23.7,2787.0,2,24,1
21470.0,753862.0,775.0,8.9,28698.0,1,24,1
23135.0,546333.0,524.0,14.9,43151.0,1,24,1
7802.0,107602.0,719.0,12.6,24069.0,2,60,1
19366.0,316000.0,379.0,12.3,3926.0,4,12,1
12592.0,462998.0,305.0,6.9,28027.0,3,48,0
21366.0,352406.0,311.0,4.1,16604.0,3,60,1
18755.0,675233.0,623.0,5.9,7747.0,2,36,1
19858.0,661003.0,550.0,1.7,42452.0,3,36,1
17092.0,508873.0,585.0,5.9,26080.0,4,60,1
6081.0,330093.0,304.0,0.3,46664.0,4,60,0
14536.0,241502.0,532.0,18.8,40301.0,0,12,1
24647.0,129406.0,695.0,9.5,34649.0,1,36,1
23560.0,316173.0,543.0,29.2,251.0,3,48,1
2993.0,359879.0,703.0,5.8,21391.0,4,24,0
5791.0,556867.0,428.0,10.4,9874.0,1,24,0
5030.0,543620.0,747.0,10.7,45540.0,1,12,0
18698.0,102581.0,624.0,0.3,8729.0,0,12,1
20809.0,346444.0,416.0,25.2,14303.0,1,36,1
6911.0,186334.0,430.0,1.0,25842.0,1,48,0
13635.0,167610.0,645.0,28.2,13168.0,2,48,1
21336.0,670477.0,756.0,26.8,10493.0,0,60,1
18854.0,81436.0,529.0,16.1,29955.0,0,12,1
14471.0,364387.0,442.0,16.3,4446.0,3,24,1
15578.0,176153.0,777.0,19.6,2908.0,1,24,1
13692.0,709498.0,668.0,11.6,18612.0,3,36,0
8844.0,467780.0,546.0,19.4,36033.0,4,24,0
14996.0,223535.0,568.0,1.3,27740.0,1,48,1
17844.0,426820.0,412.0,1.6,21144.0,4,48,1
22086.0,598615.0,645.0,13.7,28288.0,2,12,1
16635.0,768589.0,497.0,16.5,18273.0,1,36,1
19506.0,215335.0,848.0,26.6,46807.0,3,24,1
5682.0,714636.0,564.0,3.1,2745.0,3,12,0
12616.0,750728.0,567.0,24.7,33670.0,1,60,0
2215.0,737315.0,611.0,6.3,44564.0,3,60,0
7674.0,526561.0,804.0,11.8,40194.0,1,24,0
18709.0,522365.0,740.0,9.5,9202.0,0,24,1
24812.0,352408.0,548.0,12.0,14796.0,3,24,1
4281.0,614298.0,695.0,4.5,35852.0,1,48,0
11234.0,448471.0,622.0,15.1,4214.0,1,24,1
20402.0,558079.0,571.0,24.0,40593.0,3,60,1
6693.0,371343.0,406.0,13.2,35945.0,0,24,0
14767.0,598622.0,555.0,14.7,36480.0,3,36,1
18861.0,668354.0,435.0,25.5,5012.0,1,60,1
16168.0,159827.0,803.0,21.2,35888.0,0,36,1
6325.0,674697.0,484.0,14.7,33991.0,4,60,0
10174.0,455222.0,824.0,7.7,41546.0,2,12,0
20027.0,683499.0,593.0,26.5,2080.0,3,60,1
14747.0,373476.0,647.0,17.3,1156.0,1,60,1
2120.0,334280.0,599.0,6.6,18650.0,0,36,0
19503.0,736296.0,371.0,8.1,7439.0,0,36,1
2812.0,238377.0,507.0,24.1,27919.0,4,60,0
19152.0,683159.0,355.0,1.3,45867.0,3,60,0
6657.0,413015.0,643.0,29.8,19574.0,0,48,0
24036.0,435572.0,546.0,3.9,42248.0,4,12,1
10463.0,281351.0,728.0,23.9,12.0,1,12,1
9519.0,479782.0,421.0,11.8,8426.0,4,24,0
5424.0,293908.0,391.0,14.8,1521.0,3,60,0
9029.0,79452.0,523.0,26.4,16407.0,4,60,1
22163.0,253999.0,810.0,12.4,45409.0,0,60,1
24916.0,54784.0,691.0,16.1,4848.0,0,60,1
10471.0,783766.0,530.0,1.5,30320.0,2,12,0
12318.0,774310.0,584.0,0.1,22575.0,4,36,0
18608.0,346366.0,346.0,7.3,46923.0,1,48,1
22383.0,596278.0,842.0,20.4,6126.0,3,36,1
15640.0,309355.0,667.0,3.6,10601.0,2,36,1
11005.0,553320.0,457.0,3.4,1477.0,4,12,0
11490.0,654073.0,622.0,12.3,21697.0,1,48,0
17999.0,760067.0,360.0,19.4,13892.0,2,60,1
2074.0,350159.0,831.0,21.4,43495.0,0,12,0
16251.0,637473.0,396.0,5.4,30247.0,3,12,0
10176.0,249446.0,656.0,2.4,30705.0,4,48,1
20267.0,792749.0,435.0,28.2,26596.0,1,24,1
4139.0,69327.0,695.0,7.8,4593.0,0,12,1
15529.0,502647.0,727.0,25.6,22251.0,2,36,1
13062.0,544629.0,670.0,25.9,49975.0,3,36,0
16773.0,566034.0,638.0,23.2,41761.0,2,60,1
3492.0,140291.0,791.0,5.1,44673.0,2,12,0
15340.0,753897.0,343.0,24.7,41161.0,1,60,0
14914.0,185887.0,482.0,23.1,5152.0,0,12,1
14895.0,517065.0,437.0,17.9,11372.0,4,48,1
15880.0,217007.0,843.0,10.1,156.0,1,12,1
17559.0,280412.0,514.0,7.9,15176.0,3,24,1
20515.0,459844.0,703.0,3.7,5430.0,2,36,1
8206.0,362895.0,677.0,15.3,23640.0,3,48,0
20976.0,170169.0,417.0,17.6,33856.0,1,36,1
13460.0,178202.0,431.0,10.8,43725.0,1,60,1
3772.0,363609.0,455.0,14.3,37461.0,4,48,0
3347.0,617962.0,526.0,10.9,46929.0,2,24,0
9687.0,723473.0,429.0,19.2,2695.0,1,36,0
20053.0,113096.0,311.0,27.0,609.0,3,12,1
18277.0,344828.0,784.0,4.9,33067.0,4,12,1
20138.0,125184.0,831.0,11.4,14468.0,3,12,1
13897.0,62444.0,488.0,4.2,12675.0,2,48,1
12125.0,546289.0,486.0,18.7,16544.0,4,24,0
5391.0,501837.0,304.0,21.9,13490.0,4,24,0
9548.0,172264.0,674.0,28.0,25572.0,4,24,1
11982.0,225360.0,754.0,8.4,22007.0,0,36,1
4038.0,67781.0,381.0,28.5,25621.0,4,48,0
7074.0,676210.0,388.0,1.9,33636.0,3,12,0
15759.0,781018.0,735.0,18.1,19357.0,3,36,1
18920.0,151595.0,639.0,1.7,12565.0,2,24,1
24962.0,223606.0,325.0,26.8,8310.0,1,12,1
23462.0,701307.0,642.0,15.9,17474.0,1,48,1
16779.0,744848.0,470.0,20.1,37090.0,0,60,1
11689.0,364721.0,503.0,24.9,37835.0,4,24,0
16632.0,87967.0,723.0,4.5,33345.0,0,24,1
20070.0,79544.0,746.0,1.2,11701.0,2,24,1
4722.0,480462.0,520.0,26.4,29404.0,2,24,0
11428.0,344671.0,821.0,9.4,28534.0,1,12,1
21315.0,71489.0,524.0,3.9,24213.0,2,48,1
10828.0,487439.0,725.0,14.1,27499.0,4,36,0
15153.0,58477.0,566.0,17.9,24590.0,3,12,1
15519.0,640529.0,794.0,0.9,28273.0,2,48,1
6243.0,279825.0,799.0,8.2,35775.0,0,36,0
10331.0,80194.0,348.0,1.0,5481.0,4,24,1
9694.0,491264.0,815.0,12.6,37481.0,2,48,0
2603.0,348263.0,754.0,26.9,6794.0,2,24,0
2556.0,780350.0,735.0,29.5,3331.0,4,48,0
21129.0,458149.0,411.0,19.1,48804.0,2,60,1
8281.0,256429.0,743.0,4.8,47850.0,3,24,0
13916.0,582079.0,768.0,27.2,3022.0,1,24,1
8871.0,253619.0,459.0,15.5,22163.0,4,24,0
23636.0,728182.0,824.0,4.6,9312.0,0,12,1
7964.0,331041.0,327.0,27.7,24267.0,2,36,0
11882.0,462401.0,382.0,22.7,41509.0,1,24,0
22073.0,87930.0,596.0,22.0,47531.0,0,24,1
21364.0,369591.0,617.0,21.3,31713.0,0,12,1
6280.0,674273.0,655.0,6.0,17695.0,3,12,0
20461.0,654237.0,309.0,6.3,30166.0,1,60,1
12538.0,218239.0,828.0,20.6,15600.0,4,48,1
13108.0,219559.0,325.0,6.6,45491.0,1,24,1
5070.0,662979.0,379.0,13.2,43520.0,1,48,0
3854.0,747799.0,308.0,23.5,27912.0,0,12,0
18743.0,121521.0,612.0,23.5,16240.0,3,12,1
13419.0,387544.0,813.0,13.6,14669.0,3,60,1
12048.0,303091.0,666.0,23.8,1671.0,1,36,1
18779.0,703016.0,752.0,25.2,40791.0,1,12,1
19607.0,112644.0,307.0,19.6,22519.0,2,24,1
5655.0,208344.0,598.0,6.9,16257.0,0,60,0
16035.0,614351.0,553.0,8.2,23556.0,4,36,1
5113.0,88470.0,574.0,9.4,40937.0,4,60,0
19282.0,419402.0,340.0,3.5,6231.0,3,12,1
17110.0,381580.0,676.0,8.2,42883.0,0,36,1
24002.0,300801.0,577.0,6.3,44875.0,3,48,1
3586.0,345929.0,721.0,13.7,47335.0,4,36,0
3312.0,447455.0,567.0,27.3,19874.0,1,24,0
8490.0,171026.0,382.0,3.1,10857.0,0,48,1
