study_hours_per_day,attendance_percent,previous_score,sleep_hours,assignments_completed,parental_education_level,internet_access,tutoring,grade
3.7,55.7,70.0,7.2,72.0,2,0,1,C
9.5,54.8,86.4,4.9,68.7,3,0,1,A
7.3,94.4,83.2,8.4,9.6,3,1,0,A
6.0,55.0,40.8,7.1,92.3,1,0,0,C
1.6,56.3,40.4,4.8,56.8,0,1,0,F
1.6,85.6,48.8,8.8,36.4,3,0,0,C
0.6,67.0,55.3,6.6,75.7,1,0,0,F
8.7,86.6,58.6,4.4,25.7,2,0,1,A
6.0,43.9,77.6,7.1,69.4,2,0,0,B
7.1,69.3,34.0,5.3,4.0,2,0,1,C
0.2,42.0,32.4,8.0,83.9,2,0,0,F
9.7,43.8,57.4,8.1,44.8,1,1,0,A
8.3,94.4,78.8,8.9,63.7,0,0,0,A
2.1,48.4,43.5,6.5,22.1,1,0,1,F
1.8,71.9,74.9,6.3,67.7,0,0,1,B
1.8,64.7,48.2,7.8,77.2,2,1,1,C
3.0,60.8,92.0,4.7,47.3,3,0,0,C
5.2,94.0,92.7,6.7,61.8,3,1,0,A
4.3,41.3,50.8,6.7,45.6,3,0,0,F
2.9,79.8,46.1,4.4,89.4,0,0,0,F
6.1,97.8,58.8,6.1,49.8,2,1,0,B
1.4,73.6,46.8,8.3,84.2,1,1,0,F
2.9,96.2,77.1,8.3,80.1,3,0,1,B
3.7,43.1,87.8,4.5,41.1,0,1,1,F
4.6,65.1,77.1,4.5,23.0,3,1,0,C
7.9,55.6,87.7,5.3,40.6,1,0,1,B
2.0,83.8,57.8,8.4,82.6,2,0,1,B
5.1,98.9,40.9,4.6,22.8,1,0,1,C
5.9,55.4,81.7,7.6,52.4,2,1,0,C
0.5,79.3,55.2,4.5,80.6,2,0,0,C
6.1,51.9,77.0,7.1,35.3,2,0,0,B
1.7,73.9,48.9,5.8,64.2,3,1,0,C
0.7,67.8,35.7,7.9,24.6,1,1,1,F
9.5,98.3,99.5,5.2,10.9,3,0,0,A
9.7,76.5,40.9,7.2,79.4,1,1,0,A
8.1,61.0,99.2,5.2,9.9,0,1,0,B
3.0,46.8,98.4,7.6,27.1,0,1,1,C
1.0,49.1,85.6,8.4,85.5,1,0,1,F
6.8,53.5,76.2,4.6,34.6,1,0,1,B
4.4,55.1,70.4,8.3,97.3,1,0,1,B
1.2,91.0,90.6,7.0,98.0,1,1,1,B
5.0,73.7,50.3,4.6,26.8,2,0,0,C
0.3,71.4,62.7,6.1,4.1,3,0,1,F
9.1,46.9,73.4,4.8,70.5,2,1,1,A
2.6,91.6,58.8,7.5,45.1,3,1,0,C
6.6,83.4,59.9,7.8,10.1,3,0,0,B
3.1,44.1,53.1,4.5,70.8,3,1,0,F
5.2,82.5,69.5,6.5,3.1,2,0,1,B
5.5,72.6,89.5,8.1,87.0,1,0,0,A
1.8,44.9,44.1,8.7,13.9,2,0,1,F
9.7,67.5,95.4,6.6,12.7,2,1,0,A
7.8,69.1,78.2,8.8,17.6,3,1,1,A
9.4,49.9,87.6,6.7,96.0,0,0,1,A
8.9,96.7,68.9,6.0,69.3,0,0,1,A
6.0,91.0,84.6,8.2,80.1,2,0,1,A
9.2,80.1,31.1,6.5,39.8,3,0,0,B
0.9,67.7,87.3,6.4,33.6,2,1,0,C
2.0,64.7,32.8,6.5,23.4,2,0,1,F
0.5,79.1,92.3,8.2,48.1,1,0,0,C
3.3,72.7,99.4,8.2,55.2,3,1,1,A
3.9,43.7,50.6,6.0,63.2,0,0,0,F
2.7,70.8,44.7,5.7,25.7,0,0,0,F
8.3,88.4,83.6,6.5,94.9,0,0,1,A
3.6,67.6,47.7,6.9,17.0,2,0,1,F
2.8,43.1,90.6,5.2,96.6,3,0,0,A
5.4,87.2,37.2,8.0,1.5,1,1,1,C
1.4,52.1,38.8,6.4,48.1,0,1,0,F
8.0,55.5,98.5,5.7,33.3,3,1,0,A
0.7,49.9,77.2,4.5,44.9,0,1,0,F
9.9,59.8,89.3,5.2,57.1,1,0,1,A
7.7,85.4,52.7,8.7,43.6,3,1,1,A
2.0,71.2,77.4,5.5,41.5,2,1,0,F
0.1,52.3,71.6,4.8,73.3,2,1,1,F
8.2,92.7,72.2,6.3,68.6,0,1,1,B
7.1,92.8,77.8,5.5,83.3,0,1,0,A
7.3,92.2,70.3,4.2,25.0,3,1,1,B
7.7,54.3,60.0,5.6,61.0,1,1,1,A
0.7,67.1,49.3,6.7,58.5,0,1,0,F
3.6,99.1,83.8,6.8,37.0,3,0,1,A
1.2,86.3,45.8,5.8,48.6,1,1,0,C
8.6,41.6,78.5,6.2,31.4,0,0,1,B
6.2,43.9,46.3,8.8,14.2,0,1,1,F
3.3,67.8,73.8,5.9,21.4,3,1,0,C
0.6,94.6,82.3,5.3,10.6,0,1,0,F
3.1,72.3,45.3,5.2,68.3,2,0,1,C
3.3,69.9,34.2,6.3,66.1,1,0,0,F
7.3,46.3,39.2,7.8,95.1,1,1,0,B
6.4,79.4,72.4,5.0,73.0,2,0,1,A
8.9,89.3,89.5,7.5,5.2,3,1,0,A
4.7,62.8,33.1,4.1,88.4,2,0,1,F
1.2,86.5,81.4,6.1,86.3,2,0,1,B
7.1,97.9,53.9,7.9,44.3,1,0,0,B
7.6,52.2,63.5,5.7,58.6,3,1,1,A
5.6,71.4,95.0,6.8,97.6,0,0,0,B
7.7,57.2,53.2,5.0,53.2,2,0,1,B
4.9,87.6,62.6,7.7,90.5,2,1,0,B
5.2,74.7,31.0,4.3,8.3,3,0,0,F
4.3,78.1,35.7,8.3,19.1,2,1,1,C
0.3,87.9,48.1,5.0,44.1,3,1,0,F
1.1,63.8,31.9,8.4,58.5,0,0,0,F
0.3,94.9,74.2,5.8,81.6,3,1,0,C
6.4,72.0,59.8,7.6,98.8,0,0,1,A
3.1,49.5,68.4,5.6,38.9,3,0,1,F
5.1,81.8,42.2,8.5,4.7,2,1,0,F
9.1,87.6,50.7,4.6,80.1,0,0,0,A
2.5,59.0,76.5,4.9,60.4,2,0,1,C
4.1,91.4,97.6,6.5,19.9,0,1,1,B
7.6,94.4,33.5,4.4,49.5,3,1,1,A
2.3,56.6,92.3,5.0,74.2,3,0,0,B
0.8,99.0,70.4,8.7,77.0,3,1,1,A
2.9,48.4,69.5,8.9,50.0,1,1,0,C
1.6,52.1,65.0,5.9,30.5,1,1,1,F
9.3,51.1,34.9,8.6,97.4,0,1,0,A
8.1,93.6,36.3,6.7,66.3,1,0,1,A
6.3,79.3,72.1,5.3,40.8,3,0,0,C
8.7,49.1,53.9,7.5,28.0,1,1,1,B
8.0,66.4,94.2,7.3,73.1,1,0,1,A
1.9,76.9,58.5,8.9,24.2,2,1,0,F
8.9,45.0,40.0,5.3,17.2,0,1,1,F
5.4,92.9,80.0,7.4,53.0,0,0,1,B
8.1,88.2,50.5,4.3,29.0,0,0,1,A
9.0,70.3,66.8,4.6,62.9,1,0,1,A
3.2,98.0,78.8,4.0,11.8,3,0,0,F
1.1,65.1,93.0,9.0,65.5,2,1,0,B
2.3,99.0,85.5,8.0,28.3,0,1,1,B
4.3,80.1,77.3,7.9,0.0,1,0,0,C
8.2,78.1,77.6,6.5,12.7,3,1,0,A
8.6,50.0,96.2,5.5,93.4,2,0,0,A
0.1,92.9,50.7,4.8,86.7,2,0,0,F
5.1,65.6,30.1,5.4,23.4,0,0,0,F
4.2,49.7,49.0,5.9,77.8,0,1,1,C
2.2,40.8,45.3,7.8,60.9,3,1,0,F
1.2,73.6,76.3,6.7,97.1,1,0,1,C
3.4,71.6,74.4,4.4,37.4,3,0,0,C
9.4,83.2,71.5,4.1,68.1,0,0,1,A
3.2,93.4,31.1,4.5,6.4,3,0,1,F
5.2,44.8,81.0,6.1,39.6,1,1,1,C
7.0,83.9,52.6,8.7,96.4,2,1,0,A
3.6,51.2,76.6,7.2,53.9,2,0,0,C
9.7,91.5,69.0,8.0,28.8,2,0,1,A
9.6,89.1,54.0,6.3,12.0,2,1,1,A
2.5,72.4,39.4,5.8,70.4,0,0,0,F
5.0,82.6,36.6,4.5,64.5,0,1,0,C
3.0,58.9,88.2,8.4,37.4,1,1,1,B
2.8,68.3,94.3,7.9,95.1,1,0,0,C
0.4,89.3,75.5,4.8,2.2,1,1,0,F
6.1,67.6,37.2,6.6,30.4,1,1,0,C
5.0,61.5,58.1,6.4,92.1,3,1,0,B
0.5,69.7,81.0,7.1,32.1,1,1,0,C
2.8,89.7,84.6,8.7,25.2,2,0,0,C
9.1,60.1,38.3,6.9,53.4,2,1,1,A
2.4,50.4,30.0,6.7,82.4,2,1,1,F
1.4,82.7,79.8,4.3,10.3,3,1,1,C
4.9,89.6,55.0,4.3,94.3,1,0,1,B
9.9,46.0,47.8,4.9,79.5,2,0,1,A
2.4,54.4,30.9,4.2,18.1,2,0,1,F
6.7,48.5,67.8,7.7,71.2,2,1,0,B
7.6,60.9,89.6,7.6,38.5,2,0,0,A
2.4,67.0,97.0,4.7,40.2,0,0,1,C
7.3,84.9,69.6,8.2,78.3,1,0,1,A
3.7,79.1,66.0,4.8,96.3,1,1,1,A
6.3,77.3,36.0,5.5,12.7,3,0,0,F
6.3,61.1,68.4,5.2,42.1,0,0,0,C
5.4,90.5,56.6,5.9,48.1,3,0,0,B
0.9,68.3,72.5,5.3,37.6,2,1,0,F
8.4,98.7,57.2,6.4,36.3,3,1,1,A
3.2,78.0,46.8,6.0,5.2,2,0,1,F
1.9,47.6,36.6,8.9,68.6,2,0,1,F
0.4,80.6,52.0,4.3,43.6,1,0,1,F
5.9,59.5,36.8,4.7,19.5,1,1,0,F
6.8,81.2,42.4,4.3,81.6,1,1,0,A
0.2,44.2,99.1,7.1,80.3,1,0,1,C
5.1,50.5,61.1,4.3,48.6,1,1,0,C
2.3,91.3,67.2,8.2,29.8,0,0,0,F
6.5,53.6,91.2,6.6,63.8,1,1,0,B
1.7,90.2,99.7,6.6,28.8,3,0,0,C
6.9,56.8,70.8,6.8,23.6,2,1,1,B
3.9,78.6,86.9,4.9,73.1,1,0,0,B
9.4,81.6,52.9,5.0,4.0,0,1,1,B
1.4,70.8,51.4,5.6,9.5,3,0,0,F
3.4,58.3,58.2,7.0,0.7,3,0,0,F
1.1,52.8,77.1,5.1,15.3,2,0,1,F
9.2,42.0,77.8,4.6,6.9,3,0,1,B
8.8,58.2,52.1,8.9,99.6,3,1,0,A
2.6,79.2,39.3,4.1,28.9,3,0,0,F
6.6,96.3,74.3,8.0,14.9,3,1,1,A
8.2,92.3,39.0,7.9,24.1,0,1,0,C
5.6,86.0,70.5,5.5,93.6,2,0,0,B
5.3,87.3,78.5,4.7,52.0,1,0,1,B
2.4,79.9,79.0,4.7,36.5,3,0,0,B
0.9,55.6,82.7,7.5,87.3,0,0,0,F
9.0,94.4,91.1,7.2,39.5,2,1,0,A
9.0,80.2,65.0,7.9,33.5,1,1,0,B
6.3,73.6,81.1,8.7,20.7,2,1,0,B
3.4,46.7,73.3,7.5,37.8,0,1,1,F
3.5,66.8,43.1,4.8,31.7,0,0,0,F
7.3,67.6,31.8,5.2,67.7,0,1,1,C
9.0,91.9,49.9,8.2,29.0,3,0,1,B
8.9,72.8,61.0,5.0,57.7,0,0,0,B
7.8,62.8,73.2,4.4,6.6,1,1,1,A
6.4,98.6,89.5,7.5,19.1,3,1,0,A
0.8,46.6,43.7,6.0,40.7,2,1,1,F
1.6,65.4,38.8,8.6,93.7,1,1,1,C
9.0,42.5,97.4,7.3,37.7,3,1,1,A
6.1,84.4,37.6,4.5,66.4,0,1,0,C
0.1,95.1,63.5,8.7,25.5,2,0,1,F
1.0,56.8,71.0,5.3,12.7,0,0,1,F
6.6,91.5,67.9,5.7,5.9,1,0,1,C
0.1,57.5,36.0,6.0,30.5,1,1,0,F
1.6,94.6,34.0,4.3,15.8,3,0,0,F
5.5,85.2,37.4,6.5,17.4,1,0,1,B
6.9,88.3,71.0,4.6,76.1,2,0,1,A
6.5,41.1,68.1,6.0,1.6,3,0,1,B
2.2,97.8,46.4,5.8,55.8,2,0,1,C
7.1,83.6,74.6,7.9,37.9,0,0,0,C
2.4,58.3,87.4,8.0,50.7,2,1,0,B
3.3,89.8,32.9,4.8,56.3,2,1,0,C
7.5,56.9,64.9,5.8,31.3,1,1,1,B
6.5,92.4,78.3,5.9,29.5,0,0,0,B
8.5,46.8,47.7,4.8,73.3,1,1,1,A
6.6,82.2,51.5,8.0,87.1,0,1,1,B
5.7,72.4,73.0,7.5,19.3,0,0,1,C
0.9,45.8,92.9,5.0,9.8,2,1,0,F
3.7,54.5,86.7,5.8,89.8,1,0,1,B
2.7,40.7,70.8,4.5,35.0,2,1,0,F
2.4,68.1,81.1,7.1,55.1,2,0,1,C
9.7,58.1,55.5,4.6,36.0,2,0,0,C
3.9,75.9,74.9,8.9,12.6,0,1,1,C
8.9,57.8,62.6,7.9,58.9,1,0,0,C
6.3,58.0,43.3,6.0,52.5,1,1,1,C
7.9,84.6,79.1,6.9,20.3,2,0,0,A
5.0,42.9,69.0,8.6,45.2,0,1,1,C
5.8,94.2,55.1,6.8,79.7,1,1,1,A
4.9,91.1,93.8,4.9,59.0,3,0,1,A
2.0,80.1,31.5,5.9,9.7,1,1,0,F
7.2,75.6,52.1,8.2,54.8,2,1,1,A
2.8,93.5,34.0,7.2,70.3,3,1,1,C
0.2,51.1,83.7,7.3,79.3,0,0,1,C
6.5,44.7,79.1,8.3,62.9,3,0,0,B
1.8,54.4,53.2,8.5,15.3,3,1,1,F
9.4,87.7,77.3,8.6,71.0,2,1,1,A
9.5,42.1,57.7,4.5,67.7,1,0,0,C
9.1,75.0,82.9,6.7,2.4,0,0,1,B
3.7,99.7,61.8,7.7,41.2,3,1,0,B
0.2,91.3,58.9,7.8,33.3,2,0,1,F
9.3,71.3,95.4,7.0,66.9,1,0,0,A
4.3,43.8,47.6,4.8,21.6,3,1,0,F
9.7,89.9,38.4,8.0,59.1,2,0,0,A
9.6,75.9,70.9,7.6,91.3,2,0,1,A
8.5,46.9,97.9,4.4,79.8,2,0,1,A
2.9,45.6,56.4,6.3,92.1,0,1,0,F
3.9,94.6,34.3,4.9,97.9,1,0,1,A
8.5,80.2,53.8,5.7,1.1,3,1,1,B
3.2,89.8,65.4,4.1,62.3,1,0,0,C
1.7,92.7,41.3,6.0,41.3,1,0,0,F
5.6,74.3,76.1,6.7,86.0,3,1,0,A
9.4,71.0,99.8,7.1,25.2,1,1,0,A
7.0,65.8,61.6,7.3,98.1,0,1,1,A
5.7,59.0,54.8,8.2,61.4,3,1,1,B
1.0,66.1,58.0,5.1,79.4,3,0,1,F
6.2,86.4,38.1,4.6,8.6,2,1,1,B
9.9,76.1,91.8,8.3,18.3,1,1,1,A
1.4,93.6,59.0,4.8,75.8,3,1,1,B
5.2,66.6,57.1,8.9,2.2,3,0,0,F
8.8,76.4,76.2,8.2,81.7,0,0,1,A
7.4,77.9,60.9,6.5,1.4,2,1,1,B
7.0,75.5,75.4,8.9,65.7,3,1,1,B
7.0,82.2,34.3,4.5,36.5,0,1,0,F
3.6,54.2,87.0,5.5,61.1,3,1,0,B
2.9,70.7,95.8,7.2,69.6,3,0,1,B
8.1,46.3,75.4,5.8,34.2,3,1,0,C
8.1,63.1,96.8,8.6,10.8,0,0,0,A
8.7,69.3,40.6,4.3,7.0,1,1,1,F
9.1,79.1,63.4,6.7,58.9,3,1,1,A
5.1,97.0,72.1,7.0,52.1,3,0,1,A
5.0,76.0,70.7,7.3,74.2,1,1,0,F
8.0,84.6,58.1,5.3,51.0,3,1,0,B
6.5,70.4,53.7,5.8,42.2,2,1,1,B
7.0,78.0,38.9,8.2,39.8,3,1,0,B
8.0,44.3,57.4,5.0,2.6,2,0,0,C
8.9,55.3,41.4,8.1,33.6,1,1,0,C
3.4,61.7,81.4,6.8,97.6,0,1,1,A
3.8,68.3,44.6,7.8,87.4,1,0,1,C
0.9,42.7,34.1,7.6,32.9,3,1,1,F
5.8,48.4,68.7,5.0,58.8,2,0,1,C
0.4,56.6,71.7,6.8,84.7,0,1,1,F
4.7,98.3,91.0,8.3,44.1,3,1,0,A
5.4,59.9,70.4,6.2,1.8,0,1,0,F
2.9,68.9,54.2,8.8,7.5,0,0,0,F
5.9,51.8,86.2,6.3,51.0,3,0,0,B
0.3,76.6,67.8,4.7,96.9,1,1,0,C
0.4,56.8,35.5,5.9,69.3,3,0,0,F
8.2,52.4,69.6,8.8,7.1,3,1,1,B
3.6,71.0,93.6,5.6,18.9,1,0,1,B
1.3,40.3,57.7,8.3,77.1,2,1,0,F
5.2,40.5,50.7,8.4,84.1,3,0,1,C
7.7,53.1,40.0,5.8,61.8,0,1,0,A
2.2,42.2,40.6,4.4,64.4,3,0,0,F
6.2,46.5,60.3,7.6,2.8,3,0,1,B
0.9,60.3,71.7,5.6,82.9,0,0,1,C
0.5,88.2,35.6,7.9,78.8,1,0,0,F
5.3,74.3,95.8,6.2,25.9,2,1,1,A
5.4,70.8,82.9,6.4,70.9,2,1,0,C
6.4,57.6,71.1,7.9,21.5,0,0,0,C
7.3,95.9,88.0,5.9,4.0,1,1,0,B
9.8,63.8,35.6,6.2,20.1,3,0,0,B
5.2,45.2,63.4,5.9,17.9,3,1,0,F
3.2,77.0,74.1,5.8,33.8,3,0,1,B
8.0,46.8,88.0,6.6,41.8,3,1,0,B
2.7,60.7,84.8,8.0,50.9,3,1,1,B
4.4,70.4,49.4,5.8,47.7,0,0,0,C
0.8,92.5,95.9,6.6,27.1,3,0,1,C
0.3,69.6,38.7,7.4,2.9,3,0,0,F
9.6,82.1,91.3,5.3,60.5,1,0,1,A
8.4,99.6,98.0,5.4,39.6,3,0,0,A
7.0,47.9,42.4,8.7,29.9,2,1,0,F
4.1,56.5,80.5,7.6,86.7,0,0,1,C
1.7,63.7,32.8,6.9,74.7,0,1,1,F
1.6,65.3,58.4,7.2,85.8,0,0,1,C
2.5,64.7,66.1,4.1,49.5,2,1,1,C
5.5,94.5,70.6,7.1,13.1,3,1,1,B
7.1,82.8,95.5,6.5,69.6,0,0,1,A
6.6,76.5,77.1,6.7,20.6,2,0,0,B
2.8,58.6,63.7,5.8,44.1,1,1,0,F
9.5,89.4,86.7,4.4,6.5,3,1,0,A
7.4,97.3,96.5,5.0,82.5,2,0,1,A
5.5,89.3,31.5,8.8,12.6,3,1,1,C
6.1,40.1,98.8,6.0,90.3,1,1,1,A
4.2,78.2,36.0,6.3,86.4,2,1,0,B
2.5,43.1,87.0,4.3,46.5,3,1,1,B
3.6,55.5,49.6,4.2,74.4,2,1,0,C
7.6,43.6,39.3,7.6,61.9,0,1,1,B
0.1,76.2,60.8,6.7,80.3,3,0,1,C
1.2,81.2,75.1,6.5,43.2,2,0,1,F
0.5,46.9,56.7,5.2,78.6,0,0,0,F
0.4,63.0,33.8,7.7,46.2,1,0,1,F
8.6,67.4,72.0,4.8,94.1,3,1,0,A
7.0,62.1,93.2,4.9,48.6,3,0,1,B
4.7,47.3,56.8,6.3,46.3,1,1,1,C
1.0,65.1,45.1,5.4,78.5,0,1,1,F
4.9,85.1,61.0,5.2,82.2,1,0,1,A
4.7,44.3,33.4,7.2,55.4,3,0,0,F
1.7,44.8,87.4,7.3,18.0,2,1,1,F
4.3,61.3,87.8,8.1,46.8,0,0,0,B
4.0,96.5,71.2,6.1,96.8,0,0,1,A
6.2,80.1,54.7,4.4,75.3,0,1,1,B
6.4,80.7,86.0,5.4,81.1,1,1,1,A
0.5,61.7,68.8,8.9,3.3,1,1,0,F
3.7,75.6,87.8,7.0,46.8,2,1,1,B
6.3,40.6,74.2,7.5,64.7,2,1,0,B
5.0,78.2,84.9,4.0,83.0,0,1,0,A
8.6,94.8,71.9,6.6,4.9,2,0,1,B
6.6,76.8,59.0,4.2,85.2,1,0,0,B
1.6,92.4,97.1,6.8,54.8,2,0,1,B
0.7,83.4,67.9,8.6,19.7,1,1,0,F
6.4,47.2,72.4,8.8,31.7,2,1,0,B
0.3,94.1,45.4,6.7,28.2,3,0,0,F
5.9,44.0,73.8,6.3,53.1,1,0,0,C
9.4,72.0,70.0,8.7,5.2,3,0,1,A
5.8,48.5,42.9,7.4,15.9,1,1,0,F
3.9,40.7,34.2,4.3,81.3,2,0,1,C
6.4,65.3,72.3,6.3,13.3,3,0,0,B
4.6,57.7,83.5,5.2,23.3,2,0,1,B
5.5,69.2,66.6,6.3,45.3,1,1,1,B
9.4,74.6,45.9,6.3,51.7,3,0,0,B
3.9,42.6,76.7,6.9,76.4,0,0,0,F
9.6,47.4,35.6,5.8,44.7,2,1,1,B
9.1,73.5,60.9,4.8,79.0,1,1,0,B
2.0,60.6,41.4,6.5,61.8,3,1,0,F
0.7,83.8,42.9,8.2,11.3,2,1,0,F
1.0,79.1,44.2,7.3,15.6,3,1,0,F
0.2,90.7,57.1,5.7,43.7,2,0,0,F
0.9,81.5,33.6,8.7,39.7,2,0,0,F
6.8,65.8,57.8,8.6,74.4,2,1,0,B
0.7,80.4,65.8,5.0,58.1,3,1,0,C
3.2,56.5,63.8,4.2,38.8,3,1,0,F
8.4,58.4,56.8,7.7,17.1,2,1,1,B
0.2,87.3,88.7,8.1,22.7,0,0,0,F
8.1,66.8,40.2,8.8,57.6,0,0,0,A
2.8,87.9,65.4,8.4,42.3,0,1,0,C
1.2,89.3,34.3,7.0,51.5,1,1,0,F
7.0,91.5,35.0,6.7,17.1,0,1,0,F
6.3,95.0,70.2,4.1,66.3,3,1,1,A
8.8,65.9,69.6,5.2,85.3,0,0,1,A
7.4,59.1,91.5,6.3,25.8,3,1,0,B
8.0,74.9,69.1,7.1,49.2,1,1,1,B
2.8,62.3,97.2,6.8,97.6,3,0,0,B
1.8,76.1,33.4,7.7,33.3,3,1,0,C
7.5,82.3,36.9,5.4,59.5,3,0,1,A
8.1,81.3,33.1,6.8,9.0,0,1,1,C
9.9,62.5,43.0,4.4,60.6,2,1,1,A
4.1,50.0,67.9,6.1,9.0,3,0,1,F
3.7,65.8,75.2,7.8,95.9,0,1,1,A
7.8,48.6,33.2,7.5,71.6,0,0,0,C
3.4,93.4,96.2,9.0,78.8,0,0,0,A
9.3,60.8,89.0,5.4,70.4,2,0,0,B
8.6,49.3,50.8,6.5,59.0,2,1,1,A
4.3,41.5,35.4,5.6,45.0,2,1,0,F
7.5,78.7,41.9,6.2,85.8,2,0,1,A
7.5,78.2,38.9,8.3,95.7,1,1,0,A
1.0,60.4,38.6,7.4,49.9,2,1,1,F
9.0,44.3,66.3,8.4,93.2,2,1,1,A
5.1,64.6,47.2,5.0,58.3,2,0,0,C
8.3,58.7,55.1,8.4,53.8,3,0,0,B
3.2,80.6,99.3,4.3,45.4,3,1,0,C
9.0,76.3,77.9,8.4,20.9,2,0,0,B
3.9,61.9,96.4,5.6,0.4,1,1,1,F
0.1,53.1,40.0,5.6,24.2,3,1,0,F
9.1,99.3,56.7,6.6,51.0,0,1,1,A
0.9,67.2,68.8,8.7,38.0,3,0,0,F
3.2,81.3,35.4,4.2,44.8,0,0,0,F
9.5,48.4,30.3,5.8,98.1,3,1,0,A
9.5,69.1,76.9,8.3,35.0,2,0,0,B
5.7,41.7,74.9,6.0,45.2,3,1,0,B
6.3,70.3,58.8,5.0,13.4,2,0,1,C
4.5,97.8,64.3,6.1,4.8,2,0,0,C
2.9,63.1,59.1,5.9,77.5,3,0,1,F
3.3,42.3,31.7,8.6,57.1,0,1,0,F
6.7,41.9,53.5,7.8,76.1,0,1,1,C
7.5,63.3,42.4,6.5,15.0,3,1,0,C
7.9,49.6,36.9,8.9,57.2,2,0,0,B
7.9,41.4,97.0,6.3,25.4,0,1,0,B
0.9,85.4,72.0,4.3,22.8,1,1,1,F
4.9,67.5,81.0,5.3,1.2,2,1,1,B
0.6,57.4,52.1,6.2,13.0,3,1,0,F
5.5,94.0,57.5,4.8,30.9,2,0,0,C
4.4,47.0,46.6,8.7,11.7,1,0,0,F
8.9,97.4,36.8,7.8,98.6,1,1,1,A
3.5,58.8,42.5,5.3,30.9,0,0,0,F
1.2,93.3,85.8,7.0,13.0,1,0,1,B
1.4,76.2,77.4,7.6,19.9,2,0,0,C
7.6,89.6,68.3,8.7,58.8,0,0,1,B
6.2,99.0,63.3,8.4,6.4,1,0,1,B
1.0,57.3,94.6,6.6,86.2,0,1,1,B
0.8,97.7,35.1,7.9,96.1,0,0,0,F
7.0,63.4,49.6,6.8,24.7,3,1,1,A
0.7,63.1,54.5,6.8,45.0,0,1,0,F
8.2,60.4,84.8,4.6,2.2,0,1,1,B
7.1,72.5,99.5,4.6,64.1,1,0,0,A
0.8,49.2,46.8,6.6,41.4,2,0,1,F
0.8,73.2,91.2,5.3,27.0,2,0,1,C
9.9,72.5,88.1,4.1,20.7,1,0,0,B
3.7,85.7,45.7,7.6,65.4,2,1,0,B
3.7,90.0,58.0,4.2,41.6,0,1,1,B
8.1,66.4,58.7,7.0,18.0,3,1,1,C
9.5,58.1,98.5,6.7,68.9,0,0,0,B
9.9,55.6,42.7,8.8,56.5,0,1,1,B
7.5,51.7,85.9,6.4,85.9,3,1,1,A
3.8,43.5,53.4,4.3,11.7,1,1,0,F
0.8,60.5,81.2,6.8,78.6,0,0,0,C
7.8,56.2,59.4,8.2,67.4,0,1,0,A
5.6,98.0,70.5,9.0,11.5,1,1,1,B
4.2,73.5,88.3,6.2,69.5,0,0,1,B
9.1,60.8,86.3,5.6,44.2,0,1,1,B
1.1,74.8,90.6,8.5,94.5,2,0,0,B
4.9,48.4,34.2,5.0,14.2,1,1,1,F
0.1,66.6,78.4,7.1,64.3,0,0,0,F
4.7,77.6,39.8,6.0,38.2,0,0,0,F
0.6,69.3,59.1,4.2,95.7,3,0,1,F
1.2,64.1,68.4,5.7,33.0,3,1,0,F
1.2,99.6,58.2,5.3,96.2,3,1,1,F
6.5,92.8,66.4,7.4,90.1,0,0,0,B
7.5,77.4,99.8,8.7,27.0,0,0,0,B
5.8,74.2,39.5,5.3,80.4,3,0,0,B
9.6,77.2,77.3,8.1,99.6,2,0,1,A
3.7,52.1,57.7,4.3,25.3,2,0,0,F
2.9,63.7,39.3,6.7,43.7,2,0,1,F
8.7,42.4,41.1,4.4,52.0,2,0,0,F
2.2,68.5,96.4,8.7,29.5,1,0,0,B
9.6,72.6,91.6,7.8,1.5,3,0,0,B
0.1,53.7,93.5,7.3,22.0,0,0,1,F
9.7,97.8,99.4,8.1,28.2,3,0,1,A
0.4,94.6,44.6,7.2,44.4,2,0,1,C
8.9,83.3,54.9,8.8,17.1,0,1,1,A
5.3,72.0,76.8,7.6,87.3,1,0,1,B
9.9,92.2,63.9,8.6,70.5,3,1,0,A
0.7,47.8,59.3,6.6,8.5,0,1,0,F
5.5,87.4,55.0,4.6,65.0,0,1,1,B
9.7,47.5,71.6,6.6,65.4,2,0,1,A
5.2,87.7,70.3,4.6,95.6,2,1,1,B
6.3,56.5,41.3,7.0,0.3,3,0,1,F
7.0,92.6,63.0,6.4,24.8,1,1,0,B
4.5,96.6,68.7,7.1,92.8,0,0,1,A
6.3,48.9,69.9,4.1,93.2,2,0,1,A
5.8,67.8,44.7,5.0,72.1,3,1,1,C
9.0,98.9,82.0,6.5,76.6,2,1,1,A
0.5,69.0,31.8,8.8,9.1,3,0,0,F
2.8,91.8,54.8,5.9,51.4,2,1,0,C
9.5,75.3,84.6,6.1,23.2,1,0,1,A
8.9,62.5,69.5,7.6,18.1,0,0,0,B
4.6,57.1,48.3,7.0,81.0,2,0,0,C
6.2,52.2,78.6,5.5,13.5,0,1,1,C
2.8,85.7,69.7,6.1,46.9,3,0,1,B
1.9,63.2,85.7,5.1,93.9,1,0,0,C
4.6,70.7,81.5,8.8,18.6,0,0,0,C
3.5,69.5,72.7,4.7,97.8,2,0,0,A
5.8,74.6,64.2,5.9,99.4,0,1,0,A
0.8,91.9,39.3,4.1,55.6,0,1,0,F
9.7,98.8,48.3,5.1,17.0,3,1,1,C
9.9,64.5,59.3,7.9,31.6,1,1,0,A
7.0,89.7,72.0,5.0,42.4,1,0,0,A
5.4,85.9,66.0,4.4,30.9,0,0,0,B
3.1,74.4,50.2,6.4,28.1,0,0,0,F
8.1,97.4,30.5,4.0,97.2,3,0,0,A
6.8,52.0,64.7,4.4,15.3,0,0,0,C
1.6,46.6,50.0,8.0,73.3,3,0,0,C
9.1,91.2,81.4,7.9,0.0,1,1,0,A
8.2,66.3,31.7,8.6,59.6,1,0,1,B
9.5,90.8,70.9,8.3,91.6,3,0,1,A
7.3,93.6,95.9,7.4,28.8,0,0,0,A
6.1,43.7,42.2,4.3,18.6,1,1,1,C
4.2,93.0,63.0,7.9,65.2,2,0,1,B
9.3,66.9,36.4,8.2,71.3,3,0,1,B
8.7,70.6,73.8,8.0,68.8,1,0,1,B
0.5,77.6,68.5,6.5,31.9,1,1,1,F
0.3,95.6,58.5,5.2,25.2,1,0,1,F
3.8,41.1,66.5,8.2,95.6,2,0,0,B
8.1,68.6,92.8,7.6,92.3,2,1,0,A
9.9,81.3,43.7,8.9,45.7,2,0,1,A
1.5,83.4,31.6,4.8,84.6,0,1,0,F
5.9,81.6,90.3,5.1,45.2,3,0,1,B
3.8,48.1,70.4,5.1,42.4,0,1,0,F
9.7,58.0,92.3,8.0,15.7,2,0,0,A
8.4,61.5,71.8,4.9,42.6,3,0,0,B
8.4,88.3,86.7,4.3,53.7,0,1,1,A
4.7,56.7,60.1,9.0,2.3,0,0,0,F
4.1,52.6,82.5,4.1,44.4,0,0,0,C
2.7,97.4,93.9,8.2,78.1,2,1,1,A
0.6,40.5,70.0,5.8,68.0,1,0,1,F
8.6,99.9,42.7,8.2,63.5,3,1,0,A
8.1,80.6,48.8,6.8,91.0,2,0,1,A
10.0,89.7,43.9,8.5,1.8,3,1,0,A
10.0,57.7,47.3,8.6,55.7,2,0,0,B
5.6,40.9,51.4,4.0,78.7,0,0,1,C
7.7,84.3,68.9,4.4,54.1,0,1,1,A
9.4,90.0,71.2,5.3,32.4,1,0,0,A
8.5,84.4,59.9,7.3,13.6,1,1,1,A
2.5,48.6,73.1,8.4,88.8,3,1,0,C
4.5,85.2,35.7,6.3,47.1,1,1,1,C
1.3,86.1,36.1,7.0,87.8,1,0,1,C
9.5,79.5,42.0,4.9,58.6,3,0,1,B
6.1,86.0,66.3,8.0,67.4,2,0,1,A
2.3,90.8,45.0,8.8,80.4,1,1,1,C
6.7,76.8,49.8,5.3,65.9,2,1,0,B
6.2,45.3,58.0,6.5,39.8,0,1,0,C
3.6,69.3,86.8,4.4,51.4,1,0,0,C
1.1,44.7,31.0,6.8,80.3,0,1,1,F
6.7,64.5,75.5,6.5,37.4,0,0,0,C
5.2,64.4,76.8,4.7,38.8,2,0,0,C
7.7,44.0,85.9,6.2,9.6,3,0,1,B
5.2,60.9,95.3,5.7,91.5,1,0,1,A
8.5,46.7,31.4,6.6,9.1,2,0,1,B
5.5,88.5,40.8,6.9,64.8,3,0,0,C
5.6,96.9,92.0,4.0,41.3,0,0,0,B
8.8,44.3,62.1,7.8,40.6,1,0,1,C
4.0,97.3,69.5,7.6,68.0,0,1,0,B
1.3,71.4,76.4,5.8,6.7,0,0,0,F
0.3,58.0,77.5,4.3,59.4,1,0,1,F
7.6,44.6,95.2,7.8,77.2,3,1,0,A
6.2,70.0,99.8,8.8,82.8,3,1,1,A
7.0,87.7,80.4,5.2,17.1,1,1,0,B
2.1,82.4,50.1,5.6,89.7,1,1,1,C
1.4,43.0,91.6,4.9,65.6,2,0,0,C
0.1,44.4,33.4,6.9,88.2,2,1,0,F
3.5,64.2,46.2,4.8,48.5,0,1,1,F
5.9,57.7,92.8,5.8,54.2,1,1,1,B
3.9,53.9,47.9,7.5,91.9,3,1,1,A
4.4,56.9,45.4,6.8,90.0,0,0,1,C
9.0,88.2,39.7,5.9,44.8,0,1,0,B
3.5,95.8,90.1,6.1,27.4,0,1,1,B
5.1,64.3,65.0,6.8,39.3,0,1,1,C
7.8,94.4,77.2,4.0,38.8,3,1,1,A
4.0,59.3,46.7,4.4,28.7,0,0,1,F
6.2,68.6,83.1,8.4,26.9,1,1,1,B
8.6,53.6,83.2,4.4,86.1,2,1,0,A
9.5,78.4,51.9,7.5,7.0,3,1,1,A
1.5,98.7,58.7,8.6,67.8,1,0,1,C
9.3,76.2,44.7,5.4,17.3,1,1,1,B
4.9,61.5,98.4,5.9,34.5,1,1,0,A
2.6,78.9,75.2,6.8,6.2,2,0,0,C
4.6,47.4,95.4,8.4,27.0,2,1,0,C
9.8,93.3,51.2,8.7,76.8,2,0,1,A
4.9,70.2,84.7,7.7,88.5,1,0,1,B
3.3,67.0,83.6,4.4,22.2,2,1,0,C
6.3,75.2,78.4,7.3,46.4,0,1,0,B
2.4,77.5,97.6,6.1,47.0,2,0,1,B
0.8,44.3,57.5,6.4,87.4,3,0,1,F
1.3,81.0,39.2,4.2,76.3,1,1,1,F
1.3,54.5,77.0,5.0,51.3,1,0,0,F
1.5,82.8,81.1,8.0,67.1,0,0,1,C
1.4,89.4,70.3,6.3,84.7,2,1,1,B
6.4,88.2,44.5,5.5,1.0,2,0,0,F
1.8,73.2,65.3,5.9,40.3,3,0,0,F
3.5,71.2,51.9,8.3,90.7,0,0,0,F
9.0,48.6,59.9,7.7,74.0,3,0,1,A
4.7,86.5,75.2,5.4,54.3,3,0,0,B
6.7,56.3,82.2,4.6,53.0,1,0,0,B
1.7,69.8,46.3,5.3,34.8,1,1,1,C
1.9,57.1,58.4,8.6,52.1,2,0,1,C
0.4,48.0,48.8,6.9,65.5,2,1,0,F
1.7,77.8,43.9,6.7,41.8,3,1,1,F
2.8,43.3,84.8,7.0,71.4,2,1,0,B
1.8,84.9,93.6,5.8,86.1,3,1,1,A
0.9,59.1,55.9,8.0,15.5,2,1,1,F
1.2,40.0,82.6,6.6,45.2,2,1,0,C
4.6,70.7,92.8,4.6,40.8,1,1,0,B
2.1,42.8,89.2,4.6,68.7,1,1,0,B
3.6,56.6,42.8,6.7,25.0,1,0,1,F
5.0,82.4,96.9,8.7,64.0,1,1,0,A
6.9,43.8,56.4,5.5,87.7,0,1,1,A
0.4,90.4,53.7,8.3,41.8,1,1,1,F
8.0,40.2,34.4,7.8,91.1,0,0,0,C
6.3,54.8,64.0,5.2,99.3,1,1,1,B
0.8,84.5,37.6,4.2,10.6,2,0,1,F
8.7,59.0,47.4,4.5,23.3,3,1,0,C
9.2,46.1,52.2,7.6,95.0,2,1,1,A
0.6,61.6,86.6,5.0,95.8,2,0,1,B
2.8,56.2,91.3,5.9,9.8,0,1,0,C
8.1,90.6,51.2,6.5,1.5,1,0,0,C
7.5,58.8,90.1,7.6,16.1,3,0,1,B
1.8,87.3,90.0,4.6,99.6,3,1,1,A
2.1,93.5,83.5,6.0,18.0,1,1,1,B
3.7,66.0,40.3,6.4,50.3,0,0,1,F
4.8,94.6,78.3,6.7,84.8,0,0,0,A
6.2,62.6,96.2,8.1,2.0,0,1,1,B
3.7,97.8,77.8,4.9,60.4,3,1,1,A
4.6,45.4,53.2,8.0,27.7,0,1,1,F
7.5,81.2,65.0,7.5,86.2,0,0,1,A
0.4,69.6,75.2,6.8,28.3,3,1,0,F
2.5,63.3,65.7,7.5,68.7,3,0,1,C
7.1,78.0,38.4,6.1,67.4,2,1,0,C
9.0,82.2,51.8,4.7,22.1,3,0,0,B
5.1,40.3,86.2,7.3,3.5,1,0,0,F
5.3,50.0,90.3,6.6,40.9,3,1,0,B
1.1,82.8,39.6,7.2,28.9,3,0,0,F
4.5,80.0,96.7,5.7,80.9,0,0,1,A
5.3,98.0,53.0,8.5,80.0,2,0,0,B
2.4,85.7,76.4,6.9,45.7,0,0,0,F
2.7,97.0,82.6,4.4,60.7,2,0,0,C
3.8,82.2,86.8,6.2,60.4,0,1,1,B
0.2,57.9,96.2,7.8,82.7,1,1,0,C
3.2,46.3,51.9,8.0,42.5,0,0,1,F
2.1,86.9,90.1,6.5,27.5,0,1,0,C
3.3,78.6,39.2,8.5,26.5,1,0,0,F
1.2,42.9,79.4,5.3,53.6,1,0,1,F
8.9,61.6,81.9,6.1,44.9,3,1,1,A
5.9,97.4,77.4,8.5,44.0,0,0,1,B
6.8,70.0,47.7,8.5,9.1,1,0,0,C
7.9,66.0,91.1,7.4,71.9,1,0,1,A
5.0,67.5,41.8,8.3,21.4,3,1,1,C
0.9,52.5,33.8,4.4,19.7,2,1,1,F
5.4,62.1,80.2,8.3,41.3,1,0,1,B
5.9,62.2,63.3,5.6,22.8,1,0,1,B
7.5,43.1,89.4,4.9,58.4,0,0,0,C
4.3,86.1,56.8,5.2,37.1,3,0,1,B
1.3,65.0,41.8,6.1,44.9,0,0,0,F
2.8,89.3,88.6,5.3,53.7,2,1,1,B
3.6,91.0,68.4,5.6,20.4,3,1,1,C
6.5,52.7,43.2,4.7,15.6,0,1,0,F
5.7,79.4,80.4,5.5,88.0,1,1,0,B
3.6,68.3,65.8,6.9,43.4,1,0,0,F
9.9,92.8,72.3,6.2,41.2,3,0,0,A
6.1,52.9,62.3,5.7,3.6,1,1,1,C
2.4,80.7,88.0,7.7,49.8,0,1,0,A
1.0,76.5,88.1,8.5,55.4,3,0,1,C
1.5,57.7,79.7,7.8,55.9,1,1,1,C
2.5,48.2,37.4,5.7,70.7,1,0,1,F
1.6,79.1,88.7,7.7,17.7,2,0,0,F
1.9,84.3,77.0,4.8,25.2,2,0,0,C
2.9,58.9,78.8,4.7,81.1,3,1,0,C
1.7,78.7,55.4,5.7,94.7,2,1,1,F
9.0,63.7,91.5,8.0,13.6,0,1,0,A
0.8,82.8,80.8,5.2,49.8,1,1,0,F
5.2,52.0,37.9,4.3,21.4,1,1,1,F
4.1,93.4,58.5,4.7,6.0,1,0,0,C
9.8,57.2,92.0,8.3,32.6,3,1,1,A
1.1,62.1,33.3,7.2,14.4,3,0,0,F
4.0,43.5,97.3,5.3,71.0,2,0,0,B
9.7,46.7,77.5,6.8,53.4,1,0,0,B
8.7,71.0,74.2,6.6,14.4,1,1,0,A
8.2,56.1,48.9,7.3,0.9,1,1,0,F
2.6,90.1,47.4,5.2,80.8,1,1,1,A
1.7,40.9,95.9,8.3,17.6,1,1,0,F
6.7,62.7,50.9,5.5,60.6,0,1,0,B
9.3,60.2,84.3,7.5,33.7,1,1,0,A
5.6,41.2,57.5,4.1,58.5,0,1,0,C
5.7,47.5,39.7,5.9,31.6,1,1,0,F
2.8,64.8,30.8,5.8,8.7,3,0,0,F
7.7,69.6,68.1,6.7,22.3,3,1,0,C
1.9,64.3,98.3,4.4,18.8,0,0,1,C
3.2,71.9,55.8,8.0,42.8,1,0,1,C
4.3,75.7,55.0,5.1,65.8,3,0,0,C
5.1,40.6,54.1,7.4,26.4,3,0,1,F
2.4,67.8,66.4,8.0,1.2,1,1,0,F
1.1,97.8,60.8,6.8,51.9,1,1,1,C
6.1,71.1,91.6,7.7,60.6,3,0,0,A
2.9,80.7,65.4,7.3,96.3,1,0,0,B
5.8,58.7,65.5,5.8,58.9,2,0,1,B
1.5,86.4,39.7,8.0,47.1,1,1,0,F
4.8,86.4,98.8,5.5,57.3,3,0,1,B
5.3,71.3,47.5,6.9,92.8,3,0,0,B
0.5,98.6,35.1,7.7,82.8,0,1,0,C
3.4,47.5,76.4,5.9,32.3,2,0,0,C
1.3,41.0,71.7,5.5,23.7,3,1,0,F
0.6,86.2,59.1,6.3,26.3,2,1,1,C
9.9,88.4,59.6,8.1,50.4,1,0,0,A
3.2,47.2,85.0,8.6,74.4,3,0,1,C
8.1,55.9,43.7,6.7,50.3,0,0,1,B
2.5,41.1,87.4,7.3,6.8,3,1,0,C
6.8,57.6,75.4,8.5,72.4,0,1,0,B
7.6,86.4,59.3,4.5,80.6,2,1,1,A
6.0,71.1,62.1,5.2,28.9,0,0,1,C
4.7,60.9,48.0,7.5,66.4,1,0,0,F
4.1,62.3,82.6,8.1,42.7,1,0,1,B
3.5,40.1,65.9,8.3,88.9,1,0,1,C
9.3,58.0,52.5,6.1,84.5,3,0,1,A
8.3,78.8,71.7,4.4,52.5,1,0,0,A
9.7,98.5,99.7,6.2,69.2,1,1,1,A
1.2,90.8,60.5,5.2,88.3,3,1,1,A
7.3,41.4,94.4,5.5,49.6,2,1,1,A
9.4,93.9,54.2,7.9,31.3,1,0,1,A
1.8,87.0,33.8,4.4,75.4,1,1,0,C
0.7,86.8,44.3,8.1,22.0,3,1,0,F
7.4,67.5,59.3,6.1,38.9,2,1,1,A
5.7,63.9,45.4,7.0,86.6,2,0,1,C
8.4,58.2,30.0,4.4,72.4,2,0,1,C
1.4,43.9,94.1,5.7,40.4,3,1,0,F
8.0,53.7,89.1,4.4,21.5,0,0,0,B
2.0,54.8,82.0,8.8,35.6,0,0,1,C
1.6,69.0,41.7,8.0,28.4,1,0,1,F
1.6,84.8,38.4,6.3,17.6,1,0,0,F
8.1,68.4,34.7,5.1,74.3,1,1,1,B
6.7,43.5,80.7,8.7,25.2,0,0,1,C
5.2,97.5,95.0,5.7,45.4,3,1,0,A
3.6,96.6,60.1,4.8,38.6,1,1,0,B
8.8,87.1,38.3,6.8,98.2,3,0,0,A
3.9,99.5,65.9,8.7,39.1,1,0,0,B
8.2,72.7,54.4,4.0,8.0,3,0,0,C
4.4,97.8,56.2,5.2,9.0,3,1,1,C
3.8,44.5,73.5,8.7,59.1,0,1,0,F
4.6,61.9,80.3,4.9,59.9,3,1,0,B
3.0,53.5,37.7,4.6,41.9,2,1,0,F
7.5,51.7,32.5,6.9,43.2,0,1,0,C
5.0,48.4,99.6,8.3,5.4,1,1,0,C
2.3,77.3,46.3,6.4,51.7,0,1,0,F
9.0,86.9,33.8,9.0,50.5,2,0,1,B
3.8,74.7,43.3,7.4,15.0,2,1,0,C
5.4,48.8,32.7,4.4,10.4,3,1,1,F
9.1,88.7,57.4,9.0,12.4,2,1,1,A
6.2,78.2,86.2,6.0,10.1,2,1,0,B
1.2,63.3,53.9,5.4,61.0,2,0,0,F
9.4,80.4,61.1,6.8,19.6,2,1,1,A
6.3,55.6,77.3,5.5,25.1,1,1,1,B
3.3,60.7,65.6,4.4,17.4,1,0,1,F
1.4,95.0,90.3,4.0,95.8,0,0,0,B
7.9,57.4,90.6,6.2,85.5,3,1,1,A
6.2,68.2,30.7,8.2,23.0,1,1,0,C
5.3,93.4,84.5,6.9,32.8,2,1,0,A
8.9,82.5,62.3,9.0,21.0,3,1,1,A
7.9,43.7,99.2,5.4,49.2,1,1,0,B
1.5,48.8,63.8,5.4,2.0,0,1,0,F
3.1,40.5,99.1,4.8,67.1,2,0,1,B
2.5,77.9,82.8,4.8,52.3,3,0,1,C
7.4,66.9,47.4,5.4,89.9,1,1,0,A
0.3,48.1,67.7,8.0,16.4,3,1,1,F
5.7,97.5,99.4,8.5,80.4,1,1,0,A
7.6,71.8,90.0,8.9,79.2,0,0,1,A
8.8,54.5,36.8,5.2,12.7,2,1,1,C
3.4,70.0,79.4,8.4,39.9,0,0,1,C
8.2,80.8,54.2,5.6,17.0,2,0,1,B
1.1,44.6,30.5,4.6,25.5,2,1,0,F
8.5,56.5,58.2,8.4,26.3,3,0,1,B
1.3,88.4,46.4,7.2,55.6,1,1,0,F
4.0,67.6,87.3,4.8,41.1,0,0,0,F
8.0,72.8,53.6,6.1,94.8,0,1,1,A
1.5,66.0,87.9,5.4,12.6,0,1,1,C
2.3,42.6,30.0,7.7,97.4,3,0,1,F
7.2,49.9,51.5,6.3,23.1,3,0,1,B
7.2,66.7,46.9,8.9,77.3,3,0,1,A
6.4,52.6,46.3,4.3,33.9,2,1,0,F
6.9,43.0,34.8,5.8,14.3,0,0,1,F
5.4,90.6,43.1,6.4,85.8,2,0,0,A
2.5,98.9,68.9,6.5,30.9,0,1,0,B
3.5,87.6,50.4,5.6,65.9,0,1,0,F
1.8,91.2,59.2,7.6,56.6,1,0,0,C
9.1,54.5,56.4,8.4,47.2,0,0,1,B
5.8,97.6,91.3,8.7,49.6,3,0,1,A
4.0,51.8,93.4,8.0,73.2,3,1,0,B
4.6,97.1,64.5,8.3,8.8,3,1,0,C
9.5,99.7,53.1,6.8,66.8,1,0,1,A
1.5,82.7,37.5,8.1,89.6,1,1,0,F
5.9,98.9,96.7,5.5,5.8,2,0,1,A
5.1,74.2,34.2,6.0,14.1,0,0,0,F
6.1,55.6,50.8,5.6,71.7,0,1,1,C
0.2,66.2,50.9,6.3,43.7,3,0,0,F
8.7,75.6,52.4,5.4,40.4,3,0,0,A
9.3,44.4,41.5,8.8,13.7,3,1,0,B
5.7,77.3,84.8,5.6,50.7,3,0,1,B
7.0,98.9,38.6,4.5,12.7,3,0,1,C
9.2,51.4,74.4,6.6,47.7,3,1,1,A
7.1,87.6,38.7,4.3,76.4,0,0,0,B
1.5,94.5,34.9,4.6,25.8,1,0,0,F
5.8,96.6,93.7,5.1,48.1,3,1,0,A
6.1,97.6,43.3,6.3,99.2,0,1,0,C
4.2,71.3,87.5,6.2,68.7,3,1,0,B
7.4,98.6,68.1,8.0,84.1,2,0,0,A
9.3,85.4,35.4,7.7,41.5,2,1,1,B
9.3,49.7,96.9,6.1,76.8,0,0,1,A
4.5,68.6,47.3,5.7,4.1,1,1,1,F
1.1,83.1,90.2,5.6,12.3,2,0,0,F
9.8,54.8,41.8,7.9,20.3,2,0,1,C
8.4,78.4,89.8,4.3,40.2,1,1,0,A
1.2,80.0,30.9,4.1,84.6,2,0,0,F
9.2,49.8,65.8,8.0,34.6,3,0,1,A
8.7,73.9,83.9,6.4,65.5,1,1,0,A
5.2,86.3,95.4,4.7,70.9,2,0,0,B
5.9,69.9,93.6,5.2,58.6,1,0,0,A
4.0,40.7,87.4,8.7,35.7,3,0,0,C
0.5,40.5,92.2,8.3,57.7,2,1,0,C
3.4,61.4,43.9,7.5,34.2,0,1,1,F
8.0,95.6,49.9,6.4,8.4,2,1,1,F
0.0,53.7,50.2,6.6,99.3,2,1,0,C
3.3,78.1,56.4,8.9,12.7,3,1,0,C
4.0,53.3,57.5,8.8,7.2,0,1,1,C
5.4,59.3,68.1,5.1,87.9,0,1,1,B
9.2,90.9,41.2,8.1,30.2,0,1,1,A
3.5,83.7,78.4,5.0,65.0,3,0,0,C
3.5,45.7,41.7,5.1,32.9,3,0,1,F
7.4,65.7,51.7,7.4,39.1,3,0,1,C
4.5,41.8,65.2,6.0,26.2,3,0,0,F
2.2,68.9,85.8,8.7,34.3,3,1,0,B
4.5,79.7,81.8,4.4,41.1,0,0,1,C
1.4,47.1,75.2,6.6,72.0,1,0,0,F
1.8,57.3,40.9,8.6,51.2,3,0,1,F
5.0,63.9,68.3,8.5,94.4,1,0,1,B
4.2,95.2,36.1,4.8,4.2,2,0,0,F
9.1,99.6,56.4,5.8,50.3,2,1,0,A
3.6,42.7,58.9,7.1,58.4,3,1,1,F
5.8,85.7,32.8,4.8,92.0,2,0,0,B
6.3,62.3,49.2,8.8,4.9,1,0,0,F
0.1,63.5,96.9,8.6,57.3,2,0,0,C
6.6,85.3,96.8,4.8,85.4,2,0,0,B
1.8,95.1,54.7,4.6,24.2,1,1,0,F
9.6,97.1,33.0,4.4,87.6,2,0,0,A
1.5,74.6,42.5,8.5,1.9,3,1,0,F
4.1,61.4,57.5,5.0,73.2,1,0,1,C
0.9,87.3,96.3,6.1,93.3,1,1,0,B
10.0,55.1,39.9,6.2,65.7,0,1,1,A
5.0,73.8,83.4,7.0,43.9,0,1,0,B
6.0,61.5,37.6,4.4,4.5,1,0,1,F
0.7,79.4,98.7,5.1,92.0,1,0,0,B
7.5,54.4,56.7,8.7,47.0,0,1,1,A
2.1,51.5,84.3,8.5,2.9,3,0,0,F
9.0,95.1,54.0,7.9,69.0,2,0,1,A
2.1,46.1,73.9,4.1,48.2,2,1,0,C
1.9,70.4,43.4,5.6,12.4,2,0,0,F
0.4,53.3,40.2,7.1,21.4,1,1,1,F
4.7,42.3,95.7,5.4,6.4,3,0,1,B
5.6,42.2,94.2,8.5,57.4,0,0,0,C
0.7,50.5,92.1,7.2,62.2,3,1,1,C
7.8,92.0,73.8,4.4,50.6,3,1,1,A
4.5,56.9,86.6,8.5,81.7,2,1,0,A
5.2,97.0,34.8,8.8,86.1,0,1,1,C
4.4,74.9,53.4,4.4,61.6,3,0,0,C
4.0,66.2,52.0,6.7,1.3,0,0,1,F
5.6,74.8,74.5,5.5,69.5,1,0,0,A
1.6,71.0,54.9,6.0,41.8,2,1,1,F
1.8,85.5,40.4,4.9,56.6,0,0,0,F
8.6,56.9,71.8,6.9,64.9,1,0,0,B
9.5,61.2,87.0,8.8,35.0,1,0,1,B
3.7,93.6,56.7,6.5,91.7,1,1,1,B
2.7,96.8,39.3,4.4,13.4,3,1,0,F
6.4,93.6,43.8,7.1,67.2,3,0,0,C
4.1,65.2,46.6,5.7,0.4,2,0,1,C
0.3,86.8,51.0,8.3,92.5,2,1,1,F
1.6,68.6,75.0,6.2,11.3,1,1,1,C
7.2,69.9,72.1,5.0,9.5,2,1,1,A
6.6,52.3,78.7,5.0,33.3,3,1,1,A
0.3,75.5,55.4,7.8,37.4,2,0,1,F
2.2,51.2,87.7,5.3,21.4,0,1,0,F
2.3,59.9,44.3,7.8,58.5,3,0,1,F
6.7,91.3,62.8,5.0,44.3,1,1,1,A
0.2,52.4,86.1,5.6,3.4,1,0,1,F
1.0,44.3,42.6,6.3,32.0,2,0,1,F
8.0,44.1,37.7,8.7,81.0,3,1,0,C
1.8,96.4,91.9,8.7,69.0,1,0,0,F
6.5,70.4,54.0,5.0,72.5,1,0,0,C
2.4,64.6,77.9,5.8,69.8,3,0,0,B
1.0,88.7,31.8,4.7,31.1,3,1,1,F
2.4,90.1,78.3,6.5,10.0,1,1,0,C
7.2,59.9,52.1,6.3,27.2,2,1,1,B
8.6,81.6,33.9,8.5,83.2,2,0,1,A
8.3,86.3,72.7,8.7,98.0,2,0,0,A
4.0,79.3,46.9,5.9,49.4,0,0,0,F
6.7,49.1,57.1,6.5,1.0,3,0,1,F
2.0,92.6,35.6,8.5,14.0,1,1,0,C
2.9,72.3,40.3,8.0,32.2,0,0,0,C
9.0,56.9,50.9,4.0,57.9,2,0,1,B
0.1,65.5,36.3,5.6,7.5,0,0,1,F
0.9,42.3,93.8,6.1,94.3,1,1,1,B
2.1,47.7,30.4,5.1,36.5,1,0,1,F
0.3,85.9,63.9,5.0,91.3,3,1,1,C
1.8,40.0,38.6,4.2,78.1,2,1,0,F
5.8,65.0,51.5,7.2,75.5,2,0,1,B
4.2,71.4,94.8,5.3,60.7,0,0,1,C
8.9,43.3,41.3,4.3,62.7,2,0,1,C
8.2,98.4,97.6,5.2,63.8,0,0,0,A
3.4,53.6,44.4,8.0,62.9,1,1,1,C
2.6,58.3,81.9,8.3,55.4,1,1,1,B
3.8,58.2,68.3,6.4,98.6,1,1,0,B
5.9,53.8,91.9,6.1,73.2,1,1,1,A
2.7,40.1,68.8,8.9,77.7,1,1,1,C
6.2,83.8,67.4,5.0,87.2,0,1,1,C
4.1,98.0,43.7,5.1,21.6,1,1,0,F
5.5,53.5,41.6,5.5,8.4,0,1,0,F
4.4,79.8,94.2,4.9,48.3,1,1,1,B
2.9,84.5,52.9,5.9,51.4,0,1,1,C
9.5,90.9,56.0,8.6,82.9,0,0,1,A
7.6,65.4,83.2,7.1,44.4,0,0,0,A
1.4,58.2,53.7,6.1,57.1,2,0,0,F
8.7,59.5,96.6,8.7,52.7,0,1,0,A
4.9,82.8,81.7,4.2,3.8,0,0,0,F
8.9,89.0,71.8,5.1,61.5,1,1,0,A
8.0,50.9,91.7,6.8,82.8,0,1,0,A
4.3,62.3,33.5,7.1,15.8,0,0,1,F
0.2,94.1,48.0,4.2,59.4,3,1,0,F
2.7,88.4,62.6,6.0,59.4,2,0,1,C
5.4,99.1,45.9,7.2,16.4,3,1,0,B
6.3,85.3,82.1,7.5,12.3,1,1,1,C
2.6,63.6,94.3,7.2,98.0,2,0,0,A
1.4,75.4,59.7,5.6,39.4,2,0,1,C
8.3,79.7,53.9,4.5,22.7,3,0,1,B
9.8,44.7,97.3,6.1,17.1,2,0,1,A
5.3,72.7,61.1,4.6,66.8,3,0,0,C
1.7,82.6,64.2,8.7,60.9,0,0,0,F
2.7,50.0,54.6,6.4,64.4,3,1,0,F
0.2,86.8,93.7,5.6,8.8,2,1,1,B
9.1,75.0,69.8,7.8,89.4,2,1,1,A
1.2,97.1,83.4,6.5,38.9,1,1,1,B
5.8,42.5,86.8,5.6,31.3,1,0,0,C
2.7,55.9,53.9,8.1,46.2,1,1,0,F
5.5,76.1,60.4,8.3,39.0,1,1,1,A
6.5,57.8,89.4,7.4,86.4,2,0,0,A
8.3,82.9,55.4,4.2,92.9,1,1,0,A
2.1,85.5,85.6,6.8,30.3,3,0,0,C
0.1,46.2,95.9,7.8,86.4,0,0,0,C
1.4,70.8,73.6,4.7,78.2,2,0,1,C
9.0,70.5,81.9,5.1,93.1,1,1,0,A
8.7,62.2,86.4,8.4,24.6,2,0,0,A
6.0,96.0,89.2,4.1,57.7,1,1,1,A
6.0,89.7,57.7,7.8,27.5,2,1,1,A
6.7,81.8,33.6,6.4,82.4,1,1,0,B
1.8,82.9,58.1,6.2,0.5,0,0,0,F
9.1,67.7,77.2,4.0,56.5,1,0,0,B
4.2,95.3,61.5,8.1,33.9,3,0,0,C
3.8,81.7,82.4,5.8,32.3,2,1,1,C
5.2,83.7,55.0,6.7,64.5,2,1,1,A
0.5,91.7,74.4,7.4,85.1,3,0,1,F
1.7,56.4,43.0,7.5,60.9,3,1,0,B
7.4,88.4,82.5,8.8,85.3,0,0,0,A
0.8,51.7,68.2,6.7,26.5,2,0,1,F
6.0,60.7,44.3,6.0,52.0,0,1,0,C
2.5,60.1,50.4,8.8,45.1,2,1,1,C
3.9,98.7,82.4,7.2,1.2,2,0,1,C
2.9,91.4,63.8,5.5,55.7,0,1,1,C
3.6,82.1,45.1,4.6,66.2,2,0,1,C
7.2,83.6,97.7,8.2,59.2,2,0,1,A
3.0,73.7,80.1,5.8,73.6,0,1,1,B
5.7,96.8,97.0,7.3,57.1,1,0,1,B
4.8,69.8,59.9,6.4,6.7,0,1,0,F
6.6,62.8,63.3,5.0,11.6,2,0,1,C
9.4,49.8,92.9,7.0,59.6,3,1,1,A
7.3,87.2,66.8,4.3,27.5,1,1,0,B
2.1,84.1,79.5,6.1,8.0,3,0,1,B
0.3,63.1,47.7,6.7,43.0,1,1,0,F
2.6,41.5,61.3,6.2,55.4,3,1,1,C
6.0,90.3,38.6,7.7,32.9,1,0,0,B
0.5,40.7,44.4,8.1,72.0,0,1,0,F
5.0,82.2,30.1,7.9,64.4,1,0,0,C
6.0,98.2,32.7,4.2,33.3,1,1,1,C
3.3,66.3,98.4,5.0,75.5,1,0,0,B
7.7,54.1,47.0,6.7,64.9,2,0,1,B
1.1,82.3,76.4,8.7,63.7,3,0,1,B
0.8,89.0,88.7,8.2,55.3,0,0,1,C
7.3,72.8,68.5,8.2,1.1,3,1,1,B
5.0,98.0,40.7,5.5,69.7,3,0,1,B
6.9,43.1,81.0,6.1,37.6,0,1,1,B
4.3,70.3,72.0,6.4,94.3,2,0,1,A
2.5,83.1,81.2,4.8,81.8,1,1,0,F
8.2,91.8,83.9,4.2,58.8,2,0,1,A
8.0,50.8,98.3,8.7,25.2,2,1,1,A
6.9,88.0,70.1,5.2,20.4,1,1,0,C
2.7,73.2,53.9,5.2,34.0,3,0,1,F
5.9,63.8,75.4,4.4,47.7,1,0,0,C
3.6,47.9,34.8,8.6,29.6,0,0,0,F
0.9,91.9,92.8,6.9,51.5,1,1,1,C
9.2,49.4,38.4,7.3,16.5,3,1,1,B
1.4,58.6,52.9,8.6,97.8,2,1,0,B
9.5,57.4,87.1,5.7,10.8,2,1,1,A
4.5,92.3,71.8,7.1,93.2,1,0,0,A
1.9,80.4,57.6,4.2,91.4,0,0,0,C
5.4,87.8,63.1,4.9,52.5,3,0,1,A
8.7,55.0,89.8,8.2,72.5,2,0,0,A
7.3,77.5,53.8,7.8,43.6,1,1,1,B
8.1,74.3,90.9,5.8,63.0,0,1,1,A
6.6,90.0,36.2,5.9,34.1,0,0,0,C
6.9,94.4,84.4,6.7,30.1,2,1,0,A
8.5,40.7,89.3,4.0,57.8,2,0,1,A
2.5,80.4,42.7,5.2,49.8,3,1,1,B
4.9,43.1,60.1,5.0,58.0,0,1,1,C
2.2,72.9,41.6,5.3,28.7,3,1,0,F
9.9,57.3,79.5,8.0,36.7,0,1,1,A
9.4,58.4,67.5,5.4,8.4,0,1,0,A
0.4,61.2,74.5,5.0,5.2,1,1,0,F
7.1,77.3,43.8,6.5,25.3,2,0,0,C
9.3,60.0,44.8,8.3,7.4,0,1,1,C
1.8,84.0,32.9,5.2,10.4,3,0,0,F
5.7,64.3,52.5,4.4,81.3,2,0,1,C
9.2,44.1,69.2,5.8,3.9,3,0,0,C
0.3,87.0,90.1,7.7,65.9,2,0,1,C
7.0,57.1,76.7,6.8,27.3,2,0,1,C
3.0,66.0,60.5,8.1,87.2,0,0,0,B
9.2,81.1,96.7,8.8,48.5,1,1,1,A
9.7,59.9,80.3,8.0,30.6,0,1,0,A
9.4,43.4,95.1,7.0,51.8,2,1,0,A
4.7,62.4,66.9,6.5,38.2,0,0,0,B
8.6,96.7,48.1,4.2,56.4,0,0,0,C
8.4,78.5,33.7,8.9,11.5,2,0,0,F
3.2,80.3,80.8,5.9,99.7,2,1,0,B
8.3,77.9,38.5,4.8,42.6,0,1,0,C
0.4,51.9,51.2,7.3,34.8,0,1,1,F
6.0,65.1,67.3,5.4,71.0,0,0,0,C
2.3,85.1,69.5,6.9,36.4,3,0,0,C
1.2,46.1,72.0,6.9,83.3,0,0,1,F
0.8,56.7,41.6,6.2,45.4,3,1,1,F
7.0,56.6,56.6,8.2,72.0,1,0,0,F
3.4,65.9,73.2,5.3,10.7,3,0,0,F
7.2,98.8,97.9,6.2,84.6,0,0,0,A
0.7,44.1,80.9,6.7,73.6,1,0,1,F
3.2,71.1,94.6,7.3,21.2,3,1,0,C
5.4,50.8,83.4,7.9,14.5,3,1,1,B
7.9,98.2,71.4,6.0,31.6,2,0,0,B
3.2,46.8,43.4,7.2,97.6,1,0,0,F
6.3,64.2,76.7,4.8,25.7,2,1,1,C
8.9,84.3,73.6,8.7,45.6,1,1,0,A
6.2,82.3,72.2,5.9,3.0,3,0,0,C
2.3,65.4,64.3,7.6,39.7,2,1,0,F
0.2,60.8,67.0,4.1,57.1,0,1,1,F
8.7,63.9,53.4,5.0,95.3,3,0,0,A
0.2,55.9,66.4,6.4,51.7,1,1,0,F
8.7,52.3,43.8,8.4,81.9,1,1,1,A
5.3,69.0,86.4,6.6,54.7,2,1,1,B
9.4,56.1,43.0,8.6,4.1,2,1,0,B
8.0,57.2,35.9,6.4,31.5,1,0,0,C
10.0,79.4,60.5,6.5,57.6,3,1,1,A
3.5,98.1,76.1,4.6,95.1,2,1,0,A
7.7,76.2,60.6,8.0,85.9,0,0,0,A
4.0,44.6,49.4,5.2,22.8,1,1,1,C
4.8,44.5,69.1,8.5,22.0,0,0,0,F
6.3,97.1,54.3,8.6,20.1,1,0,0,B
8.7,57.8,95.3,8.7,92.2,0,1,1,A
9.8,45.5,94.6,6.6,85.3,3,1,0,A
7.7,75.9,65.2,7.4,77.5,1,1,0,A
4.2,77.4,53.0,7.9,39.3,3,1,0,C
4.2,78.9,81.6,4.7,50.4,2,1,1,B
7.4,56.0,32.6,7.0,46.4,1,0,0,C
2.4,40.9,63.2,4.2,25.3,3,1,1,F
1.1,97.9,53.5,6.5,50.5,0,0,1,F
3.5,55.1,94.4,4.8,3.0,3,1,0,C
2.9,80.6,30.8,4.9,13.2,1,0,1,F
3.0,82.4,68.7,5.8,88.7,3,1,0,A
2.3,76.6,81.8,6.2,75.2,0,1,0,B
0.4,58.8,64.0,7.1,42.3,0,1,0,F
0.2,56.3,36.0,4.4,51.7,0,1,1,F
9.9,75.9,98.1,6.5,37.0,2,1,0,A
4.3,92.0,66.3,4.9,74.1,1,0,0,B
3.8,96.8,73.0,6.9,78.4,0,1,0,B
6.8,46.4,46.6,7.2,76.3,2,1,1,B
2.2,49.3,63.8,6.8,72.3,0,1,1,C
9.5,96.7,60.0,7.7,20.5,3,0,0,A
7.9,84.2,35.2,5.7,33.8,1,1,0,B
0.9,93.0,37.4,7.8,47.0,3,0,0,F
4.2,52.2,88.6,6.2,33.1,2,1,0,F
8.8,75.3,46.8,6.4,75.5,3,0,1,A
9.4,82.1,43.6,7.2,32.9,3,1,1,A
4.7,80.8,65.3,4.1,13.8,0,1,1,B
6.1,64.5,83.8,7.3,39.9,3,0,1,A
1.7,40.9,34.3,7.1,98.0,0,1,1,C
9.9,75.0,70.4,5.5,22.6,0,0,1,A
2.3,55.2,38.3,4.4,61.2,1,1,1,F
9.4,67.0,32.6,4.5,43.3,2,1,0,C
6.5,97.5,33.7,8.6,7.1,2,0,0,C
6.1,63.9,88.4,7.4,48.8,2,1,0,A
5.1,90.4,38.3,4.6,70.2,0,0,0,C
2.3,51.3,33.2,5.8,51.3,2,0,0,F
1.8,80.3,60.7,7.0,87.2,0,1,0,C
2.2,98.6,89.1,8.2,28.9,1,1,1,B
1.9,46.1,48.4,4.2,8.6,2,1,0,F
7.8,40.5,59.5,5.2,93.7,0,0,1,B
3.5,66.0,32.8,8.4,37.8,2,0,0,C
0.6,45.6,61.4,4.0,57.6,2,1,1,F
9.7,84.9,70.4,5.0,79.2,1,0,1,A
8.8,94.9,70.0,8.8,32.4,3,0,0,A
9.3,66.0,53.3,7.1,71.6,2,0,0,C
9.9,55.5,52.1,5.3,13.5,1,0,0,B
1.7,66.1,37.5,4.3,29.1,2,1,0,F
4.0,83.4,55.7,4.1,14.5,2,1,0,F
7.6,40.5,37.0,5.2,81.1,2,1,1,C
7.0,75.4,83.7,8.4,22.3,2,0,0,B
1.5,76.8,97.6,6.1,71.7,3,0,1,A
8.2,78.3,97.9,7.6,94.3,3,0,1,A
2.2,54.5,90.6,8.6,52.8,2,0,1,C
2.2,82.8,72.1,6.0,54.0,2,1,0,C
5.4,45.5,79.1,5.0,46.1,1,0,0,C
5.9,52.0,50.0,6.6,32.6,1,0,0,F
5.8,92.6,74.2,8.5,47.6,0,1,0,C
0.9,84.3,61.9,8.0,60.3,3,1,0,C
8.8,40.8,63.7,4.3,98.6,2,1,0,A
2.7,54.9,83.0,7.5,93.8,3,0,1,A
1.3,52.9,49.7,6.9,86.2,1,0,0,F
8.9,56.2,52.3,8.5,88.9,3,0,1,A
9.6,54.9,94.7,4.6,46.8,3,0,1,A
8.6,43.8,33.9,6.7,65.7,2,0,0,F
8.1,67.5,64.0,8.4,89.5,2,0,0,A
6.6,84.0,93.9,6.1,39.3,1,1,0,A
5.5,76.4,72.7,6.4,96.2,2,0,0,C
0.9,80.4,68.2,4.4,41.6,1,1,0,F
4.1,44.9,47.5,5.4,60.1,1,1,0,F
3.7,97.1,54.0,5.6,71.0,0,1,1,B
2.6,90.3,89.6,8.7,95.1,0,0,1,B
7.2,88.3,69.1,5.4,24.5,0,0,1,B
5.0,89.4,66.0,6.3,74.6,3,1,1,A
0.8,96.0,37.0,7.4,52.1,0,0,1,F
2.2,72.7,31.1,4.8,26.9,2,0,1,F
6.8,52.0,97.5,6.4,77.7,2,1,0,A
0.8,77.0,56.4,7.7,55.2,0,0,0,F
8.5,84.6,72.2,8.3,66.1,3,0,0,A
5.0,84.3,35.6,7.1,32.3,1,0,1,C
4.8,71.3,77.8,7.3,48.1,3,0,1,B
5.9,44.1,95.3,4.6,61.7,3,1,1,A
8.2,62.3,70.3,8.7,40.5,1,1,0,B
3.5,95.2,38.8,4.7,19.8,1,0,0,C
6.8,75.1,70.7,7.9,96.2,1,0,0,B
5.7,72.3,83.6,5.3,51.1,2,0,1,C
2.7,56.1,58.4,8.7,73.4,1,1,1,C
8.8,62.1,91.6,7.6,41.1,1,0,1,A
8.0,93.7,75.4,7.8,35.5,3,0,0,A
6.6,80.0,92.9,5.1,40.7,3,1,1,A
8.5,87.2,73.6,6.2,40.9,0,0,0,B
8.7,67.3,39.2,7.1,54.4,3,1,0,B
7.1,77.8,51.7,7.8,54.3,1,0,0,B
8.4,54.9,44.1,4.5,49.7,2,1,0,B
7.0,82.3,93.6,8.8,13.5,3,0,0,A
6.8,65.7,83.2,8.5,49.6,3,0,0,A
6.2,66.6,77.3,5.4,16.9,1,1,0,C
7.5,79.0,51.1,8.1,12.6,3,1,1,B
1.6,96.2,42.9,6.6,93.3,3,1,0,C
8.8,43.8,83.0,6.3,60.5,1,1,1,A
8.7,89.5,63.2,5.6,65.9,3,1,0,C
0.3,57.5,45.8,6.9,40.2,2,0,0,F
8.3,66.6,73.2,7.6,90.9,0,1,0,A
1.3,41.3,32.8,6.1,63.8,3,1,1,F
3.4,58.1,52.8,7.1,76.9,2,1,0,C
7.4,70.2,62.8,7.5,36.9,3,1,0,B
1.6,43.4,40.4,7.6,96.0,0,0,1,F
8.2,69.5,98.9,4.3,82.0,1,0,1,A
8.3,95.6,44.6,8.3,85.4,0,0,1,B
5.1,46.3,39.1,6.3,17.2,3,0,1,F
0.1,85.9,44.2,5.3,27.1,0,0,0,F
2.9,64.6,83.8,5.2,28.6,0,1,0,C
6.2,79.3,59.8,6.4,27.1,1,0,1,B
9.8,55.6,69.6,8.4,85.5,3,0,0,A
6.3,49.6,31.5,5.9,3.2,0,1,1,F
2.6,49.6,32.4,7.7,7.6,0,1,1,F
6.3,44.2,61.2,4.5,27.4,1,0,1,F
5.4,51.1,87.2,6.4,20.0,2,0,0,C
7.8,79.9,92.0,9.0,23.2,3,1,1,A
1.1,92.9,36.1,7.9,79.8,2,0,0,C
7.6,88.8,67.7,5.1,56.3,2,1,0,B
5.4,81.1,93.9,6.5,0.6,1,1,0,B
9.6,46.6,57.2,5.2,42.9,1,0,1,A
3.4,57.4,88.1,6.0,40.8,3,0,0,F
6.3,58.6,39.4,7.9,11.4,2,0,1,F
9.3,55.0,95.5,7.9,67.6,0,1,0,A
1.0,70.9,82.6,5.1,70.2,2,1,0,F
9.4,72.1,95.9,8.6,72.1,1,0,0,A
6.9,61.4,77.4,7.0,72.8,0,0,1,A
0.7,61.2,55.4,5.9,0.0,0,0,1,F
3.0,89.7,95.7,6.5,95.4,1,1,1,A
7.1,87.4,49.3,7.0,81.4,0,1,1,A
0.7,58.5,53.3,6.8,90.4,2,1,0,F
5.8,94.8,79.1,6.4,1.6,1,0,0,C
3.5,97.2,83.6,6.5,93.4,3,1,1,A
6.2,59.6,95.1,4.9,81.0,1,1,1,A
0.5,61.3,44.3,8.1,83.7,3,0,1,F
8.7,70.3,85.9,6.7,9.3,3,1,1,B
9.7,96.5,81.7,4.7,73.9,1,0,0,A
9.7,92.6,34.5,7.8,96.0,1,1,1,A
7.5,46.2,57.1,8.7,67.9,3,0,1,B
1.3,63.6,49.8,8.7,57.1,3,0,0,F
7.6,73.2,51.3,5.8,94.6,0,1,1,A
0.2,70.2,98.8,4.7,44.3,1,0,0,F
0.2,51.6,75.0,6.6,59.9,1,1,1,C
3.2,91.5,80.2,4.6,47.6,0,0,0,C
4.9,80.6,98.4,8.7,93.3,1,0,1,A
7.7,90.3,56.4,4.9,7.6,0,0,1,C
6.8,91.5,86.1,5.3,50.1,0,1,1,A
4.5,84.9,60.4,6.0,68.7,1,0,1,A
2.7,66.4,90.9,5.9,79.2,2,0,1,A
10.0,76.6,42.6,8.0,58.3,3,1,0,A
4.3,49.6,96.3,6.3,90.9,1,0,1,B
4.5,80.4,45.3,4.9,94.2,2,0,0,C
1.6,50.8,52.8,5.3,6.4,0,0,0,F
7.9,81.6,82.9,6.5,40.2,2,0,0,A
6.9,53.8,57.6,4.7,2.3,1,1,0,F
2.2,47.1,72.6,7.1,32.9,1,0,1,F
0.8,49.9,61.1,6.8,53.7,2,0,1,F
6.8,40.1,82.0,7.6,91.1,1,1,1,A
6.5,83.1,46.0,8.7,84.7,3,0,1,C
2.7,83.9,34.1,8.6,12.7,2,0,0,F
9.5,70.9,51.0,8.7,9.3,0,1,0,C
1.5,49.7,63.2,5.2,58.9,2,1,0,C
4.3,45.0,41.8,4.7,53.2,2,1,1,F
9.4,41.1,54.8,5.5,26.6,2,1,1,B
4.2,49.9,58.0,8.5,89.9,2,0,1,B
6.4,93.5,34.0,8.9,92.7,0,1,1,A
4.0,54.5,70.8,8.3,40.3,0,0,0,C
2.7,61.3,91.9,4.6,89.0,0,1,1,B
9.8,46.3,40.6,8.7,38.4,2,0,1,B
4.1,53.3,71.8,6.1,73.7,3,1,0,C
8.9,71.2,76.5,4.0,47.6,3,1,0,A
2.3,76.5,59.4,6.2,12.3,0,0,1,F
2.1,54.7,79.1,4.2,92.8,3,1,1,B
0.3,43.5,58.8,6.7,45.4,3,1,0,F
6.5,63.5,65.3,5.7,73.4,3,1,1,A
3.7,54.1,30.5,6.4,36.7,3,0,0,F
8.6,53.2,78.4,7.1,1.9,3,1,0,A
4.7,97.6,76.3,8.3,10.1,1,1,1,B
9.7,77.0,32.7,7.3,49.6,0,0,0,B
1.9,73.4,55.8,6.2,69.0,2,0,1,C
8.7,64.9,98.5,8.1,33.5,3,1,1,A
7.8,65.7,59.5,8.5,69.5,1,0,1,A
7.7,72.5,65.1,4.6,69.9,2,0,1,A
8.4,81.8,93.7,6.7,70.4,1,0,0,A
7.6,82.1,80.2,5.4,49.3,3,1,1,A
6.3,50.3,70.7,4.2,91.5,3,1,1,B
1.3,70.0,85.8,7.3,48.9,3,0,0,C
0.3,64.7,90.5,8.3,45.0,3,1,1,B
9.2,92.2,62.0,4.8,19.9,2,0,1,B
6.2,77.9,63.3,8.1,30.8,2,1,1,A
8.0,72.0,57.0,8.3,4.2,1,0,1,B
4.8,46.9,97.7,8.6,63.4,0,1,0,B
1.2,76.3,78.8,5.3,24.9,3,0,0,C
1.3,47.0,35.8,8.5,30.4,1,1,1,F
6.9,60.2,90.4,5.6,77.1,1,1,0,B
4.3,48.6,63.6,6.8,32.7,1,0,0,F
2.0,81.5,34.8,4.3,24.2,3,1,0,F
4.9,52.4,68.5,4.2,16.9,3,1,0,C
0.6,63.5,59.2,7.6,77.5,1,1,1,C
5.8,93.7,91.4,6.2,13.0,3,1,0,A
2.7,52.3,44.3,5.3,45.4,1,1,1,F
8.0,70.5,87.9,5.0,50.7,2,1,1,A
3.1,65.2,69.0,7.3,68.7,3,1,0,C
4.6,41.1,33.8,4.0,63.3,2,1,1,C
0.1,87.6,98.0,8.0,81.1,0,0,0,C
0.7,44.1,65.9,4.4,4.5,3,1,1,F
3.9,68.5,50.4,5.0,29.6,0,0,1,C
4.8,73.6,62.9,5.9,28.0,1,1,0,B
6.0,77.7,90.1,6.4,14.6,3,0,1,A
2.9,81.3,51.3,5.8,28.9,3,1,0,C
6.9,55.2,43.5,5.6,31.0,3,0,1,B
8.6,40.6,39.0,8.8,52.2,0,0,1,B
7.8,83.4,50.9,7.2,66.4,0,1,0,B
0.4,72.1,84.6,4.1,38.1,1,0,0,C
4.8,90.2,63.0,6.2,71.9,2,1,0,B
1.0,89.3,45.9,8.4,33.6,2,1,1,C
2.4,90.6,41.6,5.5,29.0,0,0,0,F
9.9,69.1,53.3,4.5,54.1,3,1,0,A
1.4,60.0,95.8,7.8,2.4,2,0,0,F
5.0,87.5,54.0,7.0,8.0,2,0,0,F
6.2,67.1,99.2,6.9,41.8,0,1,1,A
7.0,51.0,64.0,4.3,94.3,1,1,1,B
5.6,91.3,42.5,4.7,72.2,0,1,1,A
0.1,93.0,92.4,7.1,8.8,0,1,1,C
3.3,68.0,62.2,5.0,84.6,3,1,1,A
5.2,44.5,79.7,6.5,73.2,0,0,1,B
0.9,63.3,98.9,6.7,61.1,3,0,0,C
3.5,88.2,33.5,5.4,82.0,1,1,1,B
0.3,94.1,36.8,8.7,40.4,3,1,0,F
0.8,52.2,80.4,8.2,22.2,1,1,0,F
4.0,44.0,49.7,7.6,51.2,1,0,0,F
1.3,92.6,42.9,4.4,54.9,1,0,0,F
5.7,63.4,32.8,4.5,53.8,0,0,1,C
6.9,72.5,31.5,6.5,56.5,3,1,1,C
8.0,98.1,84.2,4.8,94.9,2,1,1,A
2.0,44.0,39.4,8.9,90.2,0,0,0,C
1.7,78.9,62.7,4.8,87.6,1,1,1,B
1.0,44.4,72.4,6.4,80.1,2,1,1,C
6.4,62.5,60.0,5.8,94.3,0,0,1,B
7.1,88.2,31.9,7.2,9.8,2,0,1,C
0.3,66.0,84.8,4.6,26.5,1,1,1,C
9.4,99.8,30.7,6.2,49.5,2,0,1,B
0.5,73.5,83.3,5.4,84.7,2,1,0,B
5.4,59.3,92.5,8.4,50.5,1,0,0,B
7.1,53.2,60.3,4.2,74.8,2,0,1,B
8.7,61.0,67.5,8.6,13.9,0,1,0,B
7.1,62.4,63.4,8.2,25.2,2,1,0,C
8.0,44.1,57.2,5.5,73.2,3,0,1,B
3.4,62.2,92.1,7.9,16.5,0,1,0,C
8.1,67.9,92.6,4.2,35.1,2,0,1,A
0.8,83.4,53.5,8.8,26.5,3,1,0,C
8.9,79.4,73.1,6.6,35.0,3,0,1,A
5.5,82.5,94.9,5.5,70.8,3,0,0,A
8.2,40.5,97.3,5.8,36.8,2,0,0,A
4.5,53.1,65.6,4.3,55.5,1,1,0,C
6.4,79.7,61.7,8.9,10.0,3,0,0,B
5.3,69.0,49.5,4.2,80.5,1,0,1,B
7.3,40.3,97.1,7.3,37.0,0,0,0,A
0.8,88.3,40.0,6.2,64.9,1,0,1,F
0.6,86.4,70.6,8.7,72.5,1,1,1,C
2.5,72.9,49.8,5.2,21.0,1,1,0,F
1.6,44.0,49.5,6.7,88.5,1,0,0,F
8.7,86.0,58.3,6.4,61.6,1,0,1,A
2.2,75.0,99.9,7.5,42.9,0,1,0,C
9.8,86.9,33.8,4.3,18.2,0,0,1,A
3.4,85.1,70.5,5.0,94.2,1,1,0,A
1.8,88.2,35.8,5.1,75.5,1,0,1,F
7.9,71.1,40.8,7.7,20.8,3,1,0,B
6.6,48.4,60.8,4.9,33.8,0,0,0,F
5.0,80.3,65.7,6.9,81.0,2,1,1,A
5.6,77.2,48.1,5.1,69.6,0,1,1,C
7.2,84.5,52.2,8.3,76.6,2,1,1,A
2.3,50.2,36.1,8.7,44.1,3,0,0,F
10.0,51.7,51.2,6.6,71.6,1,1,0,A
9.7,93.4,97.7,5.8,38.6,3,1,0,A
6.5,85.0,96.1,5.2,21.1,1,0,0,B
2.0,94.5,53.4,4.2,63.3,0,0,1,F
6.8,85.5,70.0,5.3,97.6,1,0,1,B
0.7,75.8,93.7,7.3,31.1,2,0,0,F
0.3,79.2,30.4,6.7,46.1,2,1,0,F
2.6,93.3,86.7,8.7,67.4,3,0,0,C
4.6,74.7,96.4,6.0,54.2,0,0,1,B
8.7,77.9,36.4,7.5,84.3,2,0,1,A
7.3,49.4,41.3,6.4,76.2,3,0,0,A
7.4,68.4,97.3,6.6,5.8,0,0,1,A
4.3,83.0,67.6,5.3,99.8,0,0,0,C
3.5,56.3,31.0,6.3,75.2,3,0,0,F
3.7,52.1,48.0,6.4,86.4,2,1,1,C
9.9,58.8,61.5,7.5,65.1,2,1,1,A
0.4,54.5,78.5,8.7,85.6,3,1,1,B
8.7,52.9,81.3,5.6,11.2,2,1,1,A
5.8,65.5,99.7,4.2,34.8,3,1,0,A
4.4,94.5,50.1,6.5,87.6,2,0,1,B
7.3,70.4,67.7,6.7,20.2,2,0,1,A
4.9,51.3,67.3,4.8,7.8,3,0,1,F
8.7,44.6,58.4,7.8,78.8,3,0,1,B
9.0,81.8,41.8,8.9,83.5,2,1,0,A
4.2,63.0,98.4,8.7,16.3,3,1,0,C
2.8,89.3,89.7,5.0,85.4,2,0,1,B
5.9,79.6,64.9,8.4,68.7,1,0,1,B
9.1,87.8,72.2,7.5,52.0,0,1,0,A
2.1,56.3,45.9,6.3,83.0,0,1,0,C
6.2,81.5,68.1,6.7,41.9,2,1,1,A
6.3,55.8,78.6,8.2,19.4,0,0,0,C
7.3,96.3,66.1,6.4,28.5,2,0,0,A
1.3,78.2,99.3,5.9,50.5,3,1,0,B
7.2,59.5,72.8,6.5,53.1,1,1,0,A
9.1,56.2,56.0,6.9,80.6,0,0,1,A
1.8,51.5,84.1,4.9,79.1,0,0,0,F
2.4,81.7,41.9,8.5,58.1,3,0,0,F
9.7,53.1,56.9,7.4,78.1,1,0,1,A
1.8,75.7,54.3,7.2,19.2,1,1,1,C
8.5,55.9,60.2,4.5,5.0,1,1,1,B
4.9,79.7,84.7,7.0,87.4,3,1,0,A
2.5,88.9,63.9,4.6,7.6,0,0,1,C
8.7,86.7,85.6,4.4,24.7,0,0,0,C
4.5,85.7,70.4,6.6,69.5,1,0,1,B
5.1,51.3,53.9,6.0,40.9,3,1,0,C
3.6,45.3,86.7,6.9,87.6,3,1,1,A
5.9,81.9,46.7,4.4,29.8,3,1,1,B
1.6,62.1,45.7,6.2,1.2,1,0,0,F
3.9,65.9,65.3,4.9,30.1,3,0,1,C
9.7,41.9,48.3,8.9,57.8,1,1,1,A
2.6,55.6,30.6,6.8,37.6,1,0,1,F
6.6,42.0,75.4,7.4,53.5,1,1,1,B
3.3,92.8,65.8,5.6,87.7,2,1,1,A
7.7,54.6,61.2,4.5,91.2,1,1,0,C
1.3,73.4,97.7,8.9,26.6,3,1,0,C
9.7,42.3,70.0,5.4,46.2,2,0,1,A
4.5,80.0,90.4,6.1,54.9,0,0,1,A
2.4,59.4,39.8,7.2,94.9,0,0,0,F
0.7,93.9,69.8,4.1,99.9,3,0,0,C
1.7,93.3,90.8,8.1,23.5,3,0,1,C
5.2,59.5,70.8,6.7,72.7,3,0,0,C
3.4,94.1,80.3,5.4,37.8,3,1,1,A
8.3,99.8,56.0,4.3,0.8,2,0,1,B
4.3,89.5,36.5,4.8,0.9,3,0,1,F
2.5,90.7,62.1,8.5,46.1,1,0,1,C
6.2,54.9,57.6,7.4,48.8,0,1,0,B
7.1,74.6,90.7,5.2,2.3,3,0,0,B
1.7,44.0,47.1,4.3,68.7,1,1,0,F
1.7,45.7,97.7,7.5,29.4,3,0,1,F
0.4,99.9,97.1,6.9,56.0,1,0,0,F
7.4,59.6,47.3,6.0,30.1,2,0,1,C
6.6,84.9,54.4,5.8,16.7,0,1,1,C
4.7,88.4,92.7,5.1,40.7,0,1,0,A
8.4,91.5,97.7,7.3,23.2,2,0,1,B
8.1,99.9,61.0,8.9,53.5,1,0,1,A
5.9,54.5,52.5,4.9,19.9,3,0,1,C
8.7,42.4,66.8,7.0,50.8,1,1,0,B
2.1,64.7,78.1,6.1,15.7,0,1,1,F
1.1,47.8,49.1,6.2,67.1,2,0,0,F
2.7,41.3,81.6,5.3,75.4,2,1,1,C
0.6,61.6,33.6,8.1,11.0,1,1,0,F
5.3,87.0,33.5,6.4,46.8,1,1,1,B
9.4,74.0,57.0,6.7,7.1,2,1,0,B
0.4,58.8,54.7,5.5,59.8,0,0,0,F
1.2,79.3,52.1,4.9,26.4,3,0,1,F
4.5,53.9,64.4,4.4,52.8,3,1,1,B
9.3,40.9,52.5,7.6,51.7,1,1,1,C
3.2,85.9,43.5,5.0,92.4,2,1,1,C
5.1,77.4,51.7,7.5,54.9,2,0,0,B
0.4,85.7,98.2,6.0,58.3,2,0,1,C
1.5,42.3,58.8,6.1,40.2,0,1,0,F
9.9,90.2,61.1,6.3,94.9,1,1,1,A
9.7,77.2,70.4,5.8,77.7,1,1,0,A
0.0,73.8,98.8,4.5,28.5,1,1,0,F
9.5,77.5,46.9,5.5,84.4,0,0,0,B
6.4,91.9,77.7,7.3,43.2,1,0,1,B
8.7,75.2,80.1,7.3,82.9,3,0,1,A
4.5,74.9,72.5,5.4,82.3,1,0,0,B
5.2,99.4,36.2,6.3,18.9,1,0,0,F
4.9,85.4,77.4,5.0,70.1,1,0,0,B
6.7,66.5,34.5,5.1,29.1,0,1,0,C
1.4,82.4,71.7,4.1,29.7,3,1,0,F
0.3,63.4,81.8,8.5,29.6,3,0,1,C
3.1,53.7,44.8,5.1,72.6,2,0,0,F
7.0,75.8,88.9,5.1,23.0,2,0,1,A
2.0,95.7,32.1,5.4,0.1,3,1,1,F
6.7,95.7,89.1,4.6,71.5,1,1,1,A
9.7,60.5,62.2,7.2,17.1,1,1,0,A
0.9,71.7,45.2,4.4,10.4,1,1,0,F
6.7,52.7,39.4,4.7,23.8,0,0,0,C
4.4,99.7,96.7,7.2,38.0,1,1,0,A
8.7,98.9,35.1,5.7,47.6,0,0,1,A
1.8,79.0,43.9,7.5,4.5,3,1,1,F
6.9,88.3,54.3,6.8,97.1,1,1,1,A
8.4,82.9,73.4,5.3,71.6,1,1,0,B
9.4,75.6,68.1,7.3,32.3,2,1,0,A
6.8,43.2,38.8,4.6,31.9,3,0,0,F
5.0,67.3,50.3,6.7,44.9,1,0,0,F
6.2,80.5,46.7,6.2,62.6,0,0,0,B
8.7,80.7,44.9,5.3,14.6,3,0,0,C
5.7,62.4,58.8,7.0,18.9,2,0,1,F
0.3,96.5,79.3,8.4,85.9,3,0,1,B
9.3,50.0,45.2,9.0,25.6,0,0,0,F
6.9,70.0,55.7,7.0,38.0,2,1,1,A
6.8,81.5,57.4,6.0,87.1,0,0,1,B
2.2,81.8,98.4,5.1,66.3,3,1,1,A
6.6,78.9,96.8,5.3,34.2,2,0,1,A
3.9,56.5,86.0,6.4,68.4,0,1,0,C
6.5,49.4,46.9,5.8,2.0,3,0,1,C
1.1,78.2,34.8,8.6,73.6,0,1,0,F
6.6,76.0,52.2,5.8,48.7,1,0,0,A
10.0,50.8,48.7,5.9,81.3,3,0,1,A
0.5,82.3,65.4,5.9,95.5,2,0,0,C
9.8,67.3,84.4,8.2,92.6,2,0,1,A
4.1,80.1,90.1,7.3,90.9,1,1,0,A
8.7,90.2,89.1,7.1,51.2,0,0,0,A
7.8,50.2,55.2,5.7,36.0,0,0,1,B
5.7,41.1,78.1,8.1,46.5,2,1,1,C
7.4,86.7,51.9,4.2,69.0,0,0,0,B
8.8,76.6,34.3,8.4,88.4,3,1,1,A
4.0,82.0,79.1,6.6,20.7,3,1,0,C
3.3,90.3,30.7,6.0,91.8,2,0,1,C
6.7,88.2,58.6,6.5,81.5,3,0,0,A
8.1,97.7,53.1,7.3,97.9,2,1,0,A
7.6,72.2,78.5,4.1,88.0,0,0,0,A
8.0,69.3,83.6,8.4,28.0,0,1,0,A
4.4,64.1,51.3,6.2,10.6,0,0,0,F
8.2,49.2,86.8,5.7,11.2,1,0,1,B
1.2,74.4,50.6,4.7,29.1,2,1,0,F
5.4,56.6,61.2,6.2,61.4,3,0,1,B
0.1,95.3,80.9,6.5,80.4,0,0,1,B
3.2,75.0,78.5,6.0,89.9,1,0,0,C
3.7,75.6,99.1,7.4,62.4,3,1,0,B
4.0,61.3,45.8,6.1,0.6,3,0,1,F
7.0,43.1,76.4,8.8,18.6,3,1,0,A
3.9,41.9,72.7,7.0,10.0,0,0,0,F
4.5,65.4,94.1,8.0,36.3,3,1,1,A
2.4,45.1,40.9,4.5,50.1,2,0,1,F
3.7,76.4,82.6,6.0,4.3,1,0,1,C
2.3,92.9,69.8,5.7,34.8,3,1,1,C
0.7,93.0,49.2,6.8,17.9,3,0,1,F
6.0,79.5,63.2,8.3,64.7,2,1,1,B
6.7,52.7,53.4,4.4,46.4,3,0,0,C
6.2,91.8,70.6,4.4,49.5,0,1,1,B
4.6,93.2,92.2,8.3,42.8,0,0,1,A
3.8,51.8,69.9,5.1,95.6,0,1,0,C
8.6,84.2,74.2,7.3,21.5,3,0,0,B
5.2,57.2,66.3,6.7,51.7,1,1,0,C
4.8,88.2,33.6,8.2,73.6,1,1,0,C
0.3,99.8,46.3,4.6,55.7,3,0,0,F
3.4,41.8,64.4,4.6,92.9,1,1,0,C
3.8,93.8,51.7,6.8,37.8,1,1,1,B
4.0,77.4,42.7,8.7,46.4,3,0,0,C
5.8,98.4,65.3,6.1,8.9,0,0,0,B
5.3,67.9,52.6,5.6,60.9,3,0,0,C
6.1,90.8,48.1,7.0,28.8,0,0,0,F
7.6,43.7,62.5,8.7,16.0,0,0,1,C
8.1,60.1,39.3,8.2,54.5,1,0,0,C
7.2,44.0,94.9,9.0,53.2,1,1,0,B
9.6,98.5,90.7,4.1,7.6,0,1,1,A
0.2,89.0,79.5,4.6,69.8,0,1,1,C
2.0,91.2,37.4,7.0,62.4,1,0,1,F
0.1,96.3,84.3,8.1,18.9,2,0,0,F
6.5,45.1,86.6,5.4,46.9,0,1,1,C
9.0,63.1,83.7,5.2,72.0,0,1,1,A
2.4,44.3,38.0,7.9,52.9,0,0,1,F
9.3,52.6,75.1,4.3,39.5,1,1,0,A
0.6,53.8,88.4,5.8,32.2,3,0,0,C
9.3,68.1,70.4,6.5,61.0,0,0,1,A
3.5,56.1,75.2,6.8,93.9,0,1,0,C
1.0,46.1,62.1,7.6,67.2,0,0,0,C
4.9,50.0,67.0,5.8,7.5,3,0,0,C
2.6,48.8,32.4,7.1,46.1,3,0,0,F
2.8,98.4,74.7,6.9,89.1,0,0,0,A
3.1,85.6,35.7,6.7,9.4,0,1,1,F
8.0,98.1,60.5,7.2,98.9,2,0,1,A
5.4,66.4,50.5,5.3,94.9,3,0,1,B
3.1,56.7,68.2,4.4,7.8,2,1,1,C
6.1,87.9,39.3,4.6,93.3,0,0,0,C
7.2,59.6,78.4,5.1,36.3,0,0,1,B
2.7,58.0,85.7,6.5,84.5,0,1,1,B
4.1,54.0,41.4,8.2,41.8,0,1,0,F
1.2,47.8,37.3,7.5,44.1,1,0,0,F
1.8,55.4,40.2,7.9,63.4,1,0,0,F
6.8,61.3,91.4,5.8,77.4,1,1,0,B
1.8,80.4,67.0,6.0,3.4,2,0,1,F
5.3,43.8,62.7,6.0,59.3,3,0,0,C
7.1,52.6,37.5,5.0,18.7,0,0,0,C
1.1,88.5,75.5,4.3,34.6,3,1,0,C
5.7,48.8,90.8,7.0,34.8,1,0,0,C
2.6,60.6,88.0,8.9,46.9,0,1,0,F
9.6,91.9,73.8,4.8,33.4,0,1,0,A
4.8,49.3,35.3,4.2,10.7,2,1,1,C
8.1,45.0,37.9,7.9,14.6,3,1,1,B
5.5,69.1,33.5,5.3,3.3,2,0,1,F
0.4,58.1,48.0,8.1,47.0,1,1,0,F
6.3,73.8,39.5,7.5,95.4,3,0,0,B
9.5,88.2,48.2,8.7,11.6,1,1,1,A
6.0,48.2,57.0,6.0,94.6,2,1,1,A
8.2,74.8,96.0,7.3,73.3,2,0,1,A
8.8,70.3,72.7,6.3,63.7,0,1,1,B
2.3,48.6,88.4,7.2,64.5,3,1,0,B
2.1,77.4,79.7,6.2,82.7,3,0,1,A
6.1,56.4,37.9,4.9,10.7,0,1,0,F
4.1,69.3,81.5,6.5,50.5,3,1,0,B
8.4,44.9,49.3,6.6,69.7,1,1,0,A
9.0,67.6,74.7,8.1,58.7,1,0,1,A
3.5,58.4,53.9,7.7,83.3,2,1,1,C
2.4,89.3,99.8,7.3,7.2,1,0,1,C
7.8,43.4,48.4,4.6,69.1,3,0,0,C
2.7,65.1,49.5,7.6,53.4,0,0,0,F
8.2,67.5,95.1,6.5,37.9,2,1,1,A
4.2,83.5,31.7,8.5,34.0,0,1,0,F
6.7,74.5,78.8,8.6,62.1,2,1,1,B
1.0,80.0,80.8,4.3,89.1,2,1,0,C
6.2,86.6,88.5,8.1,49.6,0,0,0,B
4.5,91.7,98.2,4.2,82.5,1,0,0,A
5.9,58.8,98.3,5.8,40.2,1,1,0,A
1.7,72.3,34.6,6.7,10.2,1,1,0,F
7.4,90.4,87.5,4.7,6.2,1,0,0,B
8.6,99.4,75.2,7.7,5.1,0,1,0,B
2.2,93.4,75.3,4.0,38.0,3,1,1,B
1.0,62.3,39.0,4.8,33.7,2,1,0,F
0.2,51.7,75.5,6.9,71.8,0,1,0,F
6.4,69.4,98.8,7.6,74.3,1,1,1,A
6.1,84.5,93.8,8.6,5.1,1,1,1,A
5.5,69.6,60.7,7.5,22.1,0,0,1,F
2.3,69.0,32.8,7.4,27.4,2,0,1,F
3.9,90.3,55.4,6.0,54.8,0,0,0,C
5.9,61.7,87.8,4.0,14.5,0,0,0,C
5.0,91.6,79.1,4.6,13.4,3,1,1,B
9.9,64.4,62.2,6.7,94.4,0,1,0,A
1.4,59.7,33.9,7.4,80.4,3,0,1,F
7.0,67.2,59.9,6.1,18.1,2,0,0,C
4.0,85.7,62.8,7.7,40.7,0,0,0,F
4.3,47.6,95.0,6.6,35.6,0,0,0,C
7.2,51.8,74.9,4.4,79.1,1,0,0,A
6.9,97.1,51.8,5.0,51.0,0,1,0,B
9.9,50.5,66.8,8.2,12.8,1,1,1,A
1.3,74.1,34.6,7.6,73.9,1,0,0,F
1.0,74.8,98.1,8.5,39.7,1,0,0,F
7.2,69.4,55.2,4.6,26.3,2,1,0,B
5.8,78.7,63.5,9.0,37.5,3,1,0,A
2.7,53.8,54.9,5.0,49.8,1,1,0,F
0.8,73.2,77.8,4.1,34.3,0,0,1,F
0.9,62.3,76.4,9.0,24.2,0,1,0,F
8.9,79.7,80.1,5.4,39.9,1,0,1,B
1.9,48.5,48.8,7.3,1.9,1,0,0,F
3.2,74.3,52.1,4.9,77.2,0,1,0,C
2.3,51.1,38.8,6.9,17.1,1,1,1,F
3.5,56.7,75.9,8.5,4.4,3,1,0,C
0.7,53.1,32.8,5.6,65.4,3,0,0,F
5.2,51.0,71.8,7.4,77.4,2,1,1,B
0.7,89.5,90.9,4.9,81.4,1,1,0,C
8.0,57.1,92.4,7.1,49.4,2,0,1,B
2.3,95.6,61.4,5.7,20.5,2,1,1,C
5.4,98.2,62.2,5.1,73.7,2,1,1,A
8.8,74.3,35.4,5.6,70.0,1,0,0,B
6.5,48.6,77.0,4.9,24.6,2,0,0,C
5.3,62.5,87.5,8.5,90.3,3,0,1,A
3.2,87.9,47.1,6.0,10.4,2,0,0,F
3.3,62.0,59.5,5.2,98.3,3,0,1,C
6.7,45.2,88.7,6.2,86.0,3,1,0,A
9.9,73.4,91.4,5.6,68.8,1,1,1,A
6.6,90.7,47.0,7.7,93.9,2,0,0,A
5.6,87.8,68.5,8.9,72.2,1,1,1,A
7.3,50.5,43.5,6.2,19.0,3,1,0,C
4.7,80.4,37.1,8.3,44.2,0,0,1,C
0.6,53.2,93.8,6.8,7.2,2,0,0,F
5.6,53.1,87.4,4.8,39.0,1,0,1,C
9.6,92.4,83.2,7.5,74.2,0,1,0,A
1.8,55.0,33.4,6.6,38.6,2,0,0,F
6.9,55.8,89.1,7.3,33.0,2,1,1,B
2.0,40.0,60.7,8.4,59.5,1,1,0,F
5.4,92.2,54.0,6.2,87.2,0,1,0,B
1.0,87.6,68.3,8.5,4.8,1,1,0,F
4.5,77.6,36.4,7.8,38.5,2,0,0,C
7.6,85.0,83.0,6.4,15.8,2,1,1,B
3.5,49.1,70.8,7.0,69.5,3,0,0,B
6.6,67.5,43.1,5.6,10.6,2,1,0,C
8.0,61.1,43.2,8.9,66.5,2,0,1,C
9.3,45.6,42.9,7.3,28.6,0,0,0,F
2.3,69.2,34.0,4.2,19.9,0,0,1,F
4.0,95.2,71.1,5.6,93.6,3,1,0,B
1.5,42.4,88.8,7.1,1.9,3,1,1,B
9.9,57.5,31.2,4.3,43.8,3,1,0,B
9.3,52.5,33.4,4.1,2.2,1,0,1,F
5.4,54.3,70.1,6.3,48.4,1,1,1,C
8.4,94.5,87.4,5.7,50.1,3,1,1,A
5.2,68.1,52.9,6.2,32.2,1,1,0,C
6.2,68.0,54.5,5.3,13.2,2,0,1,F
0.9,85.6,71.7,4.8,37.6,3,1,0,F
7.6,49.3,49.2,7.4,67.2,3,1,1,B
1.3,69.2,31.9,6.6,78.2,1,0,1,F
8.3,65.8,81.5,5.0,53.1,0,0,1,A
7.8,75.8,73.8,5.6,59.0,3,0,0,A
7.1,100.0,70.7,7.0,20.1,1,0,0,A
0.4,86.2,81.9,4.4,28.7,1,0,1,C
3.0,63.9,77.3,4.7,16.2,0,0,1,F
2.6,89.7,44.4,4.4,24.9,3,1,1,C
3.6,50.2,54.7,8.1,22.5,0,1,1,F
0.9,41.8,38.8,7.8,51.9,2,0,1,F
9.4,52.3,39.1,7.8,56.3,0,1,1,B
5.5,60.4,77.3,7.6,94.5,0,0,1,B
3.1,70.6,90.1,7.3,19.6,1,1,1,C
4.0,76.9,97.4,6.4,64.2,0,0,0,A
4.5,94.6,74.0,7.2,81.7,2,0,1,A
6.0,70.6,42.9,4.2,56.0,1,1,0,C
5.2,70.1,37.4,7.1,25.5,2,1,1,F
9.2,43.0,86.9,7.9,26.3,0,1,0,B
5.0,42.1,70.5,6.5,3.9,2,1,0,B
9.9,73.1,73.3,5.8,30.5,2,1,1,A
8.5,66.3,84.7,5.4,74.5,0,1,0,A
2.1,90.4,79.2,7.2,4.8,0,1,0,F
9.3,49.6,88.4,7.5,21.9,1,1,1,A
1.2,41.5,33.9,8.4,70.6,1,0,1,F
8.2,66.9,82.3,5.7,78.3,3,1,1,A
3.8,54.2,89.6,7.8,45.5,1,1,0,C
8.8,43.0,50.0,6.8,69.8,0,0,1,A
8.7,83.5,74.8,8.4,38.8,2,0,0,A
8.1,46.7,52.0,6.6,16.0,2,0,1,B
7.9,76.5,97.1,6.6,39.8,1,0,1,A
3.0,56.9,32.3,6.9,58.0,1,1,0,F
0.8,50.4,70.6,7.7,94.8,0,1,0,B
4.0,62.8,41.7,8.8,6.9,2,0,0,F
1.7,88.1,79.9,4.4,50.7,3,0,1,B
6.9,63.5,42.3,4.3,32.9,3,1,1,C
3.5,85.0,46.5,8.7,50.8,1,1,1,C
9.8,47.5,64.6,6.6,2.4,3,1,0,C
6.4,86.4,94.0,7.1,31.3,0,1,0,A
8.2,54.2,44.8,6.4,82.0,3,0,0,F
1.3,80.6,40.1,4.5,55.4,1,1,0,F
8.6,73.9,83.1,7.8,45.1,0,0,1,C
9.2,95.7,65.0,7.7,28.6,2,0,0,B
4.9,63.2,93.8,5.6,29.8,0,0,0,C
6.1,44.0,40.3,5.5,38.3,1,1,1,B
7.6,41.1,75.2,8.2,83.6,1,0,1,A
1.7,89.6,46.3,4.4,96.7,3,1,0,C
5.0,71.5,41.0,8.4,43.9,3,0,0,B
4.0,86.5,77.8,5.3,39.3,2,1,0,B
1.5,54.1,71.6,7.0,84.7,2,0,0,C
3.7,60.7,82.8,8.7,42.7,1,0,0,F
0.7,41.8,51.7,7.4,55.2,1,1,0,F
0.3,97.7,61.4,6.1,23.1,1,1,1,F
1.4,80.1,58.4,7.4,74.4,2,0,1,C
9.6,96.0,98.9,5.7,53.2,1,0,1,A
5.5,55.9,50.5,5.4,80.9,2,1,1,A
9.7,76.7,50.6,9.0,78.1,1,0,0,A
4.3,80.7,54.8,7.8,21.5,0,1,0,F
3.1,59.1,69.5,7.2,71.6,0,1,0,C
5.1,90.9,47.7,5.8,80.0,1,0,0,C
4.4,96.8,94.1,4.2,34.6,0,1,1,B
1.1,93.1,48.6,4.2,17.3,2,0,0,F
6.4,84.3,92.7,6.8,0.3,3,1,0,B
2.2,56.6,37.2,7.8,45.1,0,1,0,F
6.2,56.9,76.0,6.7,35.2,3,0,0,B
6.5,97.8,93.5,8.2,55.5,0,1,1,A
1.5,40.6,41.8,4.2,18.8,2,0,0,F
0.6,83.0,97.8,5.8,86.0,0,1,1,A
7.8,82.4,61.7,5.2,25.8,0,1,0,C
4.6,77.4,96.2,6.2,22.6,1,1,0,B
0.6,99.4,77.4,4.4,48.1,3,1,0,F
9.9,58.7,51.1,8.8,49.9,3,0,1,A
0.6,60.4,43.2,5.1,21.5,2,1,0,F
7.0,44.7,51.3,8.6,27.2,2,1,0,B
9.8,66.6,36.5,6.1,17.0,3,1,0,B
2.4,55.7,40.1,8.9,71.8,1,0,1,C
1.4,60.6,37.3,6.8,77.0,1,0,1,C
1.2,90.1,59.6,8.7,46.2,3,0,0,B
3.0,96.1,85.7,4.0,71.4,0,0,1,B
1.0,51.1,39.9,7.7,73.6,3,1,0,F
6.9,62.4,39.1,8.5,13.8,0,1,0,F
0.6,95.7,75.0,4.7,96.6,3,1,1,C
5.1,43.7,43.8,4.5,82.1,0,0,0,C
10.0,45.5,36.8,6.1,20.4,1,0,0,F
8.1,49.8,41.7,8.7,18.6,3,1,1,B
6.2,75.7,94.7,6.7,12.6,2,1,1,A
3.1,49.0,87.5,6.6,13.8,0,1,1,C
6.2,98.1,54.8,4.7,74.8,1,0,1,B
5.3,66.8,75.9,4.0,47.0,2,1,0,B
4.3,70.1,67.6,8.1,78.3,1,1,0,C
1.3,54.8,77.4,4.4,74.6,0,0,0,F
8.9,68.3,77.8,7.2,60.5,3,0,0,A
4.5,79.7,74.0,8.6,68.6,1,1,0,B
1.9,85.1,48.6,5.0,1.8,3,0,0,F
3.7,85.2,32.7,7.3,31.2,3,1,0,C
4.1,74.7,61.9,4.4,63.8,1,1,0,C
8.3,94.3,92.4,7.0,0.9,1,1,1,A
7.3,89.0,69.9,4.8,3.3,1,1,0,C
7.7,85.4,88.3,7.7,85.2,3,0,0,A
0.1,43.3,99.4,5.5,68.4,2,0,0,C
4.2,40.4,41.5,6.3,26.5,0,0,0,F
4.8,52.7,78.4,7.0,68.8,2,1,0,B
0.2,79.8,77.2,4.9,79.2,3,1,1,C
2.6,64.7,98.6,7.7,30.7,1,1,1,C
7.6,64.1,99.0,5.5,3.6,1,0,1,A
1.4,93.1,78.1,7.3,93.3,0,0,0,C
5.4,93.7,47.1,4.8,34.5,0,1,0,C
2.2,94.6,85.9,7.4,10.6,2,0,0,C
0.1,58.8,37.5,4.6,49.2,2,0,0,F
2.4,81.5,84.6,6.1,76.8,0,0,1,B
9.8,56.3,93.7,5.2,22.2,3,0,1,A
8.0,51.4,56.8,7.7,26.9,2,1,0,B
9.6,51.1,74.1,5.3,24.3,1,0,0,B
4.9,60.5,60.1,8.4,99.2,1,1,1,A
1.1,65.8,60.6,8.5,19.7,3,0,1,F
5.5,89.9,51.7,5.0,57.6,0,1,1,A
4.5,47.2,83.3,7.1,92.5,2,1,1,B
8.4,84.1,95.5,4.4,14.7,1,0,1,A
1.0,71.9,95.9,6.0,97.1,0,1,1,B
4.9,57.3,42.2,7.6,94.7,2,1,1,C
1.5,69.6,91.2,7.3,88.5,3,0,0,B
3.2,58.0,81.6,7.1,21.5,1,1,0,C
7.4,75.8,47.7,5.4,63.4,3,0,1,A
4.8,66.0,34.7,5.9,76.1,3,1,0,C
3.8,49.9,48.8,4.5,98.6,3,0,1,C
3.9,47.0,93.9,7.6,18.0,2,0,0,F
4.6,72.8,74.3,6.5,76.6,3,0,1,A
7.9,94.1,80.5,7.5,33.9,2,0,0,B
8.9,60.6,48.0,5.2,17.6,2,0,1,B
9.6,84.0,80.4,5.6,42.1,3,1,0,A
7.9,79.5,32.0,5.7,79.4,3,1,0,B
3.2,95.9,56.3,4.1,46.5,0,0,1,C
6.9,89.3,73.9,5.7,53.8,1,1,1,A
4.4,74.0,40.2,8.0,99.5,0,1,1,B
2.5,79.4,87.6,8.5,39.9,1,1,0,B
8.4,93.9,46.5,6.6,61.5,1,0,0,A
0.4,64.0,75.7,6.3,36.5,0,0,0,F
9.0,59.6,58.4,4.2,39.3,0,1,0,C
4.6,40.6,71.7,8.4,69.6,1,0,1,B
6.4,89.6,37.5,4.1,93.8,1,0,1,A
6.6,88.1,31.2,8.7,54.2,1,1,0,B
9.0,46.3,93.7,6.4,76.8,2,0,1,A
6.4,74.6,48.9,5.7,8.9,1,0,1,C
6.1,67.8,87.4,8.6,21.1,3,0,1,A
0.7,47.1,100.0,4.1,50.2,3,0,1,F
5.2,98.8,44.8,6.9,2.0,3,0,0,B
1.5,52.9,48.6,6.7,25.3,0,1,1,F
7.4,44.0,76.4,5.1,51.7,0,0,1,B
5.1,75.7,97.6,6.1,1.5,0,0,1,C
6.8,84.3,94.1,7.3,26.5,1,1,0,B
0.4,41.9,65.2,7.6,51.4,3,1,1,F
0.8,79.5,85.7,4.0,57.3,1,0,0,C
7.2,71.9,39.5,8.7,92.6,2,1,0,A
0.7,46.2,98.4,4.8,64.5,2,0,1,C
0.7,50.4,97.5,5.2,41.5,0,1,1,C
0.1,74.1,41.5,5.3,93.0,2,0,0,F
9.6,57.8,51.0,4.2,78.5,3,1,0,A
7.4,96.3,37.0,4.6,20.0,2,0,0,B
3.5,89.1,49.0,8.9,13.1,0,1,0,C
3.0,99.0,87.1,5.6,67.6,1,0,1,A
3.5,55.6,56.5,4.6,56.0,2,0,0,F
7.7,98.2,36.2,4.5,79.0,3,0,1,B
6.6,65.9,54.0,7.6,73.9,3,1,1,B
1.9,60.9,98.7,8.3,62.5,3,1,0,B
1.7,43.0,74.1,5.3,98.6,1,0,1,C
1.0,43.2,59.1,4.1,53.4,3,0,0,F
6.6,81.5,41.7,5.1,11.3,0,0,0,C
7.6,67.5,99.0,4.3,82.8,0,0,0,A
2.7,53.6,87.5,4.5,25.2,3,1,1,B
0.2,76.8,49.7,6.2,77.7,2,1,1,C
0.8,55.2,34.9,5.1,95.7,3,1,0,F
9.7,74.7,34.0,6.6,69.7,0,0,1,B
3.0,61.6,38.4,5.3,59.6,0,0,1,F
7.7,89.4,70.7,8.7,46.0,0,1,1,A
6.2,89.2,95.0,8.5,36.4,2,1,1,A
3.8,68.6,64.8,6.8,35.3,2,1,1,B
2.1,61.0,89.0,5.8,63.6,2,1,0,B
1.2,61.8,61.2,5.9,75.1,0,0,1,F
6.2,88.3,79.6,6.1,67.9,1,0,1,A
7.7,59.7,81.2,7.6,19.8,3,0,0,C
6.4,52.5,42.2,6.3,49.4,3,1,1,C
5.3,45.1,55.3,8.3,79.2,0,0,1,C
0.4,68.0,74.6,8.7,47.6,2,1,1,C
9.7,68.9,34.9,5.7,53.7,1,1,0,B
8.0,90.5,55.3,6.8,77.1,1,1,1,A
2.9,53.3,67.4,4.5,66.1,2,1,1,C
9.8,62.9,99.7,5.0,40.9,3,1,0,A
6.0,88.5,63.2,6.1,89.5,3,0,0,A
5.8,89.4,87.1,5.0,16.3,1,0,1,C
7.5,63.1,60.2,8.4,99.6,1,0,0,B
8.1,67.5,85.7,4.8,11.9,2,1,0,B
6.6,58.2,71.7,6.3,1.5,3,0,0,B
1.3,96.0,92.1,7.0,89.0,1,1,1,A
3.4,47.1,58.8,7.5,24.5,3,0,1,F
9.3,96.0,72.3,5.9,73.0,1,1,0,A
2.2,81.0,74.1,8.3,81.1,2,1,0,A
3.7,71.9,59.2,6.8,85.9,3,0,0,B
4.3,42.0,40.1,6.2,99.2,1,1,0,C
4.4,68.5,36.5,4.3,29.4,1,0,1,F
6.1,64.5,31.2,6.3,71.0,1,0,0,C
9.4,49.7,91.1,8.1,11.5,1,0,1,B
2.4,79.4,46.6,7.1,40.7,2,1,0,C
1.2,98.3,44.8,8.2,84.8,3,1,1,C
2.0,73.7,81.5,6.5,36.8,3,1,1,B
8.9,82.9,52.4,4.6,59.1,0,1,0,B
6.5,44.1,65.4,4.1,50.4,3,0,1,B
2.9,65.1,41.4,5.5,64.6,0,1,1,F
8.2,47.0,97.2,7.5,97.3,1,0,1,A
8.6,76.8,89.6,8.0,5.6,2,0,0,A
8.5,96.3,90.5,5.5,57.4,2,1,1,A
9.2,79.7,58.5,6.5,86.3,1,1,1,A
2.5,44.6,83.4,6.1,48.1,0,0,0,F
7.6,61.3,40.1,6.1,7.9,1,1,0,C
4.6,73.0,30.6,5.2,56.1,2,0,1,F
8.4,64.2,31.4,4.7,33.2,2,1,1,C
7.3,90.0,71.1,5.0,15.5,3,1,0,A
7.8,88.9,61.9,4.3,84.9,0,0,0,A
6.6,76.7,66.3,5.0,52.2,3,0,1,B
1.8,62.4,30.5,4.0,93.3,2,0,1,C
5.5,55.3,59.6,7.1,80.6,2,1,0,B
9.8,46.4,80.3,5.6,69.3,3,1,0,A
9.4,61.3,61.0,8.9,0.5,3,1,1,A
0.4,64.8,81.3,5.0,42.8,2,0,1,F
1.6,80.5,46.3,5.7,19.7,3,0,0,F
1.3,79.5,86.9,5.8,91.1,3,1,1,B
7.3,44.2,71.2,4.0,17.5,0,0,1,C
8.2,63.7,44.8,8.2,28.6,2,1,1,C
2.1,50.9,46.6,4.2,51.7,1,0,1,F
5.1,49.4,74.0,8.7,26.3,0,1,0,F
8.4,89.6,88.1,8.5,21.0,1,1,0,B
7.3,42.5,59.1,6.7,59.9,3,1,1,B
5.4,65.2,48.1,6.7,8.9,3,0,1,B
5.9,50.1,90.7,7.3,5.8,1,0,1,C
5.1,92.8,76.8,5.9,37.2,3,1,1,A
3.0,73.4,61.4,7.2,72.1,3,1,0,B
5.7,53.9,64.2,4.2,55.5,0,1,1,B
6.9,70.1,44.3,4.3,42.3,1,1,1,C
8.7,83.9,73.9,6.3,56.6,0,1,0,B
6.4,97.5,55.1,6.7,36.5,1,1,0,C
7.6,53.2,99.7,8.4,93.6,0,0,1,A
1.6,93.2,63.6,4.5,5.5,2,0,0,F
4.6,96.1,64.0,8.1,67.3,2,0,0,C
0.1,95.0,69.6,5.1,89.1,1,0,1,B
2.5,78.1,94.2,6.0,80.4,2,1,1,B
7.3,77.8,86.1,5.6,18.4,0,1,0,B
9.9,64.2,61.6,6.0,29.6,1,1,1,A
1.0,85.1,80.3,4.8,71.7,2,0,0,F
4.0,71.9,71.0,6.5,8.4,2,0,0,C
8.0,80.6,64.5,8.0,81.2,1,1,0,A
2.0,65.7,43.5,6.2,71.9,2,0,1,C
5.6,83.9,62.5,6.5,73.0,2,0,1,B
7.3,89.5,47.2,8.2,10.0,1,1,0,B
6.2,48.8,94.0,7.5,71.8,2,1,0,A
1.9,90.0,53.5,6.5,68.0,2,1,1,B
3.6,72.4,96.7,5.3,83.1,2,0,0,B
7.8,90.7,67.3,8.4,4.2,2,1,0,B
5.5,65.9,74.2,6.9,2.3,3,1,1,B
0.1,62.7,68.0,5.1,37.3,1,1,1,F
7.6,94.9,39.1,5.3,14.9,3,0,1,A
0.4,55.1,56.3,8.0,55.8,3,0,1,F
7.5,90.7,36.9,4.2,91.7,0,1,0,C
2.0,69.0,73.6,9.0,39.1,3,1,1,C
9.6,70.8,61.3,4.7,84.5,3,0,1,B
3.7,58.5,84.5,8.0,0.0,0,0,0,F
3.3,74.4,45.4,6.0,16.9,2,1,0,F
1.5,59.5,41.5,6.5,3.0,2,0,0,F
3.1,42.4,58.4,8.4,32.8,3,1,1,F
8.8,56.3,94.9,6.1,90.8,0,1,0,A
10.0,40.4,79.7,6.7,9.7,2,0,1,B
3.7,98.7,59.3,4.2,60.6,0,1,0,C
4.5,97.9,66.2,4.0,45.1,1,1,1,B
7.2,63.7,35.9,5.2,93.8,1,0,0,C
8.9,83.7,98.9,7.4,12.3,1,1,1,A
5.9,60.7,76.6,4.6,21.2,1,0,1,B
3.9,80.3,50.0,4.6,3.0,3,1,0,F
4.1,88.3,71.0,6.1,43.4,1,1,0,C
7.0,96.8,37.7,7.2,27.8,1,0,1,C
0.0,64.0,97.6,7.6,87.0,0,0,0,F
6.2,87.0,42.2,4.9,60.5,2,0,1,B
3.6,56.0,75.4,4.4,61.4,0,0,1,B
7.9,99.4,47.2,8.7,53.2,3,0,1,A
0.9,41.5,80.2,5.3,9.2,1,0,0,F
5.9,76.2,84.4,8.3,44.5,2,1,1,A
4.8,79.6,77.1,8.3,100.0,2,0,1,A
6.4,81.3,73.0,7.9,83.5,1,1,1,A
0.6,47.2,92.5,4.8,89.3,1,0,1,C
5.8,96.3,35.5,8.1,82.3,3,1,0,B
5.6,50.9,53.2,7.8,10.3,3,1,0,C
5.6,77.4,47.4,7.0,22.7,1,0,1,C
6.0,53.4,99.2,5.7,0.3,1,1,0,B
6.8,58.4,57.3,5.3,30.4,1,1,0,F
8.0,72.8,81.3,4.6,10.9,1,1,1,A
2.7,65.0,77.9,6.5,47.3,2,0,0,B
8.3,49.6,44.8,6.9,67.7,3,0,0,B
5.0,50.3,46.7,5.8,87.5,1,1,0,B
0.8,65.1,49.7,6.4,74.9,1,0,0,F
0.6,85.4,58.8,5.8,93.9,2,0,0,C
3.3,93.9,46.4,7.2,5.4,0,1,0,F
7.8,45.0,31.4,8.5,1.2,1,1,1,F
7.1,63.6,91.6,4.8,66.1,2,0,0,A
7.9,46.0,97.6,5.9,28.9,2,0,1,C
5.2,41.0,53.9,4.7,25.4,0,0,1,C
4.4,79.7,53.7,7.1,33.1,3,1,1,B
1.5,76.1,30.5,7.6,27.0,3,0,0,F
3.3,49.8,77.6,8.7,51.1,3,0,0,C
4.3,54.0,87.8,5.4,44.0,1,0,1,C
0.9,41.4,40.3,8.8,51.2,3,1,1,F
2.2,90.1,41.2,4.3,67.3,1,1,1,C
6.0,98.5,85.3,7.0,38.7,1,1,0,A
7.4,48.1,73.1,4.3,25.1,2,0,0,C
10.0,53.9,33.1,8.5,16.6,3,0,0,B
9.3,92.1,73.6,6.6,34.9,3,1,1,A
6.4,95.6,51.6,7.3,74.2,3,0,0,B
4.2,65.2,55.8,8.2,75.7,1,0,0,B
6.4,43.0,83.9,4.8,66.7,1,0,1,C
7.9,42.4,86.8,4.2,23.4,3,1,0,B
1.2,74.4,58.0,8.4,58.8,1,0,1,C
4.1,63.6,96.3,5.6,57.1,1,0,0,C
8.4,41.7,58.5,4.6,48.4,0,1,1,B
3.8,75.0,84.0,6.3,55.0,0,0,0,B
5.7,40.7,63.9,7.0,49.2,3,1,1,C
5.9,87.2,92.8,4.2,56.5,3,0,0,A
1.8,58.4,93.5,5.4,71.6,0,1,1,C
3.6,42.4,36.1,4.2,11.0,1,1,1,F
3.3,75.3,95.6,6.1,75.0,1,0,0,A
0.3,63.9,87.8,8.5,13.6,2,0,0,F
0.2,98.4,85.4,8.9,6.7,3,1,1,B
8.3,72.7,44.1,7.2,97.6,3,0,0,B
2.7,56.5,86.4,4.8,95.7,3,1,1,B
5.2,82.6,89.5,8.5,6.0,2,0,1,B
3.0,56.3,50.2,6.6,44.3,2,0,0,F
9.4,94.3,96.7,4.8,18.6,1,0,0,A
2.6,62.5,33.5,8.6,48.5,0,0,0,F
4.3,73.0,40.5,7.8,83.0,0,1,1,A
8.7,43.0,67.6,7.7,95.1,0,1,1,A
8.4,65.6,70.3,7.5,63.4,1,0,0,B
1.9,89.9,75.2,5.0,35.4,0,0,1,C
8.0,88.3,31.2,5.1,60.3,2,0,1,B
4.6,53.5,97.2,7.4,31.2,2,0,0,B
4.8,53.6,33.1,5.1,91.0,3,0,1,F
1.3,89.0,40.0,6.2,87.0,0,1,1,B
0.8,95.8,31.0,7.9,55.8,2,1,1,C
7.3,45.7,69.7,7.9,32.5,3,0,0,C
5.0,67.0,95.3,6.3,29.3,0,1,0,C
4.4,60.2,76.6,8.0,3.3,0,1,1,C
7.3,92.2,87.6,8.2,81.6,2,0,0,A
7.7,45.0,30.9,7.3,45.0,3,1,1,C
1.6,52.7,67.9,5.1,32.5,3,1,0,F
6.1,85.1,62.2,5.4,47.1,2,1,1,C
1.4,43.1,64.9,5.6,81.9,2,1,1,C
7.5,69.6,35.1,4.6,12.5,2,0,1,B
6.6,66.5,77.9,5.4,85.8,0,1,1,B
9.6,60.1,65.2,5.0,89.8,2,1,0,B
0.7,63.7,83.6,6.3,94.7,2,1,1,B
0.6,71.8,64.0,8.5,39.7,1,0,1,F
2.8,49.7,40.5,4.5,21.7,2,1,0,F
