bedrooms,bathrooms,sqft_living,age_years,garage_spaces,floors,location_score,distance_to_city_km,price
4,4,3872,44,1,2,8.1,27.7,574796
5,5,1487,35,1,2,3.0,47.6,251044
3,2,3821,21,0,1,7.1,9.8,577981
5,4,673,13,2,2,3.3,2.2,124878
5,5,4241,15,1,2,9.0,2.9,681552
2,1,3552,35,0,3,6.1,29.8,497836
3,3,1226,55,3,2,2.7,4.0,189815
3,3,4260,24,1,3,3.0,48.0,545962
3,3,2375,31,1,2,5.4,8.0,401111
5,5,4533,32,2,1,9.7,15.9,702153
4,3,1489,44,1,2,7.9,41.3,305134
3,3,4244,35,1,2,5.4,11.7,584301
6,5,3186,19,3,3,4.0,12.9,540447
5,4,919,17,0,3,5.9,32.5,218027
2,1,1093,37,0,3,7.7,14.5,207351
4,3,2274,2,2,2,8.1,11.7,453458
6,5,2959,22,3,2,3.9,13.5,458457
6,5,1435,31,0,1,7.5,25.0,286124
2,2,4308,44,3,2,6.9,48.3,598749
4,3,831,58,0,1,9.6,41.8,199535
5,4,3949,15,3,3,9.4,14.9,663412
1,1,3202,58,2,3,8.1,18.8,464019
4,4,4506,4,1,3,7.5,23.8,658849
2,2,4368,3,2,1,3.5,49.0,557042
6,5,4700,20,0,2,8.6,9.4,752574
5,4,701,39,2,3,4.8,18.5,166012
4,4,2997,50,1,2,3.5,36.7,438249
1,1,2342,13,2,2,4.5,48.2,328828
1,1,2366,38,0,3,8.5,8.6,370756
3,3,2496,30,0,1,2.3,12.1,306822
3,2,1409,13,2,2,5.1,12.1,235226
2,2,4805,5,1,3,5.4,2.0,675748
4,4,3689,11,2,2,1.3,30.6,492968
4,4,1270,15,1,2,2.8,33.9,218568
6,5,3655,16,3,2,8.4,30.5,638814
6,5,3001,44,1,2,8.5,4.5,529524
6,5,3214,22,3,2,3.6,4.4,512231
3,2,4085,13,2,1,8.9,11.3,653745
4,4,2128,6,1,1,7.9,15.2,400645
4,4,886,45,3,3,4.8,39.5,218616
1,1,3921,31,3,1,7.7,8.8,563602
3,3,4508,14,3,1,9.7,3.2,689195
5,4,4593,43,0,1,5.1,20.3,598678
3,2,4863,16,2,2,3.1,21.4,648690
5,5,2966,40,3,2,9.5,23.1,498937
1,1,2782,53,1,3,6.4,41.5,355551
2,1,2356,46,3,3,1.9,5.8,346465
4,3,2498,43,0,3,6.2,35.5,347417
1,1,1736,33,2,2,5.5,17.6,277399
4,3,4644,4,0,1,8.7,16.2,695834
6,5,1650,44,0,1,5.8,46.7,282218
2,1,4818,26,0,2,3.3,13.2,645499
2,1,1931,51,1,3,7.1,32.5,285240
1,1,2319,22,2,3,5.9,14.5,388022
2,2,2824,39,2,3,3.1,25.9,352285
5,4,1630,58,1,2,6.2,39.5,289842
2,2,3158,13,2,3,8.4,44.2,515097
4,3,4000,14,0,3,1.3,42.1,439036
4,3,874,42,2,2,6.7,29.5,204553
4,4,2620,32,1,1,4.1,13.2,395300
4,3,4520,52,0,2,3.6,33.4,584381
5,4,2521,30,1,2,4.5,35.8,416099
3,2,4205,34,3,2,4.1,1.5,581174
6,5,3759,16,0,2,8.5,22.5,585024
1,1,3935,27,0,1,3.5,42.3,482246
4,3,2389,18,2,3,7.6,25.0,440306
2,1,2323,45,0,2,1.8,16.3,299968
4,3,1974,53,1,1,9.6,43.7,343474
2,2,2742,22,2,3,6.6,8.6,436014
6,5,3743,31,3,3,7.4,11.1,579868
6,5,3634,39,1,3,3.7,34.7,531669
6,5,2570,12,3,2,4.7,18.3,457787
2,1,859,58,3,2,3.0,35.9,113236
4,3,2541,19,3,3,9.4,8.7,470887
6,5,1641,34,0,3,5.4,13.4,296678
5,4,2135,4,1,3,6.7,8.7,421574
2,2,4500,8,1,3,7.6,47.7,626762
2,2,2443,28,0,3,4.3,20.9,347060
4,3,3861,5,2,3,7.5,17.5,620399
2,1,3480,24,3,1,7.1,1.7,538736
2,2,506,30,1,3,7.4,8.5,179256
6,5,3767,21,0,2,5.4,21.6,571115
4,4,2091,1,3,2,4.4,4.4,384740
6,5,3764,44,2,2,3.0,26.0,538821
6,5,3106,4,2,3,8.4,23.3,559896
4,3,3719,59,3,2,6.5,38.6,542736
1,1,3773,26,2,1,5.0,33.3,479441
6,5,1413,24,1,3,9.5,22.9,332081
5,4,2511,7,1,2,1.4,12.0,376019
5,5,1942,54,1,1,8.7,36.6,359298
2,1,3554,0,2,1,10.0,35.7,585424
5,4,4046,19,1,2,9.0,8.5,635463
2,1,4721,43,0,1,8.3,45.8,644405
1,1,3428,22,1,2,4.4,4.2,465019
4,3,2329,31,1,1,3.1,3.7,377574
4,4,1075,10,2,3,7.6,10.2,318642
4,4,1429,38,1,3,3.7,45.6,196659
5,5,4259,46,3,3,2.6,26.5,585434
1,1,4199,53,0,3,8.1,39.6,520033
5,5,1963,23,2,3,3.8,12.2,318366
5,5,3775,10,0,2,9.2,25.0,581448
1,1,1554,28,3,3,8.6,18.6,314857
1,1,2400,53,2,3,8.6,41.6,373360
1,1,1957,25,2,3,7.9,2.1,366906
1,1,1899,15,1,3,8.9,12.9,358599
4,4,3915,34,0,1,8.3,8.5,606371
3,2,942,19,3,3,6.4,43.1,213244
3,2,4150,45,3,3,3.7,23.9,560465
1,1,1678,2,2,2,9.0,20.8,344794
3,3,4958,0,1,1,8.6,23.0,729546
3,2,1757,57,2,2,5.3,48.6,266265
1,1,4134,52,2,3,1.4,42.7,444025
3,3,2341,46,2,2,6.7,35.6,345642
5,4,2809,0,2,2,1.5,15.2,442002
2,2,1410,16,3,3,9.3,9.1,311332
2,2,4840,1,3,1,9.7,46.2,685020
1,1,4509,28,2,1,2.7,21.7,581904
4,4,2669,19,2,2,7.1,14.7,456227
1,1,2672,5,1,3,1.8,24.1,345020
4,3,623,7,2,2,7.6,46.0,220732
2,2,3658,28,3,2,4.1,20.0,534768
1,1,1285,47,0,2,7.1,28.6,206317
6,5,2916,50,3,3,4.4,40.3,458917
5,5,1296,32,1,3,2.3,21.9,190201
3,3,4672,2,3,1,4.7,12.4,689026
4,3,4654,59,0,3,2.0,49.7,546905
6,5,2436,34,2,2,6.2,47.9,376787
3,2,2656,4,0,2,1.4,42.3,308744
3,2,4307,26,2,1,5.7,34.7,560880
1,1,1801,43,2,3,9.0,15.4,344135
3,3,4663,11,3,2,8.5,45.8,698205
5,5,3640,19,3,1,8.9,14.5,597353
6,5,3736,44,3,1,9.3,40.2,614698
3,3,2852,19,1,2,1.9,46.0,360624
1,1,2432,8,3,2,2.2,30.5,336333
5,5,3221,38,1,3,6.0,40.3,478915
2,1,864,3,3,1,9.0,39.8,222435
6,5,2890,50,2,2,9.8,10.5,504310
3,2,1446,53,1,1,1.4,33.7,163057
1,1,1877,18,0,3,4.2,5.6,295193
2,2,1939,37,1,2,2.9,25.9,278451
2,1,3680,26,1,3,7.8,8.9,545030
4,3,840,44,0,1,6.8,21.4,161960
5,4,3489,42,1,3,2.1,41.8,508457
3,3,882,12,2,3,5.4,49.4,189024
1,1,2056,12,3,1,7.2,16.6,355902
4,4,799,59,0,3,8.0,27.1,176256
5,4,638,56,3,1,1.2,26.1,143157
4,3,858,21,2,2,9.0,47.8,253940
6,5,2022,27,0,1,6.1,24.5,326617
5,4,3956,51,3,1,8.3,35.3,598758
5,5,2127,46,3,2,8.3,46.2,380715
3,3,1803,52,2,1,2.7,19.3,302220
5,4,1634,44,3,2,2.0,45.2,272400
4,3,2686,21,2,2,7.5,46.0,405741
5,4,3670,42,1,1,2.4,46.6,464707
3,2,4335,18,2,3,8.6,14.3,645718
3,3,2651,7,1,3,7.5,20.6,452545
6,5,1737,51,0,2,8.6,43.6,355137
4,4,4235,7,3,3,3.7,18.6,620379
2,2,3334,41,2,3,3.8,30.4,458364
2,2,4760,25,2,1,7.0,6.8,667307
5,4,1498,47,3,2,1.3,3.8,261875
6,5,3067,50,3,2,7.5,21.2,505057
1,1,1807,25,0,1,8.5,29.4,268077
5,5,1156,22,0,3,4.7,20.2,250920
6,5,3160,42,2,2,7.9,29.3,519982
4,3,2711,12,0,3,2.6,26.2,367237
4,3,2409,27,1,2,3.9,34.6,383621
4,3,4230,8,0,2,9.8,32.8,634967
4,4,2546,19,0,2,9.9,21.8,466177
4,4,3662,55,2,2,5.6,21.8,523816
6,5,1640,18,1,3,9.4,7.9,412367
6,5,766,47,0,3,5.7,26.1,191979
3,3,2345,38,1,3,3.6,29.8,306131
2,2,2208,50,1,3,3.4,24.3,315887
4,3,4130,11,1,1,9.4,17.0,673531
1,1,3711,14,3,2,2.6,36.4,472759
6,5,2793,30,3,2,6.2,4.7,502253
1,1,4232,54,3,2,6.0,45.8,555120
1,1,4329,13,3,1,7.7,2.0,633061
1,1,2010,10,2,3,5.5,48.2,316728
3,3,975,25,0,2,3.5,23.7,157082
6,5,1476,41,3,3,2.5,21.2,272423
1,1,1707,26,2,3,6.6,13.6,301068
4,4,2460,10,0,1,7.5,1.5,437636
5,5,1057,37,3,1,6.1,14.5,242619
1,1,1382,33,0,3,7.6,6.4,294766
3,3,2694,42,3,2,2.3,33.3,389420
6,5,3167,18,2,2,8.9,16.6,576066
3,3,2110,5,1,1,6.2,38.6,370023
1,1,3988,45,1,1,2.1,11.1,493586
6,5,2954,51,0,1,5.2,45.1,419995
5,5,4994,37,2,1,8.6,26.6,722414
1,1,2446,48,1,1,9.1,6.6,379706
3,3,3308,41,3,1,3.4,20.6,442177
2,2,4325,27,1,1,7.4,11.1,610206
4,3,4036,0,0,2,1.9,10.8,558467
3,2,4302,34,0,1,1.3,25.8,545266
6,5,4677,39,2,1,6.0,33.9,690179
1,1,2470,7,0,2,7.3,45.7,342619
4,4,4322,58,1,2,8.2,25.6,640705
1,1,3319,51,1,3,4.1,48.3,430352
6,5,1402,53,1,1,1.1,47.1,190856
1,1,864,46,1,1,5.3,43.4,150717
2,2,4758,55,2,1,1.1,25.5,591037
4,3,3619,6,3,1,1.8,7.9,495528
4,3,3058,10,3,3,3.9,11.7,518352
6,5,2363,38,2,2,4.9,32.7,375904
2,1,615,3,0,2,3.5,21.7,143083
3,3,2884,24,3,1,6.2,8.2,480549
1,1,4435,11,0,1,1.5,24.5,518969
5,5,2990,25,3,1,2.3,1.9,463153
1,1,1442,37,0,3,7.3,37.0,249720
1,1,2224,45,2,3,2.3,4.6,280324
3,3,2834,11,1,2,6.8,31.8,444908
1,1,3267,42,0,1,1.5,39.9,387728
2,1,1637,50,1,1,4.7,7.5,267468
2,2,3027,52,0,1,2.6,26.4,364922
4,3,4617,36,0,1,2.0,39.2,603740
6,5,3920,45,0,3,6.1,13.8,614122
5,4,4406,52,0,2,9.4,9.0,674936
1,1,4137,23,0,2,1.5,17.5,495693
1,1,3453,15,1,3,4.8,28.2,451358
3,2,2867,56,0,1,7.4,29.2,420299
6,5,4721,12,1,2,5.2,7.4,729721
2,1,776,24,2,2,8.3,23.4,199436
5,4,2499,53,3,3,2.6,14.1,365702
4,3,1727,53,0,1,9.6,42.3,323117
2,1,4252,56,3,2,4.5,16.4,570287
6,5,4235,51,1,1,4.1,42.1,586099
4,4,1195,53,2,2,8.9,22.0,265003
3,2,1809,3,2,3,6.1,36.6,312238
3,2,4652,10,2,1,5.6,26.0,641682
1,1,3734,31,3,3,7.5,31.5,549798
6,5,4614,48,1,2,6.2,20.4,665095
5,5,2811,6,0,3,2.5,38.6,420022
4,3,3341,45,0,3,7.1,21.8,489081
2,2,4708,57,1,3,2.2,23.4,592397
6,5,4059,10,3,2,8.3,26.4,673688
6,5,3898,27,0,1,9.9,41.8,620012
3,3,1041,53,1,3,4.4,33.3,193737
1,1,3194,40,0,1,5.0,18.1,413160
1,1,1588,22,2,2,1.4,33.8,214766
4,4,3863,44,0,1,1.1,32.5,484860
3,2,524,22,3,3,9.3,46.6,176322
6,5,2072,49,1,3,2.2,42.2,269021
5,5,3458,27,3,3,5.0,32.7,500247
3,3,4736,42,1,3,8.3,17.7,647241
4,3,2267,46,2,3,9.0,39.2,401797
4,4,2735,56,1,3,5.7,29.2,404501
3,2,700,25,0,2,6.1,49.3,146171
4,3,3698,24,0,2,7.0,13.1,554936
3,2,756,53,2,2,9.7,4.9,237297
2,1,4247,28,1,1,6.4,4.4,609385
3,3,2741,18,2,1,6.0,32.4,422426
3,2,3675,32,0,2,1.1,47.0,441612
4,3,4106,35,3,1,1.7,1.1,566167
4,4,3836,13,2,1,6.2,36.6,592656
1,1,913,13,3,3,9.4,33.2,198234
1,1,2514,34,3,3,8.8,36.9,391307
2,1,1881,29,1,1,9.8,18.4,359281
1,1,1598,27,2,1,5.8,41.2,262545
3,2,3926,16,3,2,8.1,3.2,626754
4,4,4155,2,3,1,8.6,38.0,643436
1,1,1409,15,1,3,6.8,14.1,296306
1,1,687,45,1,1,4.0,24.4,111734
2,2,4544,29,0,2,5.2,41.3,592144
6,5,4256,51,3,3,8.7,14.3,703310
2,2,2515,28,0,3,3.7,10.1,367743
3,3,2592,44,3,3,9.3,34.4,457814
4,3,4144,14,0,3,3.1,27.1,582016
2,1,2630,45,1,1,7.7,26.2,385879
1,1,857,55,2,2,6.7,13.6,205894
4,3,2922,24,1,1,7.7,2.7,440711
4,4,4757,50,0,1,4.9,21.1,603557
1,1,1997,37,0,3,9.4,6.2,337944
2,1,2658,41,2,2,6.7,45.4,373732
1,1,3055,58,3,3,3.6,3.0,425046
6,5,2842,46,0,1,6.7,22.2,441262
4,3,3451,52,0,1,3.6,3.6,473834
5,4,1738,53,0,3,3.6,5.7,284234
5,4,1473,51,2,1,4.6,33.3,288769
3,2,4465,57,1,1,8.7,32.7,610006
1,1,1550,37,0,3,5.5,2.6,222442
1,1,4201,22,2,1,7.1,1.1,626539
3,3,3280,24,0,2,4.5,4.9,463792
3,3,2088,41,3,3,3.4,38.4,306070
3,3,4378,6,2,2,9.6,29.6,662515
4,3,2868,21,0,1,6.4,2.9,470722
6,5,936,16,2,1,9.4,24.9,261916
1,1,3328,17,0,3,2.8,35.9,369032
4,4,2056,48,1,1,2.3,43.6,297245
3,3,4358,40,0,3,8.7,46.8,621429
1,1,1804,9,2,3,7.1,17.0,341291
4,4,2884,9,3,3,2.7,7.7,474426
6,5,682,56,3,3,3.4,12.6,168747
4,3,2089,6,3,3,8.2,39.0,395418
6,5,2087,47,0,2,5.1,48.6,334473
3,3,1159,49,1,3,7.0,23.9,231066
6,5,659,37,0,2,3.9,16.0,165873
1,1,4453,26,3,1,4.4,22.0,588463
3,2,1511,51,2,3,9.9,15.9,336472
1,1,552,32,3,1,3.2,13.6,108266
5,5,2807,0,2,3,5.6,30.1,481266
2,1,1728,43,1,2,8.6,1.8,325583
6,5,1535,52,2,2,3.2,13.7,257506
2,1,4202,59,0,2,4.7,33.4,533392
2,2,4545,33,0,1,6.5,2.6,604277
6,5,4949,3,0,3,5.3,5.1,744213
3,3,1764,16,2,1,5.1,15.4,324445
5,5,2384,3,0,2,4.3,44.0,393407
1,1,2309,42,0,1,6.3,38.5,296306
4,4,3667,53,0,2,6.6,2.1,536353
1,1,4297,25,1,2,6.9,25.6,595841
4,3,2841,3,2,2,1.6,14.5,407585
1,1,3914,0,2,3,6.7,32.8,527885
6,5,1317,6,3,3,9.6,36.4,336554
5,5,2937,29,2,2,5.9,43.3,462886
4,4,1388,49,1,1,7.4,24.3,289188
3,3,1167,8,2,1,6.0,49.7,254990
1,1,3124,34,1,3,8.7,49.0,453826
1,1,4732,7,1,2,9.4,44.2,678851
4,3,1318,23,2,1,2.7,29.2,235215
3,2,2688,18,3,2,4.9,20.5,380629
3,3,1606,35,0,1,4.5,18.9,235667
6,5,2724,49,0,3,4.6,1.6,438814
6,5,697,51,2,2,2.1,13.2,191036
6,5,3171,58,2,2,8.3,36.2,522949
6,5,3992,42,1,1,1.3,30.6,535175
6,5,2948,26,2,1,5.8,45.9,457379
6,5,970,31,1,1,7.0,3.5,270204
5,5,2448,13,3,2,2.9,8.6,396744
3,3,4399,56,2,3,9.2,39.7,623337
6,5,2510,17,0,3,8.5,18.6,451237
3,3,4300,27,0,1,5.2,6.8,624367
3,3,4618,59,2,3,4.7,49.8,585179
2,1,4296,28,1,1,3.1,39.6,529431
5,4,4488,15,0,3,7.6,21.0,684055
6,5,734,34,1,2,2.2,41.3,132990
1,1,1428,46,2,1,7.1,34.3,236817
4,4,4107,58,2,3,8.6,39.7,611323
1,1,1022,58,0,2,3.1,40.9,101519
5,4,4023,30,2,3,8.8,5.2,647555
4,3,2129,3,3,2,1.3,31.5,303074
5,4,1816,36,3,2,9.2,1.3,419725
3,2,3357,16,0,3,2.1,3.1,466156
4,3,1624,38,3,3,6.8,45.3,278710
3,3,3087,47,1,2,3.3,26.9,416042
1,1,1523,45,0,2,8.5,37.1,252549
1,1,1878,25,0,2,5.6,42.1,224641
4,3,3874,47,1,1,2.2,47.5,507390
4,3,2019,38,3,2,6.1,43.6,316456
6,5,726,40,3,1,4.7,24.7,235049
5,4,1391,3,3,2,7.0,17.5,337902
6,5,4572,29,0,1,8.9,8.6,688346
5,4,2757,29,0,2,4.7,20.6,415505
6,5,3288,21,3,2,3.6,19.0,528708
3,3,896,10,2,2,1.1,28.4,149073
4,3,2578,1,3,3,6.2,33.6,457163
1,1,4924,43,1,3,4.6,48.9,606606
5,4,3737,11,0,2,4.4,36.7,531533
5,5,4393,29,1,1,2.6,32.5,608585
1,1,2505,35,1,1,4.9,17.4,358971
6,5,2516,17,0,2,9.9,2.7,472233
5,5,3671,25,2,3,3.7,15.1,556396
3,3,3168,52,3,1,6.4,38.7,461819
4,3,2378,6,1,3,8.0,11.1,418363
1,1,1696,0,0,1,7.7,35.9,259683
4,4,2272,57,1,2,4.0,29.4,294655
5,5,661,25,3,3,6.5,9.4,227456
5,4,4476,22,2,1,8.8,13.8,695989
1,1,2251,25,2,2,1.1,25.3,292616
3,2,1275,44,2,2,4.9,21.5,239228
2,1,1439,5,0,2,3.0,39.1,196132
1,1,3720,5,0,3,4.5,37.0,491288
2,1,1039,43,2,3,4.7,29.2,165827
6,5,1961,7,3,2,7.7,41.3,394298
2,2,855,23,3,3,1.8,28.6,164509
3,3,4104,21,0,1,5.6,48.3,553456
6,5,3823,18,2,2,6.1,11.6,627518
2,2,734,36,3,2,5.4,36.0,175187
6,5,2048,17,3,3,7.6,19.1,443539
2,2,2596,30,3,2,4.5,14.7,392560
3,2,4713,36,0,1,9.5,9.8,678562
2,2,2601,29,2,3,5.3,28.1,399479
2,2,2173,56,1,3,6.1,11.6,329892
2,1,2600,41,2,2,8.4,10.8,433521
1,1,4157,32,2,2,3.5,49.5,504806
1,1,4096,9,0,2,1.7,40.3,480102
1,1,4248,36,3,3,7.4,37.7,614364
3,3,3673,11,3,2,5.3,39.9,516172
6,5,2315,53,0,1,9.1,48.5,411441
5,5,4341,29,0,2,9.8,29.1,681926
2,1,2505,26,0,2,4.6,11.8,361368
2,2,4993,38,0,3,4.7,43.2,602561
3,3,1174,8,0,2,4.7,37.4,235967
2,1,886,53,1,3,3.9,21.3,127704
1,1,2658,20,2,2,8.0,24.2,436175
5,4,3161,11,2,1,7.8,21.2,515334
4,3,2564,54,2,1,5.3,46.6,352839
2,2,4351,28,3,3,1.4,17.8,578912
1,1,3753,32,1,3,3.8,48.2,479716
4,3,4766,42,2,2,3.6,45.6,602194
5,5,1239,52,3,2,8.3,31.9,311423
4,3,1901,14,1,1,1.8,29.4,271940
1,1,3759,1,1,2,8.3,19.1,563426
6,5,2777,51,3,1,7.0,1.9,478046
6,5,4404,38,1,3,7.6,7.3,663131
4,4,4423,52,3,2,4.9,38.0,622107
3,2,4714,43,2,3,7.1,24.1,671218
4,4,3727,53,3,2,6.5,8.3,553050
2,1,3331,17,1,1,7.9,13.9,522417
2,1,4258,2,2,3,5.0,47.4,580043
6,5,3012,6,2,3,5.3,19.0,506088
3,2,2651,42,0,2,6.8,45.5,412022
1,1,4175,17,0,3,2.0,15.9,497787
2,1,3245,43,1,1,4.9,27.6,403439
6,5,4366,37,3,3,9.7,2.0,697960
5,5,4264,36,3,3,1.3,26.6,589424
6,5,2722,57,1,2,3.8,32.2,394338
2,1,3292,32,2,3,3.8,12.5,453747
2,1,2197,43,1,2,6.7,29.4,313796
6,5,3962,58,1,2,2.0,32.7,555872
1,1,4563,30,2,3,6.7,34.7,656735
4,4,2024,57,3,1,1.9,39.0,292890
2,2,532,10,1,2,1.9,16.3,80959
6,5,4525,3,3,3,7.6,28.8,706023
6,5,3066,58,1,2,3.9,49.1,443743
3,2,3303,17,2,1,9.8,45.0,518889
4,4,4396,3,2,1,1.3,47.7,589850
5,5,4209,48,0,2,5.0,19.9,615876
1,1,1219,33,2,1,2.0,39.6,184381
5,5,1472,28,0,3,4.2,31.4,249901
4,4,4218,23,1,3,10.0,5.1,680588
4,3,4902,21,3,2,9.0,41.4,718601
4,4,2707,1,2,1,1.4,34.2,348103
5,4,4926,43,2,3,6.1,10.7,728183
4,4,4820,5,2,3,6.8,4.9,741581
6,5,3530,41,1,3,2.9,42.0,482176
5,4,4075,24,0,2,2.3,4.9,537613
4,3,3616,54,1,2,9.1,5.5,561898
6,5,3785,56,3,3,9.7,21.9,638838
3,2,1143,20,1,3,9.9,7.6,315272
4,3,694,54,3,1,8.1,45.8,170732
5,5,4496,58,2,1,7.0,24.0,672082
2,1,988,15,3,1,4.1,28.9,192993
4,4,2704,30,3,2,2.5,46.5,388247
2,1,3157,13,0,3,1.7,27.0,379700
6,5,3776,38,3,2,7.2,18.3,582034
3,3,1602,27,3,3,8.1,40.1,297788
1,1,1741,31,1,1,8.4,22.7,291542
3,3,1015,27,2,1,9.2,16.6,292416
4,4,892,50,1,1,8.9,36.4,206002
2,2,1130,54,1,1,10.0,40.3,241832
2,2,4216,48,2,3,3.2,39.8,527278
5,4,2347,8,2,1,7.9,48.9,418661
2,1,3155,57,3,3,6.3,39.5,440967
5,5,1479,44,3,3,3.4,38.7,261499
6,5,3902,21,0,2,9.8,43.0,626925
1,1,4371,31,1,1,9.1,1.0,633596
4,4,777,4,2,1,2.2,18.8,178453
5,4,732,22,3,2,1.2,37.1,170962
1,1,2052,4,2,3,7.2,30.4,331297
2,2,3770,41,3,1,6.4,9.7,569631
2,1,2909,52,0,3,9.4,15.9,446468
1,1,4012,31,0,2,3.1,17.5,500432
2,1,525,58,2,3,1.8,28.8,85847
6,5,960,9,0,1,3.3,41.7,187256
6,5,4264,58,2,3,1.2,46.7,558316
1,1,3931,38,3,3,1.3,37.8,484656
5,4,3983,57,1,1,9.2,42.3,554218
5,4,2494,14,0,1,4.2,24.0,393187
1,1,990,6,3,3,4.7,20.1,175548
5,5,1572,28,1,3,1.2,20.2,229062
5,4,3673,58,1,2,3.4,31.2,503824
6,5,715,46,1,1,8.2,7.1,245099
5,5,2223,2,3,3,6.5,29.4,440208
3,2,2092,18,3,1,7.8,33.6,346166
4,3,3106,9,2,2,5.0,22.5,465271
2,1,658,27,1,3,3.8,47.7,118405
3,3,3813,28,1,3,5.3,30.8,560299
5,4,3341,14,1,3,3.9,11.8,512447
6,5,2276,34,2,1,8.6,24.5,410940
1,1,2552,5,1,2,3.7,34.1,375228
5,4,2795,11,3,1,6.9,16.9,478846
6,5,2196,46,1,3,2.2,4.9,346631
4,3,3493,37,0,2,7.2,29.6,488626
5,5,2969,12,3,3,9.2,47.4,532793
1,1,2446,28,2,3,6.5,24.8,388979
6,5,4309,18,1,1,6.0,45.4,613720
6,5,3283,2,0,3,9.7,41.9,591550
6,5,4144,7,2,2,6.6,8.2,650692
4,3,3000,7,2,3,3.3,35.7,451526
5,5,4145,54,3,3,3.6,22.3,592734
4,4,3145,57,2,1,7.3,13.3,454303
2,2,2849,19,2,2,7.6,34.7,451969
2,2,2432,46,2,1,3.7,37.4,331280
5,4,3794,3,2,3,4.1,9.8,549130
4,3,2257,50,1,1,9.9,45.8,408684
1,1,1616,20,1,1,1.9,37.8,206933
6,5,3067,2,1,1,4.6,46.7,491463
6,5,3999,44,1,1,1.6,16.5,512105
5,5,992,7,0,3,8.4,47.0,247507
2,1,3806,22,1,3,1.8,19.1,511498
2,1,1119,15,2,2,7.1,3.6,221928
6,5,3732,12,1,1,1.5,38.4,505172
5,5,4323,2,1,1,7.1,35.5,657168
4,4,2880,47,3,2,8.6,30.3,443107
2,1,2046,8,2,1,4.6,25.0,291004
4,4,4063,59,1,2,5.7,2.6,610366
2,1,2105,13,1,3,4.6,31.6,315959
2,2,4252,12,1,2,3.7,21.4,592533
3,2,2390,52,0,1,8.2,28.5,372870
2,2,1775,56,1,2,3.4,22.0,288353
1,1,3243,6,3,3,7.5,48.3,490866
5,5,2993,14,2,1,2.9,30.6,466404
5,5,856,6,2,3,3.2,37.7,194505
4,4,1369,37,1,3,4.0,46.9,227706
2,1,1385,33,1,2,6.3,30.0,245592
1,1,2501,40,1,3,5.1,1.6,382465
4,3,1783,21,2,1,7.7,2.7,355990
3,2,1119,23,2,3,2.9,35.4,187263
4,4,1382,48,0,3,1.1,14.7,211487
4,4,1296,36,3,2,8.0,29.4,296299
2,2,4142,43,0,3,8.4,10.9,582798
3,2,3925,0,3,2,1.5,14.2,545079
4,4,1796,9,0,2,6.5,25.7,333290
1,1,744,42,2,1,4.4,48.8,91310
1,1,3395,15,0,1,8.1,31.2,504490
5,5,1429,45,3,1,8.9,46.9,310849
3,3,1019,7,1,1,8.7,48.0,275532
3,3,3712,55,3,2,8.0,11.2,566952
5,5,2909,48,1,3,3.4,16.2,452789
4,4,507,24,2,1,8.3,38.7,194845
3,3,3025,49,3,1,5.8,43.5,467024
1,1,3923,11,0,1,1.5,26.4,460244
1,1,2519,24,3,3,5.1,49.7,346579
2,1,4782,16,1,1,9.5,1.6,691897
3,3,4167,59,2,3,9.0,15.7,623582
4,3,4171,25,0,2,1.9,31.5,518092
5,4,3301,45,3,2,7.7,24.0,503820
5,4,585,47,1,2,8.3,6.7,172253
4,3,3615,13,0,3,3.4,19.0,471538
6,5,4732,40,2,1,5.2,2.2,707791
2,2,2968,35,0,1,7.4,32.5,419753
5,5,4119,56,2,1,5.0,44.7,545093
3,2,2136,22,0,1,2.0,44.4,257952
2,1,4083,42,3,1,7.4,35.3,561271
3,2,4509,5,1,3,9.2,23.8,665116
1,1,3826,46,3,2,6.9,26.1,564017
2,2,2718,4,3,1,8.0,7.7,489666
5,4,2717,42,2,2,4.2,17.7,447968
2,2,2869,24,2,3,2.6,10.2,408732
2,2,4138,17,2,3,6.8,41.2,591837
2,1,3003,12,3,1,3.9,45.8,398154
6,5,1443,42,0,3,8.7,27.3,300753
2,2,3337,13,0,2,2.1,36.7,422947
3,2,3160,27,3,1,4.9,7.0,486995
1,1,3436,17,3,1,4.6,30.8,491836
4,4,4944,58,1,2,9.4,35.4,700613
2,1,4447,59,2,1,2.4,23.2,524681
5,5,2176,56,2,1,1.1,12.9,326459
2,2,1696,27,3,2,3.1,44.0,212114
5,4,4605,50,3,1,8.4,37.4,677562
3,2,3287,55,0,1,2.9,45.1,399580
5,4,1961,26,3,2,3.2,41.1,307035
4,4,3818,31,0,3,2.2,49.5,462152
1,1,1166,46,3,2,7.4,10.4,228673
5,5,2676,8,1,1,1.6,5.3,437156
5,4,4243,39,1,2,4.0,17.5,605171
1,1,1100,31,0,1,3.5,7.3,187964
4,3,3152,19,2,1,6.0,26.6,460581
2,1,4922,27,1,2,7.6,32.0,680313
5,4,4324,32,0,1,5.8,29.3,611352
1,1,4406,3,3,3,9.4,13.7,676447
3,3,1479,45,3,1,9.6,45.5,302815
1,1,2951,56,0,2,4.3,2.0,393580
3,2,1128,33,2,3,8.0,18.1,235697
4,4,2129,47,0,3,7.6,36.2,365125
2,1,4196,2,0,1,9.0,38.6,620032
1,1,3930,25,1,2,5.0,21.4,551617
6,5,4174,7,0,1,5.8,1.8,666054
5,4,4429,5,0,1,4.7,31.3,632932
4,3,3265,15,3,2,8.7,4.1,538796
1,1,4869,23,1,2,3.1,6.3,602731
5,4,615,47,3,1,3.2,32.9,138111
1,1,2503,38,3,3,4.4,16.3,379302
3,2,1192,29,2,1,3.1,18.1,215465
1,1,3662,44,2,3,6.0,24.9,509678
6,5,1605,12,1,1,2.2,49.0,256107
1,1,3508,4,1,2,3.9,48.3,488762
1,1,2661,24,2,3,9.2,21.4,447787
6,5,653,19,2,2,4.7,14.0,205378
4,3,4199,53,2,2,7.7,15.8,609610
1,1,4910,17,2,2,2.0,14.2,608763
6,5,4286,46,2,2,3.2,27.1,578866
5,4,1564,17,3,2,8.3,30.7,322932
3,2,4700,1,1,1,7.9,25.0,687900
3,2,2413,9,3,3,4.5,21.0,387746
1,1,1716,54,3,1,9.6,11.4,311646
4,4,2901,44,0,1,9.2,24.6,481612
4,4,2272,49,3,1,9.7,17.7,454562
5,5,2460,46,2,2,4.9,27.5,375964
1,1,3280,11,2,1,2.8,34.1,411923
3,3,3371,46,0,3,6.6,32.0,442066
4,4,1160,12,0,1,7.2,23.7,254552
1,1,3135,49,0,2,2.1,28.2,368453
4,3,2829,46,0,3,8.1,15.0,471924
6,5,4454,56,0,3,1.2,2.2,596518
4,3,2950,54,3,3,5.3,31.6,429848
3,3,1632,10,0,3,4.0,13.4,281357
2,2,1199,18,3,1,7.7,33.8,259037
5,4,2538,34,1,2,3.8,37.6,345736
5,4,2679,38,0,3,8.4,45.9,453395
3,3,3338,52,0,3,6.4,47.9,481770
4,3,1373,25,3,2,8.1,1.5,332142
1,1,583,45,1,1,9.9,49.5,129364
4,3,1922,13,3,3,7.1,34.5,354746
3,2,3175,53,3,1,9.9,32.5,521840
5,5,3680,44,0,1,1.3,1.7,480310
4,3,4816,43,2,1,4.0,43.2,642394
5,4,4475,23,2,1,2.0,8.1,617431
1,1,1891,40,3,3,3.4,42.0,258509
5,5,3718,0,0,3,8.5,1.8,609306
5,4,4707,50,1,1,1.3,32.7,601161
2,2,1114,42,2,1,5.7,22.3,207479
2,1,3471,54,1,2,6.1,10.8,457531
6,5,4065,21,2,2,6.1,6.3,637708
2,2,4076,22,0,2,5.3,22.6,566249
5,4,770,55,3,3,8.1,7.0,237216
3,2,4566,53,1,2,2.2,24.8,527615
5,4,2968,18,1,3,3.8,31.6,442527
3,2,1890,17,3,3,6.5,41.5,355261
3,3,3854,11,1,3,7.2,34.3,566899
2,2,4635,54,2,3,4.6,4.2,653808
4,3,4107,27,3,2,8.9,16.1,631706
1,1,3083,27,2,1,4.7,15.1,408647
2,1,4573,59,2,1,4.6,45.8,571099
2,1,3575,58,0,1,1.3,43.5,385487
4,3,4406,32,2,2,6.0,19.1,640671
1,1,789,18,0,1,7.4,4.5,179122
5,4,2980,27,1,2,2.0,44.8,431441
6,5,3752,58,1,2,3.7,44.5,504860
6,5,778,51,0,2,8.0,42.9,207445
5,5,3424,48,2,1,4.3,42.4,493406
2,2,1080,36,3,1,3.2,24.5,194681
1,1,753,25,3,1,7.0,9.7,216836
2,1,4776,34,0,3,2.8,24.4,595225
3,2,1324,33,1,2,9.1,25.2,269435
2,1,4332,34,1,3,2.0,25.0,508389
2,1,1199,39,3,2,7.4,27.4,273618
5,5,1880,15,0,1,5.5,13.6,347148
5,4,4396,37,3,2,8.8,18.9,698648
5,4,2173,12,2,2,2.1,22.3,353372
6,5,3227,22,2,3,7.1,7.4,553204
3,3,3656,59,0,2,6.1,23.3,511758
5,4,3888,53,0,1,5.3,40.7,519965
1,1,4807,21,2,2,5.4,41.6,625614
6,5,883,15,1,2,7.5,21.2,240897
4,4,841,27,0,2,9.4,26.4,264889
1,1,2487,47,2,3,1.8,2.6,339083
1,1,4559,34,2,2,1.2,34.0,584120
5,5,3609,59,1,2,8.3,20.8,601370
4,4,4582,44,1,3,2.0,22.8,574585
4,4,3298,45,1,3,9.9,43.8,541009
6,5,3740,7,1,3,6.6,23.6,572142
4,4,2488,43,3,3,6.9,2.0,441616
3,3,3914,54,1,1,2.8,12.1,516708
5,4,2349,54,3,1,3.2,24.3,329820
4,3,805,21,0,2,6.9,21.8,191498
6,5,4113,20,2,1,9.2,43.2,654770
3,2,3249,25,3,2,9.8,27.6,537100
2,1,1635,39,0,1,2.8,34.8,185023
2,1,705,20,0,3,2.2,24.0,100323
3,3,3950,24,3,3,1.5,22.5,504811
6,5,4311,40,0,1,8.8,22.9,636149
3,3,4122,0,0,1,3.7,21.1,557876
5,4,4099,5,3,2,1.0,27.4,585937
5,5,3051,22,0,2,3.0,13.3,471531
2,2,4808,50,1,2,4.1,44.7,634000
4,3,809,22,1,3,9.9,17.3,262686
6,5,3208,42,2,3,5.7,8.2,524109
2,2,2491,42,0,3,2.8,5.7,350157
4,3,771,22,2,3,4.0,1.7,207894
4,3,4142,31,1,2,4.0,21.7,541640
5,4,4586,29,1,3,1.2,10.2,651896
1,1,2322,12,1,3,2.2,2.1,293634
1,1,3773,42,0,3,7.3,26.5,539134
3,2,4849,17,0,3,2.1,34.3,616227
5,4,1020,22,1,1,3.1,5.2,193347
4,3,1476,14,2,2,4.2,23.6,278296
6,5,4222,32,2,2,7.8,37.4,644199
1,1,4051,20,3,3,6.2,49.3,543290
4,3,4605,56,1,1,7.2,33.7,611592
1,1,3273,38,2,2,6.1,13.0,441420
1,1,3052,22,1,2,7.2,36.1,426983
1,1,3332,26,2,3,1.0,30.3,404342
6,5,4407,44,3,3,9.4,11.4,690085
5,4,652,43,3,2,2.0,42.7,131948
6,5,3464,17,1,2,4.7,21.9,512574
2,1,3416,23,2,1,7.9,48.1,498367
4,4,3300,50,0,2,4.9,36.4,478032
5,4,2252,46,3,2,9.5,32.6,425041
5,4,3110,39,1,3,5.2,36.7,460259
5,5,4375,50,1,2,8.9,24.4,652324
5,5,1604,41,2,3,8.3,25.8,363874
6,5,3036,6,1,2,9.8,42.7,529016
5,5,4699,49,3,2,9.3,34.4,757879
3,2,4354,47,1,2,9.1,45.0,595011
4,4,3994,19,1,1,7.6,44.7,591391
5,4,2414,26,0,3,4.3,48.8,384066
4,4,3572,5,0,1,2.0,35.3,464431
3,2,1506,26,3,2,7.2,25.6,289753
3,2,906,8,2,1,9.8,9.1,277566
4,3,666,52,0,3,7.5,35.6,176724
1,1,1008,44,2,2,9.4,15.3,239708
2,1,2161,56,3,1,8.2,14.9,379578
1,1,4164,30,0,1,2.5,12.7,511914
1,1,3989,20,2,3,3.2,43.9,535356
6,5,1180,25,0,1,4.1,43.5,186737
1,1,3024,39,3,3,2.5,31.9,409512
5,5,2620,47,3,2,6.2,24.2,456327
6,5,4857,44,0,2,9.8,33.9,713701
6,5,1863,12,2,1,7.9,30.8,350883
3,2,1831,48,1,2,4.8,21.4,276370
1,1,2792,22,1,2,1.0,19.6,353913
3,2,2038,19,0,1,3.8,19.8,295156
4,4,3908,36,2,2,5.7,29.9,575391
2,1,1060,53,1,1,3.9,32.7,183110
6,5,1599,52,3,3,2.0,23.1,247599
4,3,2403,27,2,3,5.0,48.5,331032
4,3,674,16,1,3,3.3,5.1,171297
5,5,2656,27,2,1,9.2,18.0,469070
2,1,2730,40,0,1,1.9,21.5,325716
4,4,4787,1,2,2,1.4,1.8,686490
4,4,4660,24,1,2,1.0,18.9,607097
2,2,4420,57,0,2,4.0,14.4,565580
2,1,1997,49,2,2,6.9,25.8,308063
4,4,4354,40,3,2,7.6,17.5,655679
2,2,3671,5,1,1,5.1,36.6,511039
4,4,2067,10,0,1,7.2,26.0,413281
4,3,1651,56,2,3,4.2,7.4,287538
5,4,868,37,3,3,7.0,37.8,249809
1,1,542,5,1,3,1.4,5.9,109090
4,3,2407,44,3,3,4.5,42.1,326450
3,2,3990,10,2,1,8.1,46.6,574693
6,5,3035,13,2,1,8.2,16.8,537705
1,1,4673,1,0,1,7.4,46.4,642421
1,1,3373,39,3,2,2.8,39.9,429316
1,1,2324,2,0,2,3.2,46.2,316985
5,4,1793,54,1,3,10.0,33.6,328140
4,3,3886,52,0,2,1.9,12.5,504126
5,4,3472,34,1,1,2.6,44.8,486790
4,3,4422,32,2,3,2.2,10.0,584972
5,4,1492,23,2,3,3.9,11.4,309645
5,4,2886,18,3,2,2.9,14.3,467034
6,5,2740,17,1,3,5.5,15.9,441357
3,3,1976,48,2,2,5.3,26.2,317844
5,4,3907,51,3,2,9.1,36.0,610694
6,5,889,23,3,3,1.3,46.4,174350
2,1,1499,44,0,2,3.9,5.3,197276
3,3,2355,34,3,2,6.4,47.8,363693
5,4,1158,0,2,2,6.4,46.1,258549
1,1,3263,35,0,2,5.3,3.6,421927
2,1,4163,24,1,3,8.3,18.7,586835
2,1,1981,44,1,1,1.6,40.8,212733
6,5,4231,48,2,1,8.3,31.0,626350
2,2,951,59,2,2,5.5,39.2,166686
3,2,2975,42,0,2,2.2,36.2,387667
5,4,3722,33,0,2,9.0,25.3,576633
5,4,2037,24,2,1,6.8,3.0,401534
1,1,3593,15,2,2,2.5,29.6,480264
6,5,1382,33,1,3,1.3,3.4,249435
1,1,4908,28,1,3,2.3,30.6,614279
2,2,4568,18,1,3,6.5,40.2,623914
1,1,3066,22,2,1,2.6,29.7,373141
3,3,3777,18,3,2,3.0,49.9,493497
5,4,874,24,2,2,1.2,23.3,174396
2,1,4197,15,2,2,7.5,37.7,595379
1,1,3562,53,1,1,8.3,33.7,505474
6,5,3750,50,2,1,8.2,49.6,535430
3,2,612,8,0,1,2.1,35.9,74021
3,3,3697,0,2,1,9.1,9.0,575458
1,1,2878,41,2,3,7.1,47.8,409110
5,5,2424,18,2,1,9.1,33.7,420230
1,1,639,32,2,1,5.0,3.9,151410
2,1,1924,33,3,1,4.9,33.2,303249
1,1,3449,15,2,2,8.1,44.3,528484
3,3,3668,43,0,2,1.8,29.3,485322
1,1,1016,39,0,2,5.7,18.3,160579
5,5,3116,54,2,3,8.5,41.2,471816
6,5,1387,17,1,3,8.5,39.3,307051
4,4,3604,33,3,1,9.6,27.7,600393
1,1,549,24,2,2,7.3,8.6,160028
5,5,4451,44,2,3,2.9,13.3,622083
5,4,4060,5,2,2,1.2,37.2,540613
6,5,518,20,1,3,5.3,40.5,202000
3,2,1973,57,1,3,5.6,14.7,293033
5,5,4561,5,1,1,3.2,19.0,644245
5,5,3106,31,3,1,2.1,4.8,485692
5,4,951,40,0,3,6.3,36.0,241811
5,4,4265,47,3,1,7.9,1.2,649693
2,1,2938,42,1,3,9.9,3.3,501291
2,2,4810,38,0,3,7.8,1.2,673946
3,2,2049,30,0,2,8.1,32.6,366285
1,1,3974,41,1,1,6.5,21.5,568827
5,5,627,9,1,1,9.9,15.6,235843
6,5,3261,29,3,1,6.8,45.7,528220
1,1,4956,56,1,2,8.7,10.4,705709
6,5,1915,51,0,2,9.5,20.1,372985
1,1,701,17,2,2,9.4,47.1,193543
3,2,2869,59,1,1,4.4,21.9,400331
5,4,1017,23,1,1,1.7,28.2,213365
5,5,1841,51,3,1,2.5,4.9,271455
4,3,2488,8,3,2,1.5,39.7,355375
6,5,4045,30,1,2,1.9,21.7,538906
1,1,4302,14,0,3,2.7,40.2,532851
1,1,3775,3,0,2,4.1,13.4,496198
2,2,4154,39,2,3,5.9,21.7,575833
4,3,2934,8,1,1,7.4,39.5,446774
2,2,707,44,3,2,2.9,48.7,112041
2,2,3133,8,0,1,7.1,3.9,501985
2,1,4617,25,2,1,7.3,40.8,626742
6,5,653,3,1,1,6.0,15.7,246055
6,5,3866,16,0,1,9.1,28.0,637313
3,2,4814,15,1,2,2.0,15.2,666109
3,3,2018,14,1,1,2.6,31.1,297446
2,2,3100,34,0,3,4.9,18.3,432117
4,4,2695,56,0,2,2.1,17.3,333073
1,1,4998,51,0,1,6.1,2.9,642962
6,5,4054,4,1,2,4.6,8.2,616804
4,3,2914,54,1,3,3.6,45.9,387656
5,4,3349,4,2,1,2.5,49.9,510183
6,5,2242,19,3,3,4.0,39.2,376735
6,5,1806,14,1,1,6.5,15.1,326106
3,3,4349,17,3,3,6.2,20.7,653251
1,1,4668,46,0,1,2.5,37.2,560360
1,1,4695,1,1,2,2.1,48.5,569265
5,4,3055,28,2,1,1.2,23.3,462325
5,5,2805,12,2,2,1.1,41.6,362286
6,5,1588,3,3,1,8.9,48.8,377247
2,1,3142,41,0,1,1.4,43.8,354030
3,3,1677,44,3,3,7.6,12.1,311000
3,3,3494,9,0,3,8.8,1.4,613147
6,5,1059,30,2,3,1.9,25.1,223841
4,3,3464,40,3,1,4.9,27.0,495799
2,2,1771,7,2,1,9.7,10.9,353822
6,5,2313,2,2,1,8.5,14.9,462445
2,1,3415,47,0,2,5.4,38.5,436379
2,2,1109,45,3,2,7.9,24.0,259593
2,1,2961,8,3,1,8.5,16.6,486863
6,5,4620,29,2,3,4.1,31.5,678696
3,3,783,52,2,3,9.0,33.0,213467
3,3,3428,10,0,3,5.2,38.7,503868
2,2,4896,34,1,1,5.8,8.7,690399
4,4,1591,36,1,3,10.0,37.3,360678
1,1,1316,41,2,1,8.6,30.4,251936
6,5,582,12,1,2,4.3,3.8,183056
1,1,2420,35,1,3,1.1,39.1,280135
4,4,3991,55,1,2,6.6,19.8,576260
6,5,3644,12,1,3,7.3,17.2,586034
2,2,2593,11,2,1,6.9,23.0,399159
3,2,675,36,1,1,9.7,18.0,209700
1,1,3204,9,1,1,8.8,17.6,476521
5,5,869,59,0,1,5.0,40.6,144684
5,4,2318,55,2,3,1.6,7.1,313768
4,3,2601,8,3,2,5.3,48.6,416533
2,2,3990,51,3,1,7.2,28.2,569227
1,1,2279,6,0,3,6.5,10.0,358698
2,2,1864,1,0,2,5.8,7.4,339151
1,1,4962,53,2,1,5.2,30.0,615307
4,4,3842,55,3,2,3.6,32.0,534008
4,4,4176,59,1,1,3.5,3.6,568770
5,5,2926,22,0,2,5.5,12.9,453287
2,1,572,38,3,2,2.4,40.0,84337
6,5,3462,39,2,1,4.1,3.4,518838
5,5,1359,38,1,3,3.9,42.9,241500
2,2,4356,20,2,2,6.3,33.2,618212
5,4,4638,22,0,1,1.6,22.3,601057
6,5,2924,28,3,2,8.5,18.0,510486
3,2,1564,13,3,2,6.1,1.9,316532
3,2,2717,25,3,3,7.0,41.4,399609
3,2,4517,50,3,2,7.3,8.0,657198
3,2,2759,4,1,2,3.6,16.2,436338
1,1,4251,54,1,1,5.2,28.9,528740
3,2,2586,30,2,1,9.6,13.1,445968
6,5,868,24,1,3,7.9,25.4,274718
4,4,3304,30,0,2,9.7,40.7,536250
4,4,650,49,0,2,7.7,24.1,183063
1,1,1634,19,3,2,2.6,47.5,218591
3,2,3284,43,0,3,1.6,42.5,376988
3,3,4664,54,2,2,6.2,17.3,657653
3,2,2846,16,1,1,4.2,20.6,386905
5,4,2750,44,1,3,3.5,21.7,369782
2,2,560,1,1,1,8.3,31.7,195578
5,4,3510,24,0,1,4.3,15.1,517359
2,2,4401,12,1,3,3.9,48.5,589197
3,3,1837,57,3,1,8.6,30.8,316121
3,3,1684,38,3,2,8.6,20.6,342617
5,4,4926,27,3,3,4.2,32.6,684420
5,5,2051,41,0,1,8.5,20.4,370240
2,1,4933,54,1,2,8.7,41.1,684114
4,4,2129,5,0,2,4.8,28.8,344509
2,2,1827,2,1,1,1.6,3.1,259239
5,5,2026,57,2,2,1.0,9.7,275783
6,5,2173,34,2,3,5.7,43.4,379660
5,4,1861,17,0,1,4.1,28.6,322485
6,5,2073,10,3,2,10.0,47.6,412300
1,1,3186,53,0,2,8.0,4.5,475703
5,5,4870,19,3,1,7.9,15.5,727874
1,1,2866,4,1,1,9.6,10.5,485787
4,3,4257,18,3,1,9.0,28.1,657996
2,1,2934,21,3,1,3.9,19.8,420860
6,5,2493,58,1,3,2.5,8.7,366768
2,1,1369,59,2,1,7.7,32.5,240876
1,1,1514,18,1,3,4.4,27.3,223152
6,5,2411,46,0,3,5.3,14.5,390807
2,1,1102,15,0,1,6.7,24.5,181399
5,5,4321,23,0,3,9.2,37.5,647839
3,3,1190,40,0,1,4.8,11.1,200756
1,1,993,3,0,1,8.0,15.4,224307
2,1,989,14,2,2,3.4,18.0,190615
1,1,3056,24,2,1,7.3,37.6,429687
1,1,4985,43,3,2,1.0,42.5,589611
6,5,794,54,0,3,8.8,19.4,268803
6,5,4527,34,1,2,1.3,15.5,616053
3,3,3343,54,0,3,7.4,44.6,463407
5,5,3412,13,2,1,1.4,50.0,431427
1,1,2217,48,0,3,3.4,33.8,260546
2,2,3096,18,2,3,5.5,49.5,422739
4,3,2373,37,3,1,4.8,33.3,400844
1,1,3758,35,3,3,2.7,36.9,463854
1,1,3317,6,3,1,4.0,20.0,465375
3,3,944,29,2,2,7.5,22.2,236374
5,4,4141,18,0,1,7.0,8.1,647867
4,3,4958,48,0,1,1.6,41.3,604009
6,5,1241,24,1,3,7.7,46.6,272747
6,5,2541,15,2,2,1.5,31.5,373033
2,2,1179,46,1,1,5.9,17.8,213660
4,3,2967,53,3,2,3.3,8.5,421171
6,5,4197,39,0,2,6.3,14.0,605641
2,1,1858,50,2,3,3.4,13.5,260182
5,5,562,7,1,1,9.9,31.1,208924
2,2,3059,17,1,3,3.8,47.3,442796
6,5,4269,27,1,1,3.2,3.4,626257
3,3,4851,15,0,2,3.5,1.1,690529
3,3,634,51,0,1,9.1,30.4,181710
3,3,4144,18,0,1,6.7,14.9,625699
6,5,2635,41,2,2,7.6,44.1,448811
3,3,3778,16,0,2,9.3,17.0,601348
4,3,1322,44,2,1,9.2,15.2,257158
5,5,3574,12,1,3,7.7,14.2,569663
2,2,3481,6,1,1,2.8,8.1,478672
2,1,620,26,3,2,8.6,29.5,189390
6,5,2137,9,0,3,2.8,9.2,361279
3,2,1424,33,1,2,7.7,21.8,283021
3,2,1144,35,0,2,7.2,23.6,234351
1,1,2532,24,2,3,7.8,2.0,436369
5,4,3261,5,1,2,5.8,1.8,543433
4,3,2568,23,0,2,6.7,26.5,430824
2,2,741,17,1,2,9.6,35.1,228414
1,1,3168,22,1,2,1.9,47.2,383290
1,1,1302,5,0,2,3.8,9.8,249244
6,5,4664,28,1,2,6.5,6.1,728527
2,2,695,24,1,2,9.7,3.6,208751
6,5,2687,54,1,2,1.9,22.4,389536
4,3,4015,16,1,2,1.2,31.5,490241
1,1,2830,45,2,1,1.5,42.2,297736
1,1,2859,23,1,1,1.5,34.4,334389
5,4,4106,10,3,2,9.2,11.2,661038
4,4,776,25,1,1,7.5,23.6,203234
1,1,560,50,0,3,7.1,45.6,116755
4,3,3890,33,3,1,5.7,17.0,595885
2,1,2413,27,2,2,8.0,25.4,413552
3,2,4427,2,3,2,2.4,48.0,590912
1,1,3091,10,3,1,4.5,37.0,408081
5,4,1066,37,3,2,5.4,37.6,219496
2,1,4435,13,0,3,2.0,13.4,582102
4,3,2071,50,0,3,4.8,21.3,302901
6,5,1700,25,0,2,3.8,5.0,289350
2,1,4909,47,2,3,1.3,30.7,608009
1,1,3354,20,0,3,2.2,6.1,436511
4,3,3395,53,0,1,7.9,42.0,483752
3,3,1736,55,3,3,1.2,40.9,248514
2,2,636,38,0,1,9.4,27.1,194301
1,1,1529,29,1,2,1.8,7.9,241140
5,4,2656,58,0,1,8.2,2.3,432710
6,5,3094,7,2,2,9.1,40.0,546835
4,4,1161,50,2,2,9.5,30.4,272979
2,2,2972,19,1,2,8.8,35.8,469349
2,1,3177,47,2,2,3.6,15.9,405967
3,3,2808,31,2,2,4.0,26.0,381317
3,2,586,21,3,1,4.8,37.6,143974
5,5,3012,58,1,2,2.3,23.7,399586
6,5,3442,6,3,3,1.2,30.5,522359
5,4,3273,8,3,3,8.8,39.7,528056
1,1,3004,44,0,2,6.0,11.5,392162
1,1,3810,0,1,3,6.5,4.2,556058
5,4,2200,28,0,1,9.3,27.1,373982
6,5,4170,7,0,1,7.0,4.0,683966
5,5,3200,55,3,2,7.2,38.6,497471
6,5,4129,53,2,2,8.1,36.2,615829
6,5,2147,3,1,2,2.0,44.2,341466
4,4,3818,34,2,3,4.2,32.3,556696
6,5,4187,58,3,3,9.7,4.3,690498
3,3,1096,2,3,1,9.3,13.4,294047
6,5,984,53,3,3,9.0,40.6,249587
6,5,1145,44,3,1,5.1,9.2,273830
6,5,3589,39,3,3,8.7,35.2,615177
1,1,4884,6,3,1,1.4,39.2,602366
3,2,1220,26,2,2,2.3,17.2,185821
3,3,998,0,0,3,4.7,16.8,217301
5,4,2173,26,2,1,5.4,28.3,364748
4,3,3567,15,1,3,3.4,43.2,469042
6,5,614,37,2,2,4.2,12.0,178354
2,2,3479,6,3,1,2.5,47.1,488955
4,4,2236,43,2,3,5.4,30.4,336805
4,3,4111,22,0,3,8.1,49.6,584733
3,3,2753,40,1,2,7.0,5.4,422397
4,3,2794,58,2,2,2.0,7.2,371875
6,5,4130,10,0,1,5.4,41.5,590036
6,5,646,41,2,3,7.3,43.4,212638
1,1,4482,52,1,3,5.8,22.8,613161
6,5,3953,32,2,2,4.5,36.0,579329
6,5,2910,49,3,2,6.6,43.5,453840
3,2,636,35,2,1,9.7,3.1,249161
6,5,3860,36,0,3,1.9,29.1,488317
1,1,3505,40,2,3,4.5,42.8,467588
2,1,4052,58,0,1,4.7,20.5,497464
3,2,518,16,1,1,6.2,15.8,158302
2,2,2742,34,2,2,2.4,40.0,363219
3,3,948,47,1,2,2.6,17.5,127778
5,5,2448,4,1,1,3.6,1.2,411804
4,3,1445,47,2,1,9.6,48.0,290951
5,5,4736,31,0,3,7.6,30.0,720315
6,5,2420,2,1,1,7.0,41.2,472610
2,1,3477,51,1,1,8.4,41.4,457766
6,5,4688,46,2,3,2.1,4.3,681844
4,4,4515,34,2,1,8.7,9.4,688028
3,2,738,51,2,2,6.4,16.2,162652
4,3,704,13,2,2,4.0,16.7,187167
1,1,3107,47,2,3,8.3,33.3,433687
4,3,4840,30,3,1,8.2,31.5,685883
1,1,3888,30,2,2,8.6,25.2,535476
4,4,3472,16,0,2,2.0,11.4,492264
1,1,4890,59,1,2,9.7,19.7,686203
2,1,3187,23,0,2,9.6,27.6,476512
6,5,4666,51,0,1,4.2,23.9,665207
6,5,1848,22,3,1,1.6,7.2,307953
5,5,4900,17,2,1,2.5,32.8,687675
6,5,1316,49,1,1,9.9,4.6,330280
3,3,1320,53,0,2,6.1,19.5,218606
4,4,692,13,2,3,4.2,35.8,173052
5,4,2276,49,2,3,3.6,2.0,348694
3,2,4145,14,3,2,3.3,28.9,572513
3,2,750,14,3,2,7.0,17.4,214965
1,1,2288,5,3,3,4.8,1.4,383202
6,5,4200,26,1,3,9.7,10.3,704226
2,2,2963,14,0,2,7.2,47.1,431411
2,1,1667,49,3,2,8.1,26.5,270378
5,5,4393,35,3,1,3.6,49.9,616667
2,2,1596,54,3,1,1.7,26.7,209563
4,3,3179,7,0,3,5.4,27.7,444749
2,2,2347,14,0,2,3.8,20.2,342628
5,5,4404,2,3,3,2.8,16.2,653084
2,1,1004,46,3,1,9.6,13.3,236652
4,4,2121,12,2,1,5.0,17.8,359448
1,1,2972,40,3,3,2.6,23.5,379968
5,4,3046,33,1,1,2.8,10.4,449338
1,1,1887,23,1,2,3.5,12.0,275861
1,1,3494,39,3,3,10.0,14.3,534013
1,1,4316,31,0,2,3.4,23.0,571978
3,3,1217,31,2,2,4.0,33.0,197576
6,5,3984,29,0,1,6.9,43.0,537809
3,2,4934,51,3,2,3.6,15.1,647700
6,5,1158,48,1,3,2.9,10.0,248022
1,1,4508,12,2,2,2.4,19.6,578524
5,4,4734,0,0,2,3.8,44.8,616564
6,5,4264,33,0,2,2.0,1.5,576627
4,3,3489,14,3,2,1.2,34.2,453464
4,4,2604,43,2,2,8.2,24.4,429721
2,2,1755,13,1,1,2.2,8.9,254869
6,5,2982,56,3,3,8.0,16.7,521551
5,4,883,28,2,1,8.2,12.0,257988
3,3,3107,33,0,3,5.8,44.0,442100
1,1,693,17,3,3,3.8,24.6,176745
2,1,4307,53,0,3,2.3,28.6,538325
4,3,4219,6,0,3,7.6,30.1,643093
3,3,3081,28,3,3,6.4,32.3,443360
3,3,3065,54,3,2,6.9,25.3,452431
1,1,3263,30,3,1,1.1,1.9,394249
6,5,3298,24,3,1,9.3,17.4,563768
4,4,2839,37,3,2,1.6,10.0,424939
5,4,3906,13,0,3,4.3,34.3,550003
3,3,1231,7,1,1,4.6,3.8,265294
1,1,3372,26,1,2,1.0,28.6,418762
5,5,3620,53,3,2,5.5,11.3,554137
6,5,4677,1,0,1,7.8,47.5,712677
4,3,3104,16,1,1,8.4,17.4,532399
6,5,2882,36,1,3,8.9,16.9,517845
3,3,1031,13,1,3,5.4,46.2,205736
5,4,4816,24,0,1,6.7,21.5,701869
5,5,1134,55,3,3,1.7,48.2,157805
5,5,2269,29,3,2,5.4,2.2,409724
3,3,4304,28,3,3,2.4,16.0,587160
3,3,2870,19,2,3,4.3,33.6,416369
6,5,502,20,2,2,4.0,44.7,140872
2,2,705,52,2,3,4.8,13.6,170256
6,5,4635,21,0,2,6.1,46.6,664123
4,3,3121,34,1,3,9.1,30.1,510239
1,1,3390,36,1,1,4.6,40.2,457247
5,5,3693,15,0,3,9.8,20.5,609236
2,2,3166,49,0,1,7.8,11.4,458380
1,1,3806,57,3,1,5.6,45.7,515743
2,2,1397,48,3,1,6.8,46.7,207183
6,5,1585,42,2,1,1.9,25.4,259657
3,3,1779,16,2,1,8.6,1.3,349756
5,5,1170,15,0,2,6.2,6.4,279459
6,5,2005,57,2,2,9.9,29.1,406928
1,1,4075,54,1,2,6.7,2.2,574899
1,1,2455,1,0,1,8.5,20.4,415197
1,1,749,3,0,3,8.2,15.9,194217
1,1,2392,20,1,2,4.1,36.0,320123
1,1,3939,38,3,3,3.3,3.7,542418
2,1,2353,33,3,3,4.9,24.9,371070
6,5,3354,29,1,1,5.2,29.4,484635
5,5,2003,5,1,1,3.2,31.2,331946
3,2,3885,16,2,1,9.1,20.9,593420
3,3,4071,38,0,2,5.9,15.9,572153
6,5,4292,24,2,1,9.8,34.4,675338
6,5,3926,4,1,2,8.3,42.5,609168
3,2,543,4,2,2,6.0,35.0,144453
3,2,4112,19,1,2,9.5,46.7,605264
2,2,3118,15,2,2,5.5,36.1,457221
4,3,3663,50,2,1,9.0,38.5,540740
5,4,1788,40,3,2,4.2,9.2,344274
1,1,3442,36,1,1,4.4,21.6,495340
4,3,719,39,2,1,4.8,24.8,172660
6,5,2425,8,0,2,5.9,13.6,426647
3,3,3472,4,2,1,6.0,26.9,505077
4,3,4013,41,2,3,5.5,15.2,590033
5,5,2948,56,0,1,3.8,34.7,433047
6,5,3971,1,1,1,9.3,24.0,687896
1,1,3274,8,3,2,6.3,23.5,511993
1,1,1490,42,3,2,4.7,49.2,227457
5,5,3446,35,3,1,6.9,20.2,556047
5,5,2312,21,0,2,7.9,18.8,398902
3,2,1303,21,2,3,9.6,16.6,304434
1,1,989,21,1,3,5.5,44.8,164271
6,5,4056,33,2,2,2.0,25.3,564077
4,4,1993,54,3,1,5.0,30.4,306093
6,5,4145,28,2,3,5.3,9.9,649082
2,1,3391,37,0,3,9.1,27.5,499661
2,1,2205,58,0,1,4.6,14.5,291482
5,4,4016,45,1,2,9.6,36.8,602550
3,2,3840,32,1,3,5.4,41.8,529741
2,1,553,17,3,1,9.8,36.0,217450
1,1,3075,6,1,1,1.1,36.8,372676
6,5,4091,0,2,3,9.1,26.1,683174
6,5,1115,32,0,2,9.4,35.9,314281
5,5,1454,0,0,3,9.6,21.7,371563
4,3,2933,23,0,1,1.1,32.9,386813
5,4,2129,3,1,3,2.5,13.7,362092
4,4,3281,3,0,2,6.9,4.4,520137
5,4,1149,17,0,1,1.2,21.3,176807
5,5,2847,26,0,2,1.6,23.6,401553
5,5,4990,42,3,3,3.0,13.6,699627
4,3,3778,58,3,3,5.6,36.7,521282
4,4,3140,31,1,2,5.9,4.6,505134
5,4,4301,32,0,3,1.3,11.9,570097
2,2,3061,27,1,2,2.5,37.7,412668
3,3,3749,41,0,3,5.5,22.4,523316
3,3,870,40,0,2,6.3,35.6,172508
3,2,1357,54,0,2,2.3,28.8,160549
4,3,883,35,1,1,4.6,47.6,145065
4,4,4377,59,1,1,9.1,30.3,662002
2,2,3052,5,0,2,10.0,1.7,520580
3,2,4834,15,2,3,9.9,18.3,742074
3,2,4790,33,1,3,8.9,8.0,737625
5,5,3225,22,3,3,4.6,46.3,465661
4,4,4534,49,1,2,7.2,6.1,675035
3,2,3793,41,0,2,4.7,20.0,484972
6,5,4751,23,2,2,6.8,12.1,715820
2,1,4488,55,0,2,3.8,42.5,525376
6,5,1422,48,3,1,6.5,16.1,319869
6,5,3415,12,1,2,5.7,49.6,485469
2,2,3450,55,1,3,1.2,2.9,434189
6,5,3546,17,0,1,8.1,7.3,563030
3,3,1474,53,0,3,1.1,12.0,184373
4,3,1730,12,3,2,3.6,40.7,274853
2,2,2935,48,2,1,1.1,44.0,368546
5,4,2314,36,3,2,4.4,4.5,388075
6,5,3434,42,2,1,1.6,2.6,525721
2,2,1863,38,1,3,9.2,37.5,361291
1,1,4440,41,2,2,4.7,7.5,632112
1,1,703,16,2,2,5.1,7.5,164314
4,3,660,14,1,1,4.1,2.1,180693
3,2,4987,17,1,1,6.6,3.4,717061
4,3,1268,22,1,2,8.1,13.9,279925
4,3,4248,53,3,1,6.8,4.2,636250
4,4,3081,50,1,2,7.7,19.1,467433
4,4,1593,29,0,1,9.2,41.8,272402
5,4,1107,57,1,3,8.8,17.0,282166
5,5,2040,33,1,1,7.1,36.7,350171
2,2,3375,57,1,3,2.9,5.6,428919
1,1,3691,3,2,1,6.7,33.3,511040
4,3,2337,2,3,1,5.6,16.5,431953
2,2,1189,6,1,2,7.5,37.7,247703
1,1,4259,55,3,1,8.5,7.7,584494
6,5,3449,17,0,1,7.7,45.0,515531
3,2,2603,41,0,3,8.6,12.9,421626
5,5,865,6,1,1,1.6,18.3,189030
6,5,4075,39,0,2,1.3,47.6,509666
1,1,4699,5,3,3,3.3,29.3,620209
6,5,4672,21,2,2,9.1,18.9,739236
3,2,4825,57,1,2,8.4,47.5,659166
1,1,2878,0,0,2,7.1,17.1,395282
6,5,1705,3,3,2,7.3,5.6,391953
5,4,4339,45,3,3,7.5,49.8,606092
5,4,3235,48,0,1,9.5,14.1,520746
2,1,3847,51,3,2,8.5,42.7,539722
6,5,2175,49,3,3,6.6,9.1,390220
4,3,798,42,1,2,7.0,36.8,202165
6,5,1456,28,3,1,2.9,26.7,249414
1,1,1614,20,0,3,6.9,49.1,241006
1,1,3005,25,1,3,4.8,28.1,428812
6,5,1974,13,0,1,2.4,2.2,322892
3,3,4960,8,2,3,8.3,30.6,716366
5,5,4946,58,0,1,5.6,8.1,683503
1,1,4226,46,0,3,9.8,40.1,599708
5,4,3971,11,1,3,3.5,43.0,582997
1,1,3328,41,3,1,5.3,24.6,440124
2,1,3350,50,0,1,5.0,39.4,410490
4,3,3006,55,1,3,2.1,8.1,407302
1,1,4270,50,2,3,4.8,25.1,563474
5,4,3464,5,1,1,3.6,20.3,496629
2,1,1449,19,1,1,2.4,31.0,211425
1,1,3350,23,3,3,3.5,3.2,457618
3,2,665,26,0,3,3.1,37.9,82893
4,4,3986,37,2,3,7.6,4.9,631070
1,1,3009,7,1,1,1.3,33.2,381327
2,1,1419,0,0,3,6.6,1.9,299246
3,2,613,53,0,2,7.8,41.8,108647
6,5,4004,48,1,1,5.3,9.6,579969
2,1,1491,48,0,3,9.4,26.3,270202
2,2,4339,23,1,1,7.4,13.8,652906
3,2,1758,46,1,2,7.7,36.4,293142
2,1,3926,6,1,1,2.8,16.7,495155
3,3,1014,18,2,3,8.0,36.5,247965
1,1,3696,21,1,2,8.5,15.0,572389
3,3,4934,56,3,2,4.3,37.9,666939
3,3,3084,54,0,3,2.9,2.5,431836
4,3,567,59,2,3,4.5,14.9,152047
3,3,2096,34,0,3,7.7,25.4,312832
3,2,4978,29,2,1,4.8,3.2,686961
6,5,518,28,3,1,7.6,10.1,230032
1,1,3230,21,2,1,2.0,46.8,389953
4,3,4021,10,2,3,8.3,48.9,622205
6,5,1072,19,2,3,3.3,37.2,222620
5,5,2758,28,0,1,3.2,13.4,404724
1,1,3402,50,1,2,6.3,13.8,489691
1,1,1150,40,0,1,1.6,32.6,117013
5,4,3087,41,1,2,1.2,6.8,431434
3,2,3762,33,0,3,3.3,47.5,496013
6,5,1838,0,3,3,5.8,12.0,368867
2,2,4134,30,3,1,9.2,50.0,578971
4,4,3327,29,2,1,8.6,25.3,559465
2,1,2717,47,3,3,5.4,38.8,375099
5,4,4039,17,2,1,1.3,1.1,580060
1,1,1537,54,1,3,5.8,44.5,186253
1,1,4883,57,3,3,7.3,14.2,629439
4,4,4478,16,1,2,4.1,33.7,622963
1,1,3461,37,0,1,2.0,40.5,399410
1,1,3726,13,1,3,3.5,9.0,512896
4,3,1598,22,0,1,7.9,22.7,340490
6,5,2824,24,1,2,4.2,25.2,419984
6,5,1439,14,1,2,8.3,16.3,339626
4,3,4216,45,3,1,3.9,24.6,604338
5,5,3914,55,1,1,2.5,16.6,509422
1,1,1948,21,3,3,4.9,18.7,300765
1,1,1070,2,3,2,5.1,33.8,171197
5,4,3404,55,2,2,1.1,32.0,485903
6,5,3005,54,2,2,2.1,12.4,398254
3,3,1417,18,0,1,2.7,45.0,212605
3,3,2374,56,1,3,2.0,43.3,275170
3,2,2178,43,0,1,4.1,25.9,282773
6,5,1115,33,1,1,9.7,22.2,315547
6,5,2249,34,2,1,5.6,19.5,378538
5,4,4325,49,2,3,6.6,35.7,638583
1,1,4688,0,1,1,4.2,33.9,634761
5,5,2977,51,1,2,3.9,10.6,448699
5,5,4005,20,2,2,1.2,33.9,558986
6,5,3975,28,2,2,5.5,13.4,611993
3,2,1635,5,0,3,5.4,1.9,304188
2,1,4500,36,2,1,2.4,35.3,546808
1,1,874,0,1,3,7.9,32.6,240071
6,5,706,50,0,1,5.4,21.1,193396
3,2,1819,0,1,2,4.1,26.8,303877
2,2,1641,26,3,1,2.3,47.4,236122
2,2,3190,20,0,1,6.0,30.2,436110
6,5,3755,52,1,1,7.8,33.2,586873
4,4,589,15,2,3,3.5,4.1,206836
1,1,4608,43,3,1,3.0,9.1,568630
2,2,3520,58,1,1,5.7,15.7,490120
6,5,2357,53,0,1,2.4,27.4,336004
6,5,1304,39,1,3,7.0,39.1,268487
3,2,1444,25,3,3,6.4,16.7,269586
4,3,3289,15,0,3,1.8,18.5,470249
1,1,4375,27,3,1,1.3,13.6,555647
5,5,2110,0,1,2,6.6,13.5,397682
3,3,3423,35,2,2,3.6,47.5,466311
2,1,4382,9,2,2,1.8,32.1,556772
2,2,3721,42,1,1,7.8,8.6,532754
3,2,4891,16,1,2,3.8,36.4,645446
6,5,2887,56,1,2,5.1,36.4,432869
2,2,1441,58,0,2,3.1,33.7,150835
4,3,3066,22,3,1,6.6,7.6,489057
1,1,1475,6,3,2,3.7,21.0,220408
4,4,1454,43,3,2,9.7,6.2,311516
2,1,1762,52,1,1,7.3,41.0,275765
5,4,1443,6,3,3,2.2,33.1,250805
1,1,2702,43,1,2,4.8,25.9,381506
1,1,3827,14,0,3,4.5,17.8,482305
3,2,4774,33,2,2,5.8,10.0,665397
3,3,2759,45,1,1,8.6,6.2,440949
5,5,2328,44,1,3,6.3,48.5,344772
6,5,1757,3,2,3,1.6,10.8,318153
1,1,964,13,2,3,6.9,3.9,199686
5,5,3794,13,0,3,1.1,48.1,502884
3,2,1730,15,3,2,8.0,27.9,348490
3,3,3154,6,1,2,7.0,40.0,485664
1,1,1384,31,3,3,3.8,3.1,243403
4,3,4305,18,1,2,3.6,28.8,606922
2,2,4356,1,0,3,8.2,20.5,641442
3,2,3635,9,2,3,8.1,38.8,541471
6,5,1424,49,0,1,4.2,2.9,255261
6,5,2046,16,2,3,3.7,20.7,352087
3,2,1594,36,3,2,6.0,40.2,254237
4,3,2911,11,3,3,1.1,26.6,428450
4,4,3117,5,0,1,1.7,28.0,435091
5,5,1262,21,2,2,2.1,5.8,216887
6,5,2823,31,0,1,2.7,7.5,408323
5,4,4645,40,2,1,5.6,34.2,631704
6,5,3275,19,2,3,9.9,34.1,578213
2,1,3655,0,3,1,6.9,49.0,547279
2,2,4470,53,3,1,1.6,35.9,553579
1,1,2540,46,2,2,5.7,25.2,348206
5,4,1083,52,2,1,5.5,43.0,202249
3,2,4831,57,2,3,2.3,6.1,603123
5,4,2603,5,3,3,9.3,23.0,471646
3,2,2442,18,3,3,5.0,15.1,412017
4,3,4955,17,1,1,10.0,6.1,782905
5,4,609,5,2,2,4.8,38.4,165853
4,4,691,44,1,3,6.5,26.0,185223
2,2,1403,32,2,1,1.9,28.3,206818
2,2,1361,22,3,3,5.1,21.2,223306
1,1,1583,22,1,3,3.1,23.6,208825
5,4,1149,25,1,2,8.5,6.7,330659
4,3,4634,12,0,3,8.1,34.0,660126
3,2,4111,6,2,2,8.4,22.2,622466
2,1,1136,14,3,1,7.5,41.0,220400
2,1,1536,43,0,3,8.5,10.6,249049
3,2,4631,26,0,1,2.8,11.0,604460
4,4,2648,25,2,1,5.1,32.6,407012
4,3,4365,32,0,1,7.2,42.5,611611
5,5,3657,14,2,3,6.7,24.1,581446
5,5,4087,35,0,2,7.4,36.6,594232
6,5,3794,44,2,3,3.0,50.0,514815
6,5,4761,54,3,1,1.9,49.5,610929
1,1,2930,26,2,2,9.3,37.5,434241
2,2,2379,56,2,1,6.0,37.2,323578
5,4,4466,4,1,2,2.4,13.1,609132
4,3,4213,1,3,3,8.1,41.8,659498
3,3,4626,54,3,2,9.2,20.9,690362
4,3,4606,57,3,3,2.5,48.1,590811
2,1,2511,32,0,1,8.4,5.0,438369
6,5,3873,15,1,2,9.4,22.4,622001
4,4,2643,22,3,1,9.4,28.2,491852
1,1,3000,37,0,2,9.2,20.9,448166
2,2,1789,54,0,3,5.9,11.3,285068
6,5,1947,15,0,2,4.2,30.1,344146
3,2,3699,13,1,2,1.1,38.0,458838
6,5,2443,28,0,3,1.5,32.6,334840
1,1,3683,25,1,3,4.9,12.5,491232
2,2,3716,34,2,3,4.6,36.8,465255
3,2,3636,14,0,2,2.7,13.6,501921
1,1,3818,2,3,1,4.6,9.6,552493
6,5,3282,22,0,2,2.6,34.8,493134
1,1,1490,28,2,2,8.6,42.3,274301
2,1,2653,33,2,1,3.7,24.6,373883
5,4,725,32,0,3,6.4,27.0,193347
1,1,1276,40,2,2,5.5,15.8,226127
1,1,3337,40,1,1,1.5,25.2,417467
6,5,1187,22,1,3,9.5,7.5,332294
6,5,1029,6,0,3,5.7,47.8,226170
3,2,3942,2,1,2,3.9,40.2,531808
6,5,2653,57,1,3,2.4,33.7,391787
4,4,1794,31,3,3,4.0,27.4,299501
2,1,2026,30,0,1,1.2,39.8,248485
2,1,3396,17,2,1,4.3,25.2,501745
5,4,3603,42,0,3,5.8,15.7,552228
5,4,2940,6,1,1,8.8,8.9,532723
2,1,4635,40,3,3,7.2,32.7,652508
5,4,4302,0,0,2,2.0,46.5,557074
3,3,1344,13,0,1,2.3,8.5,201998
6,5,946,51,1,3,4.9,9.8,209503
2,1,4415,31,1,3,2.8,22.2,576524
5,5,3609,5,0,1,1.3,40.5,474647
2,1,1734,38,1,1,8.2,15.4,303378
4,4,726,9,1,2,1.2,13.4,159611
1,1,4643,6,1,3,8.5,31.4,647044
6,5,3459,25,1,2,2.3,27.2,484813
2,1,2330,33,1,2,9.8,4.0,415717
1,1,4279,29,3,2,6.4,5.0,606069
5,4,686,35,1,1,7.6,32.5,194138
1,1,3377,20,2,2,2.0,23.8,414552
6,5,3035,59,0,1,8.8,48.6,468735
2,2,2432,16,3,1,8.6,34.2,438213
4,4,3424,32,3,2,6.9,1.5,545974
5,5,1348,9,1,2,5.5,24.6,262304
2,1,2532,50,0,3,7.5,21.3,396961
6,5,1752,46,2,2,1.1,6.2,294717
5,5,2381,41,1,3,6.3,46.2,387941
3,3,769,50,0,2,8.6,40.4,156708
1,1,2130,11,1,2,4.2,12.3,296547
6,5,4905,55,1,2,2.0,13.5,628789
3,2,3703,15,1,2,4.8,2.6,547527
2,2,2074,40,1,3,7.5,15.5,366334
4,3,3392,31,1,3,2.0,29.6,462686
5,5,2195,14,1,2,2.9,21.6,387054
1,1,3758,26,1,2,2.3,48.5,444547
5,5,3762,27,2,3,8.2,3.7,615486
2,2,1945,16,3,1,1.6,30.0,271526
5,4,719,45,2,1,7.2,43.1,184855
1,1,552,58,1,1,4.3,24.6,96349
2,2,2257,49,1,3,7.8,1.1,367636
5,5,2166,57,2,3,9.7,12.9,397451
4,3,3285,1,2,1,2.0,16.9,437271
6,5,1219,35,3,1,3.8,48.3,239216
2,2,905,49,2,2,8.3,45.7,180686
6,5,2794,6,3,3,3.4,47.5,419366
2,1,571,12,1,3,2.9,41.5,92240
4,3,2553,14,0,1,8.4,18.2,470662
6,5,1729,24,0,1,9.9,45.4,332378
3,3,2067,22,0,3,6.0,49.1,331791
1,1,4182,59,0,2,3.5,18.2,522526
3,2,3453,21,1,1,4.6,13.8,514937
5,5,4982,25,0,3,2.5,27.8,665759
4,4,1198,32,2,3,7.9,10.2,260621
3,2,1326,10,2,2,8.0,2.6,320442
2,1,848,9,0,2,8.9,47.3,189500
5,4,4408,24,2,1,1.2,46.4,593284
5,4,807,36,3,1,6.1,9.0,240445
3,2,3916,47,1,1,2.9,21.0,523002
3,3,2834,42,0,3,4.1,41.7,423951
4,3,3309,52,0,1,8.1,33.4,492020
1,1,4058,37,1,3,2.7,20.3,539195
3,3,4978,40,2,1,6.7,37.5,674042
3,2,3977,44,1,2,6.9,45.0,556302
6,5,3186,23,1,2,9.6,46.4,525416
2,1,3485,39,2,3,8.0,19.6,530493
6,5,775,45,1,2,8.2,9.5,251936
6,5,3047,55,2,3,5.8,45.7,427379
5,4,3264,32,2,3,2.7,5.5,475213
1,1,836,16,1,2,4.8,36.4,151736
2,1,2473,23,3,3,5.9,7.9,361364
4,3,3479,36,2,2,7.1,20.1,532360
4,4,4468,56,1,1,6.5,21.2,644412
3,3,1410,1,2,1,4.5,8.8,296531
3,3,2496,31,3,2,3.4,46.2,338521
4,3,3629,56,3,2,2.5,1.1,531704
3,2,4704,59,0,2,7.2,44.8,643924
1,1,4257,23,2,2,6.8,44.3,539635
6,5,827,8,2,1,7.2,16.5,260536
3,2,2299,3,1,3,4.4,35.5,354981
5,4,814,16,2,3,3.4,13.4,231048
3,2,4045,16,0,1,7.8,38.2,582461
2,2,1634,52,3,3,8.0,28.5,321725
1,1,3246,49,3,1,5.1,15.7,432704
2,2,2020,47,0,3,6.5,20.6,285032
2,1,655,29,2,2,4.4,34.8,117035
5,5,2224,39,2,2,7.3,45.4,410357
1,1,3843,57,0,2,8.5,7.4,560960
1,1,1386,10,1,1,7.2,29.0,289256
1,1,3573,20,3,1,5.6,13.4,485393
1,1,3305,20,0,3,5.1,40.3,457665
1,1,1221,17,0,3,6.8,4.4,252725
5,5,1412,54,2,3,7.1,34.8,280517
3,2,3857,28,3,1,6.0,9.6,583692
2,1,1370,23,2,3,6.6,30.2,255435
1,1,4608,9,0,2,1.9,41.9,565718
3,2,997,44,1,3,9.6,38.0,242881
3,2,2256,16,3,2,8.1,37.9,408850
2,1,1617,17,0,1,4.4,26.4,241687
5,4,3909,41,0,2,6.1,44.6,581539
4,4,3328,47,1,2,1.4,29.8,427534
4,3,2147,19,0,2,1.4,46.0,314834
3,2,3483,36,0,1,3.3,27.8,430921
6,5,642,44,3,1,7.2,25.8,196763
6,5,3261,17,3,1,8.7,11.9,556959
2,1,3935,16,3,1,6.0,27.7,576060
4,3,2931,8,2,3,5.8,7.9,468581
3,2,2348,13,1,1,4.6,43.6,366340
5,4,3196,48,3,2,2.5,34.1,436401
4,4,2217,28,2,1,2.1,49.7,311459
3,3,3572,30,2,3,7.8,5.5,576905
3,3,1567,3,1,3,9.3,12.8,327893
1,1,3286,17,1,3,5.1,44.0,417396
5,4,4291,58,0,2,6.9,20.4,620138
1,1,1788,19,2,1,9.2,23.8,320852
2,1,4371,55,3,1,1.8,43.2,533687
1,1,2306,55,1,1,7.9,26.6,317455
1,1,2004,46,2,2,6.6,10.5,311690
4,3,3808,42,3,2,6.4,44.7,545372
6,5,3451,43,2,3,3.6,2.5,485022
3,2,571,8,1,3,7.2,44.9,184599
5,4,2190,12,0,1,8.2,3.5,401024
1,1,1844,14,2,2,2.0,33.6,272152
5,4,3803,26,3,2,5.8,4.5,583300
6,5,3613,14,1,1,1.9,35.6,494229
6,5,1382,27,0,1,8.9,2.7,308392
1,1,4734,36,3,3,5.6,42.3,646119
2,1,3162,54,3,3,8.3,23.8,489410
1,1,2004,18,3,3,4.3,5.6,348172
4,3,2963,25,2,1,2.1,35.6,398829
3,3,3053,51,1,1,1.4,25.0,381511
2,1,1232,25,3,3,3.5,10.4,190682
1,1,2248,24,2,3,3.2,1.8,320090
5,5,4424,25,1,2,6.0,21.5,654281
2,2,923,25,1,2,1.2,5.2,153921
2,1,3978,45,2,3,5.7,5.6,593921
1,1,2091,27,2,3,4.5,14.1,283435
2,2,4985,48,3,2,6.2,31.9,677345
5,5,4937,17,1,3,7.3,27.0,725756
6,5,992,31,0,2,6.7,4.4,259777
2,2,691,52,2,2,9.9,48.5,181148
6,5,998,2,1,2,2.2,44.5,194474
5,4,1756,1,1,1,4.9,13.7,308174
1,1,2468,32,3,1,4.8,7.0,343508
3,2,4822,41,0,3,4.8,47.2,614571
2,1,2686,18,3,2,7.0,23.6,400762
3,2,1316,16,0,1,5.4,16.2,236191
5,4,3720,43,0,3,5.7,25.0,535900
2,2,1973,32,2,3,4.9,38.9,253062
6,5,1586,11,1,3,9.9,9.3,422228
4,4,4699,48,1,3,9.3,38.6,688761
3,3,2374,55,1,3,3.8,37.7,281063
2,1,1370,2,0,2,2.0,27.4,198758
3,3,2542,42,1,3,8.6,43.4,402133
2,2,772,48,2,2,10.0,7.5,201835
1,1,1529,54,0,1,3.6,30.2,193106
6,5,3718,25,0,3,4.2,23.0,531428
3,2,4569,34,0,1,9.5,21.7,665697
4,3,1551,7,0,2,7.4,13.4,302394
4,3,4533,51,2,2,3.7,19.2,594595
5,4,2073,35,1,1,6.2,6.3,368194
2,1,3690,52,2,3,9.5,13.3,532716
3,2,4888,53,1,3,8.3,14.3,694489
5,4,4297,6,2,1,7.7,36.3,664938
3,2,3789,45,3,1,7.6,3.4,598443
2,1,4247,45,3,1,2.6,32.9,553134
4,3,2605,35,3,3,8.4,11.8,487546
1,1,807,15,3,3,3.5,5.0,163467
4,3,3859,23,0,3,9.4,15.7,589725
5,5,3676,53,0,1,4.3,12.0,534778
6,5,1751,0,2,3,8.7,28.0,382004
1,1,3247,48,2,2,3.4,18.5,421897
5,5,2017,24,3,1,5.6,48.3,359986
2,1,1878,9,1,3,2.0,48.2,281312
1,1,2461,53,3,1,6.9,22.7,376138
5,4,4805,15,2,2,8.5,40.0,723621
2,1,3363,15,3,2,7.5,1.7,512652
4,4,3156,57,2,1,5.7,27.8,481806
6,5,2994,7,3,1,1.4,37.4,447371
2,2,4505,28,1,2,9.4,11.6,662059
3,3,4063,38,3,1,7.3,4.0,605647
2,1,1422,27,1,2,7.7,8.6,268758
2,1,4732,5,1,2,8.2,22.7,681336
6,5,4962,15,2,3,7.7,25.8,731284
3,2,3459,19,1,1,5.0,19.7,514514
5,4,683,15,0,1,7.6,22.6,228768
5,4,3858,6,0,3,6.6,24.0,588615
2,2,1898,40,0,2,8.7,38.7,303748
3,3,3296,13,2,1,8.2,6.2,538043
3,2,1036,42,0,3,1.4,38.7,133284
6,5,1773,25,2,3,4.4,34.7,316484
4,3,3467,25,2,1,1.3,37.3,469900
5,4,3549,13,0,3,1.9,37.0,457879
6,5,1596,6,1,2,6.4,24.1,320810
1,1,1805,32,3,3,8.9,11.4,354640
5,4,1415,25,2,2,2.1,27.3,245742
6,5,3581,56,0,2,5.1,47.9,487253
5,4,4747,44,2,1,9.2,29.8,714953
4,4,1528,19,1,3,8.3,1.5,327398
1,1,2477,2,1,2,5.7,3.9,383441
4,4,3854,51,0,2,7.9,49.7,566276
1,1,3011,3,2,3,5.7,4.5,480146
2,2,770,25,3,2,2.4,3.3,164057
6,5,1686,10,3,3,2.1,18.3,294232
1,1,4700,1,2,1,2.7,48.5,581149
4,4,4264,13,2,2,4.2,16.6,616224
5,5,2898,43,2,2,9.4,21.1,530787
1,1,4735,29,0,3,8.2,32.1,616427
6,5,4682,48,1,3,4.9,2.2,666339
1,1,2211,11,3,3,5.4,45.0,354295
3,2,2730,25,0,3,3.4,26.5,402607
5,4,628,43,2,2,7.3,23.9,199276
6,5,1769,32,2,1,8.2,43.2,375929
6,5,4172,12,1,1,3.2,47.7,563880
2,1,2101,13,2,1,1.4,21.7,255272
4,4,4470,23,0,1,6.6,9.4,664644
2,2,4744,33,0,3,6.1,41.0,650760
6,5,1127,43,1,2,4.6,20.8,259267
5,4,4297,25,0,2,6.8,46.8,597165
1,1,2544,20,3,2,6.0,47.5,372299
1,1,4052,27,0,3,3.3,6.6,543918
5,5,2841,47,0,2,4.6,47.9,407795
6,5,3714,35,0,3,4.9,19.0,578714
1,1,749,39,3,2,8.9,32.7,182123
1,1,3425,1,2,1,9.6,2.7,553744
1,1,1474,41,0,3,9.0,44.6,254331
4,3,1825,8,1,2,7.5,32.4,354907
4,3,1483,22,3,1,6.3,32.5,282412
3,2,1388,14,1,1,7.2,45.2,270129
2,1,3437,12,0,1,9.5,25.9,551820
5,4,2617,22,1,3,3.2,21.1,392622
5,5,3172,16,0,3,5.8,43.4,480117
5,5,1826,47,3,2,7.2,37.4,358914
3,3,970,59,1,1,7.1,47.5,213054
4,3,2487,1,1,2,3.3,47.1,372881
6,5,590,19,0,2,6.3,19.7,185828
6,5,1029,19,0,1,8.2,22.9,272284
3,2,4559,58,2,2,5.3,13.5,638037
6,5,3273,45,0,3,8.1,33.4,507113
5,4,2186,2,0,2,4.2,18.9,345486
2,1,691,54,2,1,9.4,39.5,165081
1,1,2486,11,0,3,5.8,7.0,392693
4,3,4123,39,0,3,6.4,6.7,576714
4,3,2685,1,2,2,1.3,11.0,384697
3,3,4940,35,3,2,2.5,5.1,671011
4,4,1508,13,3,3,6.7,31.4,333041
5,4,4283,15,0,2,4.8,8.2,628954
6,5,4798,18,0,1,5.6,8.8,708515
5,4,4787,33,2,2,1.6,1.7,672172
3,2,2552,43,2,2,8.5,39.3,435819
5,5,3808,45,3,3,8.1,40.8,618784
6,5,2216,5,1,2,2.7,8.9,339042
2,1,810,12,0,2,6.7,37.2,171483
3,2,1760,35,1,2,8.4,22.2,338208
2,1,4432,21,1,1,6.8,12.7,652856
1,1,3768,17,2,2,3.8,31.4,508862
2,1,1084,11,0,1,6.9,9.7,208078
1,1,3299,51,0,1,2.9,38.1,373454
1,1,859,58,2,1,3.9,3.3,130402
2,1,3366,53,1,1,3.2,48.0,409185
3,2,2511,29,2,3,6.0,4.5,403814
6,5,4506,52,3,1,2.0,29.4,552890
5,4,2125,50,0,2,9.4,45.2,348422
5,4,3264,39,3,1,4.0,1.6,492036
6,5,1390,6,2,2,3.0,25.4,248982
1,1,1231,31,0,1,5.5,18.2,175384
1,1,4461,47,3,3,3.5,29.4,608404
3,3,3004,18,3,1,5.8,12.0,473657
4,4,1114,5,1,1,4.1,4.2,233025
2,1,4306,19,0,3,2.2,31.7,551259
1,1,2219,26,3,1,3.4,21.4,332885
5,5,2087,52,3,2,4.9,31.5,387721
3,3,2111,42,1,1,1.3,11.3,315035
2,2,1396,36,3,1,7.9,17.6,285897
3,2,777,47,3,1,6.6,28.5,152789
2,1,2136,6,3,3,6.4,30.1,341572
2,2,2658,58,1,1,5.9,19.2,369505
6,5,2932,4,3,1,6.3,14.7,520534
1,1,4404,10,3,2,9.4,14.4,667591
3,2,3762,14,0,1,1.1,9.6,459803
3,2,1949,2,0,1,1.4,16.9,244555
6,5,1732,57,1,1,2.7,10.8,286365
5,5,4617,4,2,1,2.5,32.1,641224
5,5,1177,22,0,2,2.6,28.9,205724
1,1,3158,52,1,2,7.0,19.7,453225
1,1,2528,36,3,3,5.1,17.0,398254
4,3,4258,8,3,1,9.9,12.6,692739
6,5,2537,14,1,3,3.0,27.2,385804
5,5,3149,2,3,3,3.8,46.0,517903
2,2,1156,28,3,1,9.9,34.6,260365
3,3,665,5,2,2,8.5,37.5,210549
1,1,1089,16,3,2,5.2,41.9,180545
3,3,3321,25,0,1,6.0,18.2,464493
3,2,4758,20,3,1,8.6,4.1,699885
4,3,1762,7,1,2,5.3,31.5,286151
5,4,571,20,2,1,2.9,10.2,106396
1,1,4016,56,3,1,8.5,28.9,561873
3,2,4080,10,1,1,5.8,37.2,588733
1,1,768,37,0,2,2.4,39.4,70252
2,1,2276,7,3,3,5.6,15.8,422962
4,4,2962,41,2,3,4.7,26.1,469533
2,2,1768,23,3,1,8.9,31.4,330589
1,1,1515,34,1,2,2.1,41.2,162091
1,1,3222,54,2,1,8.9,38.3,432368
5,4,1583,13,3,2,5.6,49.4,296904
3,2,4601,54,0,1,4.6,1.4,613501
3,3,906,13,2,2,2.5,22.4,169784
2,1,3576,9,0,2,7.3,13.5,548819
4,4,1485,11,1,3,9.3,6.9,376143
6,5,4103,37,3,1,4.4,45.7,592677
3,2,4985,43,0,3,3.2,49.9,626047
5,5,1209,54,1,3,6.0,9.8,255046
2,2,3118,45,3,2,8.2,2.9,497753
2,1,1911,33,1,1,1.0,14.5,249754
6,5,1985,40,0,2,6.7,41.9,336161
5,5,3450,9,1,2,6.4,15.4,564598
4,4,3434,57,2,2,3.9,3.8,476199
5,4,4614,16,3,1,5.1,3.6,673796
4,4,1503,16,1,1,3.2,21.9,236033
5,5,2966,2,0,2,8.1,46.7,475665
5,5,2966,30,3,1,6.7,15.0,491271
1,1,2438,50,2,2,5.8,21.9,368072
2,2,2439,0,3,1,4.5,6.0,394023
5,5,2135,11,2,1,3.6,25.2,332804
6,5,2198,38,3,3,8.4,35.1,394476
5,4,2591,3,1,2,5.1,14.3,425955
3,2,2395,41,1,3,5.5,15.5,384544
2,1,4740,12,0,3,5.7,42.3,654298
3,2,3898,33,2,2,5.0,1.5,534544
2,1,1573,41,0,2,3.3,32.2,213770
3,3,2902,20,1,1,2.1,20.3,387763
5,5,3712,21,2,2,1.9,15.6,524150
5,5,4537,56,0,3,7.8,33.2,635912
1,1,1651,3,0,3,3.0,41.9,219981
6,5,2945,17,0,2,1.5,28.4,399558
3,3,2456,4,0,3,8.2,2.5,434648
4,4,4407,18,0,1,2.4,23.6,604460
1,1,1307,1,2,3,6.6,23.7,267178
3,3,686,11,0,1,4.0,27.6,179624
3,3,1807,16,2,3,2.1,33.9,280273
1,1,2784,9,0,1,4.7,1.9,404028
5,5,1257,33,1,1,1.1,25.6,210113
3,3,4731,5,1,2,8.6,29.8,683727
5,5,4354,7,0,1,5.6,17.8,602930
1,1,4766,50,3,2,2.3,33.7,598280
5,5,2706,10,1,3,3.1,12.2,398253
2,1,4058,56,2,3,5.0,16.6,567689
4,3,2080,11,0,3,2.7,48.2,309373
3,2,1461,8,2,1,3.4,18.1,233793
6,5,4347,1,3,3,5.8,18.0,674521
4,3,4075,7,0,3,8.5,30.2,621363
5,4,1375,57,1,2,4.6,48.6,205737
3,3,2918,10,2,2,7.5,49.2,464986
5,4,4698,59,1,3,8.9,29.4,701835
2,1,1501,52,1,3,2.9,1.1,197465
1,1,3884,35,0,1,8.3,45.1,510335
3,3,4566,9,2,1,7.8,28.9,669504
2,1,3345,20,3,3,4.2,18.9,499333
2,2,1981,19,1,2,9.9,41.6,364625
3,2,3801,47,0,3,3.4,20.6,455848
5,5,1157,7,0,1,3.3,2.7,235768
6,5,3280,35,3,2,8.0,41.2,545526
2,2,922,28,0,2,4.9,27.7,150186
4,4,4181,41,1,1,4.0,17.6,557997
2,1,4766,11,0,3,2.6,13.3,605535
6,5,3210,13,2,3,7.9,30.1,541435
5,4,952,47,2,3,8.1,11.2,242384
5,4,2897,53,1,1,6.1,16.9,458413
4,3,2475,49,2,2,9.6,32.2,410745
2,2,2157,20,3,1,3.9,44.2,290194
5,4,3041,21,0,3,3.0,27.1,431173
6,5,3575,20,1,1,7.1,38.2,582230
3,3,3664,43,3,2,7.8,38.4,554531
1,1,3466,49,0,1,3.0,33.6,423567
1,1,2553,29,3,3,1.7,13.0,349950
1,1,787,38,1,2,8.3,43.5,147352
2,2,3717,19,1,1,9.8,22.4,559679
4,3,4354,23,3,1,6.8,3.2,645192
5,5,1947,22,0,2,3.5,13.0,344709
3,3,1107,6,2,2,10.0,38.5,284387
6,5,2264,8,2,3,9.0,4.4,440831
3,2,1725,0,3,2,5.6,8.2,357016
6,5,1735,25,1,3,8.4,35.0,352346
2,2,1529,37,0,1,8.3,44.7,267359
1,1,3171,37,0,3,9.4,32.1,489578
2,2,4462,53,1,1,8.6,11.9,587829
4,4,3677,43,2,2,6.8,3.6,576246
4,4,4222,21,0,1,6.5,31.1,598385
6,5,1975,43,3,2,5.2,3.3,329423
5,5,3396,9,2,1,6.6,31.0,519576
5,5,1308,54,3,1,8.2,12.1,294618
6,5,1478,57,2,1,9.7,45.3,329775
4,4,2963,5,1,1,5.2,24.3,455431
4,4,1225,16,3,3,6.2,12.0,289442
4,3,3001,50,3,1,5.0,42.8,421505
2,1,3862,49,1,3,7.0,13.4,567061
4,3,1716,37,3,2,6.7,16.0,336311
3,2,4551,23,2,2,1.2,41.9,571674
1,1,2697,50,0,3,5.9,16.1,355604
4,4,3306,9,0,2,1.8,21.1,458155
6,5,1278,55,1,2,1.2,18.0,258855
1,1,1472,7,2,1,8.1,6.7,309841
2,2,3310,20,3,1,3.3,2.9,460501
6,5,2623,55,3,1,4.1,36.5,432693
1,1,1098,5,0,3,1.6,32.6,132491
6,5,3841,20,3,3,2.6,14.8,587295
2,2,724,56,0,2,7.9,15.5,168746
3,2,1340,38,1,1,5.4,47.3,213735
2,1,2314,23,3,3,8.9,49.4,389414
2,2,1606,32,2,3,4.6,24.2,256607
6,5,624,58,3,1,3.4,40.3,139835
5,5,3746,17,0,3,4.1,37.1,512480
4,4,3431,55,1,1,7.4,15.6,497994
4,4,4625,27,0,2,6.0,3.9,673656
3,3,3471,56,3,2,9.1,8.0,541896
3,3,2517,51,0,2,6.4,42.1,345433
4,3,2915,31,0,1,5.4,36.8,468874
5,4,3596,11,1,3,8.1,33.6,618748
4,4,2109,47,2,2,9.5,7.4,417747
5,4,1217,41,3,2,4.2,32.4,247973
3,3,4061,26,1,2,3.2,38.8,519015
1,1,1516,9,2,3,6.5,43.2,238202
6,5,4065,45,0,3,5.5,1.6,604234
3,2,4970,56,2,1,9.9,34.5,706006
3,2,2460,51,0,2,5.2,1.9,379822
2,2,1548,41,0,3,1.7,35.6,157732
2,2,1857,31,1,1,9.8,32.1,371730
2,1,3926,41,0,2,8.6,8.3,576477
6,5,615,25,1,3,2.6,38.5,123307
2,2,2595,24,2,3,9.1,4.3,458053
5,4,2301,10,2,1,4.1,41.5,347473
4,4,2646,22,0,2,4.4,13.8,388475
1,1,2120,33,1,2,9.2,34.8,325564
3,3,3450,56,0,3,5.8,46.3,459027
5,4,4292,51,1,2,2.2,17.7,610046
1,1,3441,39,1,1,4.3,25.6,446533
5,4,1477,22,1,3,7.5,23.7,326562
5,5,3566,28,2,3,2.6,8.7,542847
3,2,1283,30,1,1,6.3,29.9,230159
4,3,740,6,2,3,7.3,37.4,194466
2,1,2053,39,1,2,4.1,45.9,242577
6,5,1512,32,2,2,7.2,42.7,303054
4,4,686,20,3,3,9.0,26.0,262612
6,5,2381,1,2,1,5.2,36.2,426960
3,2,930,17,2,1,4.4,40.2,179178
3,2,738,46,0,2,3.3,25.2,128940
3,3,2845,32,1,1,6.4,6.7,441667
1,1,575,36,3,3,8.9,22.5,173790
6,5,1856,33,0,3,3.9,42.3,287871
4,4,2830,19,1,2,4.6,30.2,399319
4,3,2402,34,3,2,4.7,36.5,402905
5,4,4513,50,3,2,6.0,10.1,668145
5,5,2559,49,3,1,3.1,48.3,357782
5,5,640,53,1,3,8.4,20.8,245940
3,2,2289,17,3,3,3.7,33.0,385198
4,4,4126,45,3,3,7.3,1.9,689172
6,5,516,23,0,2,5.6,7.2,186286
3,3,4848,7,2,3,6.3,39.3,688275
1,1,964,29,1,1,2.6,48.4,126651
5,5,4971,43,2,1,7.6,16.7,761676
3,3,2327,52,0,3,2.7,2.8,330270
3,2,3528,9,2,2,2.0,18.7,465569
1,1,1019,22,3,3,5.9,1.9,211076
2,2,589,51,3,1,7.4,10.4,192537
4,3,3351,48,1,1,1.5,37.9,429606
6,5,3343,10,1,1,1.6,46.9,458008
2,1,2384,1,1,3,8.2,5.3,415645
5,5,4671,57,0,1,8.3,28.3,668914
3,2,1425,25,1,2,3.2,13.4,255043
1,1,4234,35,0,3,6.5,7.8,570072
1,1,1469,32,3,3,5.0,11.7,231718
4,4,1594,46,2,1,6.7,29.3,323265
2,1,3695,12,3,1,8.8,4.2,584489
4,3,1904,39,3,2,1.7,22.3,282455
3,2,3864,24,3,3,8.0,7.6,618279
4,3,4790,3,1,1,5.4,14.4,666958
6,5,4482,41,1,2,6.1,10.3,679397
1,1,4823,18,1,1,6.9,44.3,632283
1,1,4513,17,2,3,9.3,35.7,673711
5,5,3592,36,1,1,1.5,43.6,441115
5,5,4659,29,0,3,1.3,19.8,626144
3,2,2574,18,3,1,2.6,16.4,371084
6,5,784,57,2,3,9.9,19.6,249014
2,2,1687,22,2,2,7.4,1.9,338825
4,3,4469,58,2,3,6.5,36.5,620983
3,2,3465,53,2,2,1.4,18.1,450957
5,5,4819,15,2,3,8.9,16.4,776924
4,4,1283,0,0,2,8.3,30.3,303738
5,4,1449,11,3,1,7.0,22.4,298731
4,3,4439,23,2,3,4.1,49.1,591506
2,2,544,33,3,1,1.6,18.5,109597
3,3,2310,52,1,2,6.2,31.1,364069
4,4,2581,56,2,3,7.5,16.3,423793
6,5,3998,7,2,3,1.8,49.5,560668
1,1,1329,17,3,1,6.7,22.8,252927
6,5,2409,56,2,3,3.6,32.1,377706
6,5,3081,47,2,3,7.9,7.2,508070
1,1,1191,4,2,1,5.9,36.9,186793
6,5,4519,25,0,3,2.2,14.2,586197
4,3,1431,29,0,1,5.7,23.0,257699
4,3,3906,53,2,1,4.6,44.3,496685
4,4,647,12,0,1,2.6,48.6,157534
1,1,1532,18,1,1,8.6,21.8,294255
6,5,1811,28,2,1,1.1,41.9,249913
1,1,887,2,1,2,3.8,3.6,196491
4,3,3621,25,3,2,1.1,42.5,495330
6,5,2373,39,1,1,1.9,31.8,364189
6,5,4088,58,3,2,3.7,24.9,567344
5,5,1415,57,2,2,1.5,44.6,217664
5,5,2378,57,3,3,6.4,42.4,413901
2,2,4248,11,3,1,1.8,15.6,591376
3,3,777,1,1,2,7.3,39.8,175171
5,4,2477,10,1,3,1.5,5.9,379308
1,1,2359,43,1,3,1.5,41.3,259441
5,4,3536,27,2,1,3.7,34.1,537372
2,1,3871,17,2,1,9.1,5.3,606744
6,5,2682,12,1,3,6.8,34.5,476376
2,2,1670,36,2,1,7.9,29.4,302992
6,5,989,21,2,1,2.3,30.1,207016
6,5,3025,11,3,3,8.5,15.3,536744
3,3,1682,1,3,3,1.1,14.1,266836
5,4,4979,36,1,1,2.9,38.4,652486
1,1,4758,6,2,2,6.5,13.6,658356
1,1,2988,25,3,1,4.4,22.9,400796
4,4,2376,25,0,2,9.9,35.0,416675
6,5,2962,23,2,3,1.3,4.9,441103
1,1,2130,11,0,2,10.0,30.1,366639
3,2,787,15,1,3,6.6,29.9,185917
6,5,4782,22,2,1,6.0,34.5,684031
3,3,2407,39,1,1,1.5,19.1,301869
1,1,1661,59,1,3,3.5,23.0,219149
1,1,629,8,1,3,9.3,17.2,216798
4,4,2863,31,1,3,4.2,40.6,425454
1,1,643,14,1,1,7.0,7.4,142814
6,5,515,36,2,1,10.0,48.2,228073
6,5,744,12,0,2,3.4,32.1,189395
6,5,1426,4,2,3,6.2,44.5,322341
4,4,3678,10,2,2,7.3,21.9,598572
4,3,2676,9,2,1,2.5,17.3,383577
1,1,1386,51,3,2,2.3,45.1,164272
2,1,840,12,3,2,5.1,5.8,232434
2,1,2551,40,2,1,4.5,6.7,400556
4,4,3898,52,0,1,7.4,15.7,567782
1,1,4450,45,2,3,1.6,48.0,537940
2,2,805,49,1,2,9.7,32.0,212009
1,1,1407,14,3,1,1.1,28.2,221095
1,1,3154,41,3,1,6.4,35.6,446587
1,1,4292,55,2,2,6.1,21.5,550818
5,5,4542,6,2,1,2.2,38.1,611905
6,5,1871,39,0,3,2.4,20.3,354608
1,1,820,27,0,3,8.1,41.5,148961
5,5,4559,31,1,2,9.0,14.1,705964
4,3,1631,34,2,3,3.5,14.6,320850
2,1,3078,14,2,1,4.9,26.6,423587
6,5,4542,47,2,1,4.2,22.1,591409
2,1,3867,35,3,1,1.7,32.8,436895
6,5,1317,20,1,1,7.1,18.9,285370
2,2,511,5,0,2,8.4,12.3,151870
6,5,694,0,3,3,3.7,24.0,233659
2,2,3037,3,3,3,9.9,28.5,522616
2,1,3342,10,3,1,1.7,8.0,416433
2,1,2729,43,3,2,7.0,28.3,383814
2,1,3509,25,1,1,5.0,16.6,507496
4,4,2577,36,2,1,5.0,20.2,405166
1,1,4367,22,0,2,5.1,14.7,607322
3,2,943,28,0,2,3.3,46.6,161129
5,5,797,20,3,1,7.4,34.5,214625
3,3,1344,47,3,3,7.5,13.9,299797
3,2,1515,44,1,1,3.5,32.6,226945
6,5,1884,44,3,3,8.5,42.6,338518
1,1,1897,48,0,3,3.9,20.7,229000
6,5,1053,26,0,2,7.5,41.7,292614
1,1,2850,38,2,2,2.1,8.6,355717
1,1,1769,39,2,1,2.5,41.3,224454
2,2,1760,12,0,3,3.8,27.5,262695
4,4,684,22,0,3,6.3,11.9,202785
2,2,2910,58,1,1,6.8,20.9,414114
4,4,4931,15,1,1,4.6,49.4,678371
6,5,2709,29,0,1,1.7,39.4,390473
4,4,4172,3,3,2,4.4,29.2,610972
6,5,2381,39,2,1,7.2,6.6,418112
3,3,4796,15,0,1,7.0,21.5,666571
3,2,1021,30,3,3,2.4,13.9,161343
4,4,2387,52,0,1,1.1,4.5,314478
4,3,3052,41,2,3,7.8,27.6,454112
6,5,4309,24,2,3,2.0,44.6,593451
2,2,4655,43,1,2,1.7,34.1,572738
6,5,4916,11,1,1,1.0,13.2,687119
2,2,3979,25,1,1,4.9,29.1,512955
3,2,1909,36,1,3,5.5,47.2,268318
1,1,2194,47,2,2,6.7,36.4,349254
4,4,1026,32,3,2,3.7,34.8,176430
2,1,3160,27,3,1,7.4,48.4,495896
6,5,2672,8,3,3,2.5,40.1,403382
3,3,779,11,0,1,8.5,7.7,209075
2,1,3464,4,1,1,6.1,18.0,519783
6,5,4477,53,1,1,6.3,48.3,635756
4,3,3169,51,2,1,2.9,25.0,458887
4,4,3393,53,2,3,1.7,6.5,434144
5,5,2251,27,0,2,5.2,23.5,379938
1,1,4481,55,0,1,6.5,35.2,571256
5,4,2861,34,3,1,1.9,49.9,370900
3,3,4927,4,2,1,9.6,16.9,780867
2,1,4631,33,1,1,9.8,26.2,669089
